truth_mode,target,horizon,model,regime,n,rmse,mae,crps,coverage80,coverage90,width80,width90,pit_mean,pit_var,pit_ks_p,runtime_s
first_release,CPIAUCSL,1,arima,all,237,0.4326425777051088,0.3200490239399434,0.23443217011217474,0.8565400843881856,0.9113924050632911,1.1528397614848547,1.4796538149180236,0.5200269388390767,0.06861977554562179,0.04924238934229086,262.18349579600033
first_release,CPIAUCSL,1,arima,expansion,217,0.4083955077106182,0.3077776984958554,0.22398260070125312,0.8755760368663594,0.9216589861751152,1.146132820818484,1.4710455497670698,0.5312380271450731,0.06574568000523474,0.02086374265785139,242.63657879700042
first_release,CPIAUCSL,1,arima,high_volatility,102,0.5621166843237637,0.42682063823255995,0.31206791855361266,0.7450980392156863,0.8333333333333334,1.186816952284652,1.523263067189444,0.5354844025113591,0.0932517052824241,0.3212167387145317,102.37010760399951
first_release,CPIAUCSL,1,arima,normal_volatility,135,0.29977890861942985,0.2393771375855221,0.1757740490675327,0.9407407407407408,0.9703703703703703,1.1271681062138967,1.4467046020907282,0.5083479662866858,0.05024671512368522,0.00753905661993875,159.81338819200084
first_release,CPIAUCSL,1,arima,recession,20,0.6390934956801989,0.4531929050082991,0.3478099982206738,0.65,0.8,1.2256100677149764,1.5730534918058747,0.3983866307190179,0.08789465535405935,0.3148448566297831,19.546916998999933
first_release,CPIAUCSL,1,autoreg,all,237,0.43913967177537083,0.3288952526991414,0.23943511328883743,0.8143459915611815,0.8945147679324894,1.1141522223895206,1.429998896060549,0.5219744333588989,0.07492067429802471,0.12666628165281113,2.5257850190023445
first_release,CPIAUCSL,1,autoreg,expansion,217,0.41132333024534895,0.31473351493813545,0.2275405531943525,0.8294930875576036,0.9124423963133641,1.112755678277868,1.428206451098513,0.5366682571657967,0.07123391241989314,0.02871876202900514,2.348678817002483
first_release,CPIAUCSL,1,autoreg,high_volatility,102,0.5669611477806206,0.4402843206810033,0.31877339917495345,0.6764705882352942,0.7941176470588235,1.1103052553967447,1.4250613673797263,0.5484184060759265,0.10388187396296215,0.10055755634724121,1.0071833370007064
first_release,CPIAUCSL,1,autoreg,normal_volatility,135,0.30931897918129103,0.24473462355729003,0.17949063061932752,0.9185185185185185,0.9703703703703703,1.1170588196729514,1.4337294732860595,0.5019945428615893,0.05271635420973317,0.025811799373559013,1.5186016820016381
first_release,CPIAUCSL,1,autoreg,recession,20,0.670462227481883,0.48255010740605575,0.368491090313999,0.65,0.7,1.1293047260009532,1.4494469238986398,0.3625464450540578,0.09155559195460798,0.15823873478291484,0.17710620199986166
first_release,CPIAUCSL,1,bvar_niw,all,237,0.4570173399601968,0.33170983050913316,0.24548399226963816,0.8565400843881856,0.9240506329113924,1.2306531648092958,1.5795262368515526,0.5119509562022658,0.06630438599421892,0.060708819475991826,18.673089449000038
first_release,CPIAUCSL,1,bvar_niw,expansion,217,0.42719555566933737,0.3174574982068639,0.23308458244487826,0.880184331797235,0.9308755760368663,1.2263573516778186,1.5740126203885165,0.5243164240844166,0.06284561642010902,0.018668281290307627,17.106100075000207
first_release,CPIAUCSL,1,bvar_niw,high_volatility,102,0.6051223704720774,0.45310543029394285,0.33277372872538646,0.7450980392156863,0.8431372549019608,1.2572703749805163,1.6136890562546533,0.5329895760314948,0.0934828898757143,0.4698015491496583,8.052979480999749
first_release,CPIAUCSL,1,bvar_niw,normal_volatility,135,0.30001623076700595,0.2399887106717215,0.1795317469475172,0.9407407407407408,0.9851851851851852,1.2105423837910405,1.553714328858099,0.49605511010907055,0.04572241864254102,0.0009435869698366338,10.620109968000289
first_release,CPIAUCSL,1,bvar_niw,recession,20,0.7035384827679694,0.4863476359887547,0.38001758886828263,0.6,0.85,1.2772627372858278,1.639348975475497,0.3777856296809307,0.08842078475582259,0.06796122157523321,1.5669893739998308
first_release,CPIAUCSL,1,dynamic_factor,all,237,0.47947117288959284,0.33951432024942696,0.25432138161966467,0.8734177215189873,0.9071729957805907,1.2843025902533878,1.6483845289391417,0.5111909405354367,0.06373011854448302,0.020754069447644304,1544.844016895
first_release,CPIAUCSL,1,dynamic_factor,expansion,217,0.44414280643508963,0.3214613886244579,0.24040723919362147,0.8847926267281107,0.9170506912442397,1.279816362599086,1.64262651808191,0.5250945314455894,0.060451683243690955,0.006335319092919747,1439.8660847689998
first_release,CPIAUCSL,1,dynamic_factor,high_volatility,102,0.6326157145857085,0.45586385445606853,0.3415024791313404,0.7549019607843137,0.8235294117647058,1.3161380184331168,1.6892448586479412,0.5274595626369094,0.0879251267443077,0.6734342446283728,608.8144228520001
first_release,CPIAUCSL,1,dynamic_factor,normal_volatility,135,0.31814133844884046,0.25160578329329764,0.18845121905528744,0.9629629629629629,0.9703703703703703,1.2602491556287032,1.617512279825826,0.4988990927254349,0.045615499605491217,0.0013860538679735868,936.029594043
first_release,CPIAUCSL,1,dynamic_factor,recession,20,0.7641502758151941,0.5353886283803417,0.405289826942233,0.75,0.8,1.3329781603025617,1.7108589467401063,0.3603369791602791,0.07819251617297225,0.009562594782778877,104.97793212600013
first_release,CPIAUCSL,1,elastic_net,all,237,0.6687081766297881,0.5009912559649701,0.3626370924991762,0.8143459915611815,0.8945147679324894,1.6195233211472682,2.078635679079798,0.47862827621794685,0.07956725973142947,0.4010605933676241,7.7370970599993605
first_release,CPIAUCSL,1,elastic_net,expansion,217,0.6105400191517237,0.47367939338026144,0.3404941397753304,0.8202764976958525,0.9078341013824884,1.6310910506690757,2.093482699185035,0.4955328522695113,0.07659238602337481,0.6917967956429709,7.259453063999349
first_release,CPIAUCSL,1,elastic_net,high_volatility,102,0.8628697297099068,0.6755584510239336,0.4798745593966485,0.696078431372549,0.7941176470588235,1.5440401787868234,1.9817541147140982,0.5179226953779174,0.11411777146167544,0.021406309161751694,3.1619646909987815
first_release,CPIAUCSL,1,elastic_net,normal_volatility,135,0.47168675148151507,0.36909604192041995,0.27405767306553047,0.9037037037037037,0.9703703703703703,1.6765550287084936,2.1518350832672155,0.4489391595193023,0.05205589735615878,0.00041024489837214597,4.575132369000579
first_release,CPIAUCSL,1,elastic_net,recession,20,1.1200604959014078,0.7973249650090588,0.602888129552903,0.75,0.75,1.494013455835658,1.9175455109379773,0.29521362605847107,0.07889938419232098,0.0006712597594179526,0.47764399600001095
first_release,CPIAUCSL,1,hist_gradient_boosting,all,237,0.8889445637802014,0.6501039724334646,0.49537880372086807,0.6582278481012658,0.7679324894514767,1.4656982187679077,1.8812032976076163,0.4725143482293793,0.10699082025052126,0.03350026636197512,74.66784815199925
first_release,CPIAUCSL,1,hist_gradient_boosting,expansion,217,0.8619426554845797,0.6230484558596087,0.4750813794801794,0.6866359447004609,0.7926267281105991,1.4727490470621958,1.8902529377506128,0.4849166536432027,0.1021298722869083,0.02130141112915434,69.99059356999935
first_release,CPIAUCSL,1,hist_gradient_boosting,high_volatility,102,1.1072655088624412,0.856024543748514,0.6670300742505092,0.5098039215686274,0.6078431372549019,1.418782173045246,1.8209872048307738,0.5706102549141201,0.13629594504666573,4.334608388250042e-05,28.303441373999604
first_release,CPIAUCSL,1,hist_gradient_boosting,normal_volatility,135,0.6789259118231089,0.4945195407732049,0.365686732654028,0.7703703703703704,0.8888888888888888,1.5011458977583632,1.9266999010390085,0.398397440956464,0.07284193412211401,0.0001316099028331212,46.36440677799965
first_release,CPIAUCSL,1,hist_gradient_boosting,recession,20,1.1415695775952457,0.9436563272598022,0.7156058567323391,0.35,0.5,1.3891967317748777,1.7830147020561042,0.3379493344893959,0.1470656830908216,0.0026986273899027857,4.677254581999903
first_release,CPIAUCSL,1,mean,all,237,1.9398210966085654,1.3580414346308776,1.0353644031396305,0.729957805907173,0.8016877637130801,3.6893698468185465,4.735254933831761,0.4654614738815132,0.0911601607724912,0.00560080017856407,0.05803733899820689
first_release,CPIAUCSL,1,mean,expansion,217,1.8948109266119315,1.2826115028052982,0.9822283854999709,0.7788018433179723,0.8387096774193549,3.764669663836876,4.831901202668197,0.4636495110878063,0.08109510788036578,0.0010830711212660423,0.0531774499981061
first_release,CPIAUCSL,1,mean,high_volatility,102,2.4825619619391515,1.8933362604228068,1.441548286194036,0.5392156862745098,0.6372549019607843,3.5362577057256814,4.538737628264052,0.6130838026305878,0.12197559240355849,4.229701778891746e-06,0.0250669309997084
first_release,CPIAUCSL,1,mean,normal_volatility,135,1.3962146654077165,0.9535964551436424,0.7284699137207463,0.8740740740740741,0.9259259259259259,3.8050545756442666,4.883734675816251,0.3539246032711013,0.039492382745349455,3.737425676869544e-12,0.0329704079984985
first_release,CPIAUCSL,1,mean,recession,20,2.3739393637155723,2.176456194938412,1.6118901945299355,0.2,0.4,2.872366832169676,3.686642916956413,0.48512127019323276,0.20993747536524082,0.0039411090484575695,0.0048598890001008005
first_release,CPIAUCSL,1,naive_drift,all,237,0.4795793176193068,0.3410008521710592,0.2532867239799844,0.8734177215189873,0.9113924050632911,1.2561975939120265,1.612312156659762,0.5091942067103621,0.06564740674888833,0.08180854942559923,0.06507427600108612
first_release,CPIAUCSL,1,naive_drift,expansion,217,0.4442215948904284,0.32368062374075174,0.23940264335662956,0.8847926267281107,0.9216589861751152,1.2520285974438021,1.606961307621868,0.5225476873981549,0.06257396849186862,0.036665556551743195,0.0595852010011582
first_release,CPIAUCSL,1,naive_drift,high_volatility,102,0.6290720344248308,0.44911913700939604,0.336905808628448,0.7549019607843137,0.8333333333333334,1.2764008688728166,1.6382427793432366,0.5098415437011208,0.08955635729787095,0.7917463769922147,0.027932679999191003
first_release,CPIAUCSL,1,naive_drift,normal_volatility,135,0.323688265545188,0.2593114814043158,0.1901078600233676,0.9629629629629629,0.9703703703703703,1.2409328972749845,1.5927201306322478,0.508705107650678,0.04811582737782971,0.0026826296194767093,0.0371415960018951
first_release,CPIAUCSL,1,naive_drift,recession,20,0.7644574933528115,0.5289253306398953,0.40392899874338467,0.75,0.8,1.3014312055922572,1.6703688687209148,0.3643089412478105,0.07990955492868125,0.026012746671119857,0.0054890749999279
first_release,CPIAUCSL,1,naive_last,all,237,0.47866871561638535,0.3402861239174234,0.2527716053921676,0.8776371308016878,0.9156118143459916,1.2546623924611922,1.6103417469295602,0.5020974375441459,0.06563494704408362,0.03822367994929232,0.0658035599982605
first_release,CPIAUCSL,1,naive_last,expansion,217,0.44225390532740644,0.3220640515304276,0.2384741794882058,0.8894009216589862,0.9262672811059908,1.2505322510897217,1.605040767868449,0.5154529370528151,0.06261449002252333,0.05555205831073606,0.060284915998312795
first_release,CPIAUCSL,1,naive_last,high_volatility,102,0.627589400010521,0.44844956722856627,0.33609593994909504,0.7647058823529411,0.8333333333333334,1.2749887348851103,1.6364303249919114,0.5042492352268282,0.08967747608683023,0.8082029812847359,0.028162210999334993
first_release,CPIAUCSL,1,naive_last,normal_volatility,135,0.32349645147592243,0.2585626334156709,0.18981544150471122,0.9629629629629629,0.9777777777777777,1.2393047115186766,1.5906303768380052,0.5004716348505638,0.04799696490445398,0.0011678102142363505,0.0376413489989255
first_release,CPIAUCSL,1,naive_last,recession,20,0.7700525331348747,0.5379956093163274,0.4078986764501532,0.75,0.8,1.2994744263416504,1.6678573697426153,0.3571902678750848,0.07928682886538835,0.015101678447448474,0.0055186439999477
first_release,CPIAUCSL,1,random_forest,all,237,0.8734437788767191,0.6327184844868142,0.47869146227735143,0.7046413502109705,0.7848101265822784,1.6850436131955748,2.162730063505741,0.5014625469146963,0.09379767408658457,0.17093834013119313,187.68725787899922
first_release,CPIAUCSL,1,random_forest,expansion,217,0.8184235522674185,0.5863487916298111,0.44452277680699065,0.7419354838709677,0.8110599078341014,1.682979469175521,2.160080763337711,0.5153835847428383,0.08663989636623465,0.12269660469500676,176.27172022699904
first_release,CPIAUCSL,1,random_forest,high_volatility,102,1.141504285086741,0.8881615460491691,0.6749240735978188,0.5294117647058824,0.6274509803921569,1.6652782145710971,2.1373614490155406,0.543609846867679,0.13056993890990942,0.0012625589340620846,72.35753173199994
first_release,CPIAUCSL,1,random_forest,normal_volatility,135,0.5956570533861406,0.43971706019525747,0.3304268226129981,0.837037037037037,0.9037037037037037,1.6999774699340688,2.1818974611205584,0.46961792028355365,0.06440741897239852,0.016896901113551688,115.32972614699929
first_release,CPIAUCSL,1,random_forest,recession,20,1.3315018436871322,1.1358296519852984,0.8494216996307655,0.3,0.5,1.7074395758131586,2.191474970328861,0.35041928647935455,0.15387887158023003,0.00019649083084532492,11.415537652000182
first_release,CPIAUCSL,1,ridge,all,237,0.6406929085821887,0.4706677095257805,0.34548040536179087,0.810126582278481,0.9029535864978903,1.544905360636694,1.9828645635965263,0.46871463718341827,0.07723966594914793,0.1603265091556494,6.607562835000142
first_release,CPIAUCSL,1,ridge,expansion,217,0.5966557325651294,0.4505022644000568,0.32787404530995623,0.8202764976958525,0.9170506912442397,1.558849490402635,2.0007616603945344,0.47733899648796363,0.0746863524693838,0.1813504577371432,6.046540582000337
first_release,CPIAUCSL,1,ridge,high_volatility,102,0.8284781452904629,0.6291456153890339,0.45745565653478737,0.6764705882352942,0.803921568627451,1.4616333177351402,1.8759860536147033,0.49092877160030385,0.1110390276933707,0.11140910657744285,2.8920705349995286
first_release,CPIAUCSL,1,ridge,normal_volatility,135,0.4494866103525327,0.3509288473179891,0.2608768822533047,0.9111111111111111,0.9777777777777777,1.6078220152734233,2.0636172155827923,0.45193062451288246,0.05168101297510972,0.001190776746015781,3.715492300000614
first_release,CPIAUCSL,1,ridge,recession,20,1.0008480109753009,0.6894627891398828,0.5365094119241962,0.7,0.75,1.3936115526762325,1.7886810633381405,0.37514033872910074,0.10026556192404412,0.2293136587611393,0.5610222529998047
first_release,CPIAUCSL,1,seasonal_naive,all,237,2.338803958063398,1.744768324666352,1.2884042745457216,0.7721518987341772,0.8227848101265823,5.111522823633018,6.560568518462316,0.49984265980719583,0.08865980058897839,0.345161485998001,0.0613618939991501
first_release,CPIAUCSL,1,seasonal_naive,expansion,217,2.2362346615033313,1.6457307091265656,1.2124193143948079,0.8110599078341014,0.8571428571428571,5.2033125084940375,6.678379303544712,0.5031241628866796,0.08056105768344797,0.3923715288221308,0.0562217159994019
first_release,CPIAUCSL,1,seasonal_naive,high_volatility,102,3.293690013209484,2.7864015707552108,2.0254555247652277,0.5,0.6176470588235294,4.831938882308069,6.201726414648646,0.5368758369645314,0.15438918821827705,1.40265162664848e-05,0.02636298399994
first_release,CPIAUCSL,1,seasonal_naive,normal_volatility,135,1.1858885059083393,0.9577565387325481,0.7315211077132062,0.9777777777777777,0.9777777777777777,5.3227640237452,6.831693663565978,0.47186203706609775,0.037946439081218405,0.0003177008204077305,0.0349989099992101
first_release,CPIAUCSL,1,seasonal_naive,recession,20,3.2498397810809823,2.8193264532730336,2.1128410921831393,0.35,0.45,4.1156047428909455,5.282321500318326,0.4642383513947971,0.18393865425629835,0.0039455981845624155,0.005140177999748201
first_release,CPIAUCSL,1,state_space,all,237,0.48680973065379657,0.3524044479705756,0.26061398402265584,0.8818565400843882,0.9409282700421941,1.395776872577658,1.7914602213440505,0.5149218729162701,0.05991064023843205,0.004381441897646684,54.53802562999921
first_release,CPIAUCSL,1,state_space,expansion,217,0.45033317966864644,0.33328839744699335,0.24642649922300708,0.8940092165898618,0.9539170506912442,1.3904259974315438,1.7845924474455332,0.5270615461314052,0.05650063006304298,0.0019698813511513694,49.811644908999185
first_release,CPIAUCSL,1,state_space,high_volatility,102,0.641289467000451,0.47522065391581964,0.3466587508764708,0.7745098039215687,0.8921568627450981,1.4467601539925408,1.8568965546167748,0.5196102158872394,0.08378958031556433,0.42132887527792107,22.92064406600015
first_release,CPIAUCSL,1,state_space,normal_volatility,135,0.324521502741223,0.25960998125639134,0.19560238239977323,0.9629629629629629,0.9777777777777777,1.357256171064191,1.742019436204659,0.5113795693382045,0.04233005596134855,0.0016451810307412094,31.61738156399906
first_release,CPIAUCSL,1,state_space,recession,20,0.7796648673136065,0.5598135961514428,0.4145481940988442,0.75,0.8,1.4538338679130014,1.8659755681429622,0.3832064185320553,0.08188505961619624,0.04158282570803651,4.726380721000027
first_release,CPIAUCSL,1,var,all,237,0.4574747661059231,0.33686783649676594,0.24738462401650768,0.8185654008438819,0.8776371308016878,1.1327797222779636,1.4539070333343875,0.5134350223934944,0.07469916377156383,0.34616476676473684,1.1544416439996064
first_release,CPIAUCSL,1,var,expansion,217,0.43940440187401847,0.3285885336260802,0.23984325342409238,0.8294930875576036,0.8847926267281107,1.1274016414625645,1.4470043413373723,0.5229338202217759,0.07314760037364036,0.20385818147074153,1.0621479779999876
first_release,CPIAUCSL,1,var,high_volatility,102,0.5815607816027186,0.4472759110005184,0.3263908155988773,0.6862745098039216,0.7745098039215687,1.1594134044964624,1.4880909943812877,0.5159361598747342,0.10197018455938951,0.23315818341323652,0.48349849900004405
first_release,CPIAUCSL,1,var,normal_volatility,135,0.33446905575272723,0.25344840242726413,0.18769105704316183,0.9185185185185185,0.9555555555555556,1.1126564957128755,1.4280791516545075,0.5115452740743353,0.05469323749453359,0.056592016497770854,0.6709431449995622
first_release,CPIAUCSL,1,var,recession,20,0.6205871310698559,0.42669827264370663,0.3292084949442142,0.7,0.8,1.191131899125042,1.5288012415020034,0.41037306595663764,0.08405822833322528,0.3051357773130827,0.0922936659996187
first_release,CPIAUCSL,3,arima,all,237,1.0535289356015212,0.7475162926309996,0.5659581468229895,0.8059071729957806,0.8734177215189873,2.4756095627794448,3.1774104747186662,0.5287505513764212,0.07336362281715288,0.012841311070302232,266.4532932320003
first_release,CPIAUCSL,3,arima,expansion,217,0.9606956514440995,0.687263923020306,0.5213585710369624,0.8294930875576036,0.8940092165898618,2.4777457247796946,3.1801522089635728,0.5405164973234916,0.06688997358329997,0.0010834290012400646,247.03232652800048
first_release,CPIAUCSL,3,arima,high_volatility,100,1.4632031963211558,1.1291443280021667,0.8486974345275614,0.61,0.73,2.4985987485862324,3.206916775262169,0.5545073049906604,0.11389361504342234,0.006325808916784879,102.05438256000016
first_release,CPIAUCSL,3,arima,normal_volatility,137,0.5977783890386675,0.4689556828710235,0.35957910470286414,0.948905109489051,0.9781021897810219,2.458829135183249,3.155873029066474,0.5099500012930352,0.043555749604733913,0.0011056633076470582,164.39891067200017
first_release,CPIAUCSL,3,arima,recession,20,1.7716469946181563,1.4012545029070256,1.0498635441013848,0.55,0.65,2.4524322050767315,3.1476626581614298,0.40109003785070846,0.13208398013410175,0.10948500009224793,19.420966703999852
first_release,CPIAUCSL,3,autoreg,all,237,1.1380716412923786,0.8274382556493648,0.6199998793969799,0.7932489451476793,0.8354430379746836,2.592034062840561,3.3268397028045142,0.5340715465140122,0.0786887886218683,0.02512982257669316,2.608124426998858
first_release,CPIAUCSL,3,autoreg,expansion,217,1.0313472667603567,0.7595173542092231,0.5658488716839833,0.8341013824884793,0.8617511520737328,2.6157890322413855,3.357328875950241,0.5508249452487798,0.07034198875467002,0.0012684719272034546,2.4253372829988855
first_release,CPIAUCSL,3,autoreg,high_volatility,100,1.5734994909546067,1.2512453171665587,0.9308924613986188,0.59,0.67,2.498618469279476,3.206942086497924,0.5863414740105567,0.12241659003553688,0.000794649821344017,1.0210686350002285
first_release,CPIAUCSL,3,autoreg,normal_volatility,137,0.6583212923669202,0.5180900355638217,0.3930709874249807,0.9416058394160584,0.9562043795620438,2.6602206274836893,3.4143562110574996,0.4959183147647096,0.04396081252546967,0.0015705738943898177,1.5870557919986297
first_release,CPIAUCSL,3,autoreg,recession,20,1.9512319738984192,1.5643800362748999,1.2075383130829915,0.35,0.55,2.3342926448416237,2.996032174173381,0.3522971702417837,0.1397336470663157,0.0021946673376724846,0.18278714399997295
first_release,CPIAUCSL,3,bvar_niw,all,237,1.0859568750076525,0.7579608022029066,0.582943067910169,0.8227848101265823,0.8945147679324894,2.689612129660298,3.4520797957001537,0.5161143939125996,0.06807675102592364,0.007343107382319554,31.435084221999425
first_release,CPIAUCSL,3,bvar_niw,expansion,217,0.9773680500239383,0.687746617870922,0.5313751770303659,0.8571428571428571,0.9170506912442397,2.7040115958417403,3.470561310460464,0.5278691612689289,0.06061465953311696,0.0002678866499384379,28.811288597999514
first_release,CPIAUCSL,3,bvar_niw,high_volatility,100,1.5123107372096503,1.1451207465571154,0.8689310256980098,0.65,0.78,2.6917452459390665,3.454817620803859,0.5492101289164519,0.10757429499797772,0.0717412665414249,13.27842292199966
first_release,CPIAUCSL,3,bvar_niw,normal_volatility,137,0.6088536353981531,0.47536230267428714,0.37419273375846057,0.948905109489051,0.9781021897810219,2.688055110478716,3.450081383215697,0.4919569231068679,0.038432164298225636,0.0006983611285048136,18.15666129999976
first_release,CPIAUCSL,3,bvar_niw,recession,20,1.9000759329189356,1.5197847022049422,1.142454683956034,0.45,0.65,2.533377921591645,3.251555360550788,0.38857516809642634,0.13779146431386477,0.023833477799234504,2.6237956239999103
first_release,CPIAUCSL,3,dynamic_factor,all,237,1.048951010977874,0.7142846276508417,0.5543529881354745,0.8438818565400844,0.8860759493670886,2.6263772981897695,3.3709187681688375,0.5117576592985963,0.06509785379929434,0.004780405842105441,1577.5679363790002
first_release,CPIAUCSL,3,dynamic_factor,expansion,217,0.9373669710535097,0.6576077246621432,0.5088236883694233,0.8663594470046083,0.9032258064516129,2.6311752334575553,3.377076851416736,0.5248034710759615,0.060113439788903315,0.00027289563205747217,1471.3512052550002
first_release,CPIAUCSL,3,dynamic_factor,high_volatility,100,1.4610320320167067,1.063597939724002,0.8167877064891657,0.68,0.76,2.6444459895035197,3.3941096824018206,0.5378825040632944,0.10075687884827828,0.11125005242051957,608.6351164930009
first_release,CPIAUCSL,3,dynamic_factor,normal_volatility,137,0.5876416996091747,0.45931140715948354,0.36279479955613764,0.9635036496350365,0.9781021897810219,2.613188472413308,3.3539910935462225,0.4926884295433422,0.03875068876869206,0.0004912415938755757,968.9328198859994
first_release,CPIAUCSL,3,dynamic_factor,recession,20,1.8721931659912339,1.3292290250782188,1.0483458905971303,0.6,0.7,2.5743197005342835,3.304103564929148,0.3702106015141835,0.10215511502168234,0.1373550260880958,106.21673112400009
first_release,CPIAUCSL,3,elastic_net,all,237,1.1981334705239666,0.8523617991184774,0.6454020216522764,0.8185654008438819,0.8649789029535865,2.7570570464418847,3.5386444092282017,0.4655733957771315,0.07781330109539478,0.0041099430833431505,10.71834343399873
first_release,CPIAUCSL,3,elastic_net,expansion,217,1.0357475411846129,0.772021330624149,0.5782299972397068,0.8387096774193549,0.8847926267281107,2.776040742259787,3.5630097190280847,0.4769677071614378,0.07336739790661319,0.008586332137591563,9.9586107259989
first_release,CPIAUCSL,3,elastic_net,high_volatility,100,1.6254216992121233,1.291773710053527,0.9416876179419985,0.64,0.71,2.626892329614148,3.3715798038455596,0.5200102400803055,0.13057284959822352,0.004530898013822424,4.479625568998496
first_release,CPIAUCSL,3,elastic_net,normal_volatility,137,0.7449076447875455,0.5316231779980032,0.42913516304664,0.948905109489051,0.9781021897810219,2.852067788651912,3.660589376660787,0.4258384729280994,0.036210187982846316,6.839026030165568e-09,6.238717865000234
first_release,CPIAUCSL,3,elastic_net,recession,20,2.317621727523712,1.7240558822819405,1.3742184865286577,0.6,0.65,2.5510839468176467,3.274280797899465,0.3419451172574087,0.11488046861381705,0.03093848471624372,0.75973270799983
first_release,CPIAUCSL,3,hist_gradient_boosting,all,237,1.4111300882993023,1.0635770465429717,0.8095102645089672,0.6455696202531646,0.7046413502109705,2.1402588997577086,2.7469925584973414,0.4957621015942257,0.11981691396882072,0.006965325417760291,74.87642940900022
first_release,CPIAUCSL,3,hist_gradient_boosting,expansion,217,1.3694558561848962,1.0238788381180823,0.7763170255696721,0.6774193548387096,0.7327188940092166,2.1590930581001335,2.771165939025304,0.5064788218109652,0.11473532275103171,0.01601200714451329,70.22987092700006
first_release,CPIAUCSL,3,hist_gradient_boosting,high_volatility,100,1.8027471100879882,1.4612637455179556,1.1546946046530768,0.4,0.45,2.029997690328746,2.60547382829766,0.5838364999020551,0.1583867524999833,1.431129921569973e-07,28.004333340999864
first_release,CPIAUCSL,3,hist_gradient_boosting,normal_volatility,137,1.0356618237104194,0.7732947845174359,0.5575508921410042,0.8248175182481752,0.8905109489051095,2.220741534377389,2.8502909017087874,0.4314742196177077,0.0827542763460152,0.016671053563575573,46.87209606800036
first_release,CPIAUCSL,3,hist_gradient_boosting,recession,20,1.8023797971579998,1.494302607953019,1.16965690700032,0.3,0.4,1.9359082817423956,2.4847113797689424,0.37948568724260184,0.16834925556427308,0.0010943497849349448,4.6465584820001595
first_release,CPIAUCSL,3,mean,all,237,1.9486191580288759,1.3573350082983011,1.0466525659906427,0.7341772151898734,0.7805907172995781,3.7124672850346507,4.76490017483843,0.4620286417135488,0.09022457868659926,0.0014542907105105551,0.059080138999962
first_release,CPIAUCSL,3,mean,expansion,217,1.902612440258187,1.2803454442481215,0.9910234377284063,0.783410138248848,0.8202764976958525,3.8021467259563884,4.880002491147035,0.4595194863821086,0.07960567441362071,0.0003366328175737058,0.054055335999993695
first_release,CPIAUCSL,3,mean,high_volatility,100,2.5173604660166724,1.9208546568791314,1.4791263263125844,0.54,0.59,3.5183222912785137,4.515717773037418,0.606533836092895,0.12478769854728239,6.004042886031294e-06,0.024896080000383597
first_release,CPIAUCSL,3,mean,normal_volatility,137,1.3939553241734595,0.9460067976553594,0.7309782883833863,0.8759124087591241,0.9197080291970803,3.854178959309202,4.946785139656688,0.35655039764103336,0.03916638145107432,1.602106815681394e-12,0.034184058999578396
first_release,CPIAUCSL,3,mean,recession,20,2.391557446850658,2.192671778242751,1.6502286076359092,0.2,0.35,2.739445351033792,3.516040042890078,0.4892529770596747,0.21484133717215861,0.0041787426204786815,0.0050248029999683
first_release,CPIAUCSL,3,naive_drift,all,237,1.0685149495613713,0.7266134622082446,0.5629736281844842,0.8438818565400844,0.8945147679324894,2.616202871218212,3.3578600325266192,0.512068771906234,0.06690285938880974,0.020877589579640688,0.06654994200214279
first_release,CPIAUCSL,3,naive_drift,expansion,217,0.958312087452355,0.6727048272880746,0.5180306655425888,0.8663594470046083,0.9124423963133641,2.6217635326609154,3.364997064221784,0.5247197354233905,0.06235883370166029,0.0019339670002693962,0.0609663890021354
first_release,CPIAUCSL,3,naive_drift,high_volatility,100,1.4753461107299612,1.0539188363464298,0.8189842855935499,0.68,0.77,2.605865599773914,3.3445922882663957,0.5211662317120509,0.10198049463730842,0.19376109289281454,0.028094320999964104
first_release,CPIAUCSL,3,naive_drift,normal_volatility,137,0.6215357724274828,0.48770442999059105,0.376104535185166,0.9635036496350365,0.9854014598540146,2.6237483248271882,3.3675445173880973,0.5054282902961486,0.041755061159704565,0.0013419349570580083,0.0384556210021787
first_release,CPIAUCSL,3,naive_drift,recession,20,1.8881746268901234,1.3115221510920871,1.0506047728490482,0.6,0.7,2.5558696945648807,3.280423238634082,0.37480581774508637,0.10042179957855674,0.1126505827966624,0.005583553000007399
first_release,CPIAUCSL,3,naive_last,all,237,1.0623679321550983,0.7226820783931656,0.5596148599748032,0.8481012658227848,0.9029535864978903,2.6056267650141374,3.3442857471708813,0.5017597961580935,0.0668106014771834,0.06991128764006649,0.0670412490000719
first_release,CPIAUCSL,3,naive_last,expansion,217,0.9488724941859983,0.6663126085983181,0.5135132119109516,0.8663594470046083,0.9170506912442397,2.611463083707717,3.351776581117231,0.514274447053251,0.06231407989897351,0.008275371826193572,0.0614523019998673
first_release,CPIAUCSL,3,naive_last,high_volatility,100,1.465194150246591,1.0489949240097853,0.8128358926193539,0.69,0.8,2.59694015964331,3.3331366098796087,0.513026455645085,0.10187042054278743,0.3032876998380196,0.028369793999525494
first_release,CPIAUCSL,3,naive_last,normal_volatility,137,0.6208358089161513,0.48449751954891795,0.3747819894313355,0.9635036496350365,0.9781021897810219,2.611967352876055,3.352423803587868,0.4935359571164939,0.04161890466076467,0.00029594162581623437,0.038671455000546404
first_release,CPIAUCSL,3,naive_last,recession,20,1.8987675936908,1.3342908256672614,1.0598177414675924,0.65,0.75,2.5423027071888,3.263010198852988,0.3659758339456342,0.10024890657208989,0.09302796772378286,0.005588947000204601
first_release,CPIAUCSL,3,random_forest,all,237,1.4544136951711122,1.0639915145849983,0.8138745803632225,0.6751054852320675,0.7383966244725738,2.4203770173419055,3.106520270117268,0.5195414251904393,0.1065353921759927,0.012189968983277313,186.2638159079998
first_release,CPIAUCSL,3,random_forest,expansion,217,1.386106011264559,1.0019175432679113,0.7630590965841862,0.7096774193548387,0.7741935483870968,2.445007607131453,3.138133289864994,0.5296041103525194,0.09905780607516175,0.02717711355375574,175.25299874400014
first_release,CPIAUCSL,3,random_forest,high_volatility,100,1.9400055131166964,1.588061117761368,1.2257312092989572,0.44,0.5,2.3002375626801634,2.952322949421583,0.5495590577768621,0.1597650606246869,3.400697319704048e-05,70.2287834870013
first_release,CPIAUCSL,3,random_forest,normal_volatility,137,0.9550805772017803,0.681458957521955,0.5132493037677957,0.8467153284671532,0.9124087591240876,2.508070049941716,3.2190730589462353,0.49763074447042277,0.0674245224170863,0.330957712005666,116.0350324209985
first_release,CPIAUCSL,3,random_forest,recession,20,2.054394641488981,1.7374941033753935,1.3652225793657657,0.3,0.35,2.153135118125313,2.7635190058544348,0.4103612911818712,0.18344671061932213,0.0007030056303758414,11.010817163999661
first_release,CPIAUCSL,3,ridge,all,237,1.1843788304568157,0.8488849553546394,0.6389344551220419,0.7805907172995781,0.8607594936708861,2.689247965094213,3.451612395539725,0.4668174273357871,0.07957469085674282,0.0049624064413882575,6.519684225001658
first_release,CPIAUCSL,3,ridge,expansion,217,1.0464567941251308,0.7804052787295507,0.5794674545299052,0.8064516129032258,0.8847926267281107,2.7171143812914247,3.4873785535192074,0.472094398913159,0.07469966541135191,0.0043536236591322185,5.973557446001809
first_release,CPIAUCSL,3,ridge,high_volatility,100,1.5907090485076614,1.2554017787483807,0.9174835225409332,0.58,0.7,2.516622608312852,3.2300501487760136,0.49096457006355093,0.1308865959221467,0.027424360310260337,2.784180365000192
first_release,CPIAUCSL,3,ridge,normal_volatility,137,0.7613711412879766,0.5521573470380398,0.43561396795496776,0.927007299270073,0.9781021897810219,2.8152518751536,3.6133366632504633,0.44919177570968216,0.04206606384675548,3.101334424123478e-07,3.735503860001466
first_release,CPIAUCSL,3,ridge,recession,20,2.1774058689009728,1.5918894467368514,1.2841514115467243,0.5,0.6,2.386897349354471,3.063549581462333,0.40956228572130265,0.13541545333759145,0.09444158279795123,0.546126778999848
first_release,CPIAUCSL,3,seasonal_naive,all,237,2.337687294878971,1.7390330533940055,1.2955175616061194,0.7637130801687764,0.8227848101265823,5.1473634942464015,6.606569521181037,0.4964465342433565,0.08772472548959917,0.3450485855887211,0.062499704997650694
first_release,CPIAUCSL,3,seasonal_naive,expansion,217,2.2357228090719286,1.639952981574858,1.218831696466299,0.8064516129032258,0.8571428571428571,5.250873996558077,6.739423812598156,0.4994499514907044,0.07951307431841548,0.4479642243764884,0.057274855997764204
first_release,CPIAUCSL,3,seasonal_naive,high_volatility,100,3.323799488644301,2.823735364643119,2.0671847753540944,0.47,0.61,4.834526897312381,6.205048095945673,0.530087434014021,0.15631220957565486,3.0361228633020007e-05,0.026192361000193495
first_release,CPIAUCSL,3,seasonal_naive,normal_volatility,137,1.1788556975890452,0.9472795415333389,0.7322568216440939,0.9781021897810219,0.9781021897810219,5.375711375220141,6.899650853469627,0.4718911329509006,0.037002565253285186,0.0002134107408263105,0.036307343997457206
first_release,CPIAUCSL,3,seasonal_naive,recession,20,3.244135105566414,2.8140518326317574,2.1275591983731665,0.3,0.45,4.0242745441647365,5.165100459305308,0.4638594571096311,0.18447449258185206,0.004187972386516803,0.005224848999886501
first_release,CPIAUCSL,3,state_space,all,237,1.1079439614361064,0.7674716542002457,0.5882601735634202,0.8776371308016878,0.9156118143459916,2.927227931647437,3.757056375829754,0.5157658129272815,0.06278897814668098,0.009669429086098148,56.1540052550007
first_release,CPIAUCSL,3,state_space,expansion,217,0.9962810568220355,0.7085159533062892,0.5419822819087234,0.8940092165898618,0.9308755760368663,2.935813376923562,3.7680756755451164,0.5267943878592879,0.057815465673158956,0.000820851178388965,51.27210877200048
first_release,CPIAUCSL,3,state_space,high_volatility,100,1.536302013870078,1.1334968081063546,0.8521756156630638,0.75,0.82,2.9612805935645734,3.8007624942315936,0.5217580227814621,0.09804021804213642,0.41208998418731446,23.302258647000258
first_release,CPIAUCSL,3,state_space,normal_volatility,137,0.6330585584050975,0.500300009013305,0.3956211647315637,0.9708029197080292,0.9854014598540146,2.9023719740436875,3.725154099624032,0.5113919371213101,0.037544159414566194,0.0005061113628678995,32.85174660800044
first_release,CPIAUCSL,3,state_space,recession,20,1.9434242698291575,1.4071410088996743,1.0903752980168808,0.7,0.75,2.8340758504014825,3.637496973918077,0.39610577491501237,0.10617337733477487,0.21320082052918732,4.881896483000219
first_release,CPIAUCSL,3,var,all,237,1.5297084346033731,0.8601636758962621,0.6611822291928782,0.8227848101265823,0.8776371308016878,2.720662677630906,3.491932742566619,0.5127774447118952,0.07286254370084783,0.022981643905612525,1.1308111150028313
first_release,CPIAUCSL,3,var,expansion,217,1.4931479489326838,0.8017520607449453,0.6181715830449261,0.847926267281106,0.9032258064516129,2.739014583746301,3.5154871590621837,0.5197481154402444,0.06624920007443068,0.002875012805129958,1.0407328230025041
first_release,CPIAUCSL,3,var,high_volatility,100,1.5313869142905507,1.193252607602598,0.8787218051879024,0.66,0.75,2.784072103128923,3.573317859106195,0.5384384398990146,0.1110822156228393,0.05263910249857937,0.46736006900115484
first_release,CPIAUCSL,3,var,normal_volatility,137,1.5284821032274971,0.6170330688113452,0.5023942175176779,0.9416058394160584,0.9708029197080292,2.6743784254425718,3.432527548012183,0.49404679129064016,0.04473902631331043,0.003980318798708278,0.663451046001676
first_release,CPIAUCSL,3,var,recession,20,1.881254475799464,1.4939297002880485,1.1278477398981583,0.55,0.6,2.5215444962788687,3.2363673235897417,0.43714566730930676,0.14530451041705805,0.11892606888714452,0.090078292000327
first_release,CPIAUCSL,6,arima,all,237,1.60550913639041,1.130234340074777,0.8761277125279724,0.7721518987341772,0.8227848101265823,3.423794995520197,4.394393302408013,0.5314167232773014,0.08238993684140461,0.01223537859088263,148.75075323800064
first_release,CPIAUCSL,6,arima,expansion,217,1.491268744005848,1.0340210928997284,0.801637196341568,0.8202764976958525,0.8571428571428571,3.478750538705432,4.464927978467584,0.5366324150103152,0.07286998386428487,0.002248026924504204,138.03673737300056
first_release,CPIAUCSL,6,arima,high_volatility,97,2.2845793414752342,1.9069417837636733,1.417468088987003,0.5051546391752577,0.5979381443298969,3.322478756537809,4.26435531748429,0.5639037834824271,0.14799865524301145,6.3609533541133946e-06,55.620677547000184
first_release,CPIAUCSL,6,arima,normal_volatility,140,0.8645104051252881,0.5920870398046133,0.5010561659813584,0.9571428571428572,0.9785714285714285,3.4939926753865653,4.484491049105165,0.5089078315637501,0.03642337037081601,9.665007776080506e-05,93.13007569100046
first_release,CPIAUCSL,6,arima,recession,20,2.533010331805367,2.1741480719240553,1.684349813150457,0.25,0.45,2.827527351960392,3.6290920671616815,0.47482646797410116,0.19127138386553966,0.004947736009870862,10.714015865000079
first_release,CPIAUCSL,6,autoreg,all,237,1.7364209255927952,1.2298493035704712,0.9558015296721476,0.7510548523206751,0.7974683544303798,3.661803983911492,4.6998745318239425,0.5385615525335959,0.08431570636790785,0.005616516267352156,1.9135169240013172
first_release,CPIAUCSL,6,autoreg,expansion,217,1.625163519661938,1.1417619462521107,0.8830807789421997,0.7880184331797235,0.8248847926267281,3.745046430857295,4.806715055807802,0.5480744081730476,0.07579402486653007,0.0005015561412775011,1.7809473160014484
first_release,CPIAUCSL,6,autoreg,high_volatility,97,2.4457076620333207,2.018650818306429,1.5215448702754695,0.4639175257731959,0.5360824742268041,3.3531116870237585,4.30367225811208,0.6059036822892246,0.1451077765989352,1.7368166203759243e-07,0.7258957309998053
first_release,CPIAUCSL,6,autoreg,normal_volatility,140,0.9797529557415267,0.6833225397891287,0.5638222151112751,0.95,0.9785714285714285,3.875683646755136,4.974386107181447,0.4919030769171961,0.03757904261933587,0.000351366930541383,1.1876211930015113
first_release,CPIAUCSL,6,autoreg,recession,20,2.659524444937333,2.1855971304746804,1.744821675092084,0.35,0.5,2.7586234345495315,3.540654846599078,0.43534706884554425,0.1733839710069175,0.002549927047079348,0.13256960799986828
first_release,CPIAUCSL,6,bvar_niw,all,237,1.6218140665025136,1.1181935525505997,0.8829137071295748,0.7848101265822784,0.8312236286919831,3.5676865687996657,4.579076137308934,0.5083182362229386,0.07804287500454411,0.03064541213895622,29.007398810000204
first_release,CPIAUCSL,6,bvar_niw,expansion,217,1.490726613893617,1.0145285213607373,0.8015913818688787,0.8248847926267281,0.8709677419354839,3.6409027803902654,4.673048127531009,0.5133481282934045,0.06850725365564932,0.006260607444791946,26.566732287000256
first_release,CPIAUCSL,6,bvar_niw,high_volatility,97,2.296210585930085,1.8739195364570207,1.4113938598869413,0.5360824742268041,0.6185567010309279,3.450224097908968,4.428314688086138,0.5499143494610563,0.1394214836583741,0.0011571005870073248,11.913046800999663
first_release,CPIAUCSL,6,bvar_niw,normal_volatility,140,0.8941716397452445,0.5945834065582937,0.5167524584333998,0.9571428571428572,0.9785714285714285,3.6490712807739354,4.6835322842704405,0.4794980720508142,0.03416934428287102,7.378974683341225e-07,17.094352009000538
first_release,CPIAUCSL,6,bvar_niw,recession,20,2.65654737022452,2.2429591409606022,1.7652609362081269,0.35,0.4,2.77329067304166,3.5594800433994016,0.45374390725838387,0.18713128969070172,0.0029990301704120315,2.440666522999947
first_release,CPIAUCSL,6,dynamic_factor,all,237,1.5515753384193,1.0743529149150621,0.8409751244827042,0.8016877637130801,0.8481012658227848,3.6550103532019618,4.69115500120717,0.5068056377004544,0.07368118260918843,0.015784602706869804,1015.8901889529992
first_release,CPIAUCSL,6,dynamic_factor,expansion,217,1.3894857367954057,0.9757379239930719,0.7612203028483292,0.8248847926267281,0.8755760368663594,3.7174509051796294,4.771296582046075,0.5155767039223,0.06645362007864011,0.0029815322315082295,947.8550560639992
first_release,CPIAUCSL,6,dynamic_factor,high_volatility,97,2.2326055732338004,1.8039963141706892,1.3403782033456788,0.5670103092783505,0.6597938144329897,3.5423222356144546,4.546521368108389,0.5397987567876925,0.13264756381760104,0.0019320667718450242,378.9028591790003
first_release,CPIAUCSL,6,dynamic_factor,normal_volatility,140,0.7885398244807579,0.5688142740022349,0.4949601341276432,0.9642857142857143,0.9785714285714285,3.733087120387592,4.791365446997039,0.4839461194757251,0.03220033061873578,5.713659376248083e-06,636.9873297739989
first_release,CPIAUCSL,6,dynamic_factor,recession,20,2.753134271416859,2.1443255664186545,1.706314939215675,0.55,0.55,2.9775303642442696,3.8216188491050476,0.4116395691934295,0.14931323100534585,0.02777873183348678,68.03513288900001
first_release,CPIAUCSL,6,elastic_net,all,237,1.8238304603025666,1.3476357327163417,1.0185772822247232,0.7426160337552743,0.7974683544303798,3.8617880378832834,4.956551286276795,0.4638990289612922,0.09049863979553702,0.01617861273986511,10.80561327399828
first_release,CPIAUCSL,6,elastic_net,expansion,217,1.6010050630267758,1.2128171515648862,0.905393251035608,0.7788018433179723,0.8248847926267281,3.9206409307736028,5.032088156528357,0.466240070392516,0.08280270396711144,0.007519745606190806,10.392606181998236
first_release,CPIAUCSL,6,elastic_net,high_volatility,97,2.5068851496040145,2.1011944941318887,1.5675526346066444,0.44329896907216493,0.5360824742268041,3.501149249401331,4.493676412411034,0.5314900452605593,0.16040988513296342,0.00011670500273856253,3.949151116999185
first_release,CPIAUCSL,6,elastic_net,normal_volatility,140,1.1299584157589038,0.8255271623069989,0.6382157880743922,0.95,0.9785714285714285,4.11165919847435,5.277257448883786,0.4170681105253715,0.0374686490502252,1.5399288371969348e-08,6.856462156999093
first_release,CPIAUCSL,6,elastic_net,recession,20,3.4068211274595956,2.8104173382096365,2.2466240206266233,0.35,0.5,3.2232341500233233,4.136976244047357,0.43849872943251417,0.18201064039244103,0.0026016712419681953,0.41300709200004226
first_release,CPIAUCSL,6,hist_gradient_boosting,all,237,1.7682414196423963,1.3030584206675968,0.9990520876298203,0.6286919831223629,0.70042194092827,2.5197518453436962,3.234066481023704,0.5055075567332289,0.12583748140359394,0.0009456387507617728,56.66405771500024
first_release,CPIAUCSL,6,hist_gradient_boosting,expansion,217,1.738718784145242,1.2574137659884623,0.9605172232241755,0.663594470046083,0.7327188940092166,2.5590606636299627,3.284518803089937,0.5087210882531631,0.11980295183278716,0.0028173257920194733,53.293247248000455
first_release,CPIAUCSL,6,hist_gradient_boosting,high_volatility,97,2.3393403321806603,1.9130721474066728,1.5190895645372549,0.32989690721649484,0.38144329896907214,2.3285697379490813,2.9886869026977836,0.587259522406657,0.17663729368560122,1.1110114493351963e-09,20.348530694999795
first_release,CPIAUCSL,6,hist_gradient_boosting,normal_volatility,140,1.2252954156666584,0.8804060528555224,0.6387404072010976,0.8357142857142857,0.9214285714285714,2.6522137340385354,3.404079474578091,0.4488651233737822,0.08376263341003466,0.02787768056784499,36.315527020000445
first_release,CPIAUCSL,6,hist_gradient_boosting,recession,20,2.06155991854784,1.7983029239362047,1.417155366431065,0.25,0.35,2.0932511669377,2.6866587866050655,0.4706407397419423,0.19966595813242327,0.005642553449587195,3.3708104669997847
first_release,CPIAUCSL,6,mean,all,237,1.9604791023473849,1.360907483813841,1.0609008005752472,0.729957805907173,0.7763713080168776,3.749175432898321,4.812014572554118,0.45781403184943903,0.08877779109488235,0.00034497800046646515,0.0468767450000082
first_release,CPIAUCSL,6,mean,expansion,217,1.9145421697726284,1.2832416441327141,1.003300895004974,0.783410138248848,0.8202764976958525,3.857150572268222,4.95059916359841,0.4543922386877972,0.07731945465986266,5.5997773963721786e-05,0.0429760919999925
first_release,CPIAUCSL,6,mean,high_volatility,97,2.5687343080800837,1.9659130081361933,1.5319550691160406,0.5154639175257731,0.5670103092783505,3.491724964898081,4.481580474203503,0.5983127291810503,0.12825186715189382,2.6645869759758456e-06,0.0192353330006037
first_release,CPIAUCSL,6,mean,normal_volatility,140,1.3909399517985972,0.9417250848190685,0.7345274859434122,0.8785714285714286,0.9214285714285714,3.9275518285842015,5.0409581978399,0.36046850584110846,0.03883416912043666,1.513876895563432e-12,0.0276414119994045
first_release,CPIAUCSL,6,mean,recession,20,2.4030917215203647,2.203581844354072,1.6858597760127132,0.15,0.3,2.5776451707348973,3.308371759723537,0.4949404876532526,0.22212885454732317,0.004645177018794744,0.0039006530000156997
first_release,CPIAUCSL,6,naive_drift,all,237,1.5960201029478078,1.144631203144879,0.8732216132807222,0.7932489451476793,0.8481012658227848,3.698145100973499,4.746517850605664,0.5134030924361709,0.07906905729590304,0.11514997224415635,0.0451112320003392
first_release,CPIAUCSL,6,naive_drift,expansion,217,1.4341978569427953,1.0513184884439717,0.7943381026973746,0.815668202764977,0.8709677419354839,3.762845094423972,4.8295593931795056,0.5223889184835071,0.07255962520055935,0.028663884396669226,0.041405344000156497
first_release,CPIAUCSL,6,naive_drift,high_volatility,97,2.2946744003216173,1.870684220435943,1.38940938593376,0.5360824742268041,0.6288659793814433,3.513944738585576,4.510099244983036,0.5291855548573472,0.13976779804926207,0.002013564903820685,0.0182159699999665
first_release,CPIAUCSL,6,naive_drift,normal_volatility,140,0.8148134384084649,0.6415801840217847,0.5155772279425459,0.9714285714285714,1.0,3.8257696377708466,4.910322170215628,0.5024681006157845,0.03742220999281246,0.0006564991835908479,0.026895262000372698
first_release,CPIAUCSL,6,naive_drift,recession,20,2.804933173051875,2.1570741576497254,1.729107703110044,0.55,0.6,2.9961501720358745,3.8455171136794766,0.41590687982257385,0.1463045562576833,0.0514057739818492,0.0037058880001827
first_release,CPIAUCSL,6,naive_last,all,237,1.5781961522158359,1.1276115397784139,0.8633457798617842,0.7932489451476793,0.8523206751054853,3.6694833351988954,4.709730872495145,0.4994495401320159,0.07858634695030137,0.14497163956784742,0.0489779670005981
first_release,CPIAUCSL,6,naive_last,expansion,217,1.411104763458968,1.0321035107766308,0.7830247319779712,0.815668202764977,0.880184331797235,3.7340640761973924,4.7926193562039145,0.5080542119548228,0.07223024774984005,0.07233430786453088,0.044881331000556704
first_release,CPIAUCSL,6,naive_last,high_volatility,97,2.2643329275847184,1.840996820682565,1.3691423371097393,0.5360824742268041,0.6391752577319587,3.4936365392321354,4.484033953299539,0.5192627054274197,0.13868559977339623,0.008155593805126461,0.019864691999482702
first_release,CPIAUCSL,6,naive_last,normal_volatility,140,0.8148526755989917,0.6333374522948235,0.5129010223399868,0.9714285714285714,1.0,3.7913200438330086,4.866106595080672,0.4857218470344861,0.03718056760137165,0.00012044483626447603,0.0291132750011154
first_release,CPIAUCSL,6,naive_last,recession,20,2.8124955082972307,2.163873654447761,1.7348291494011565,0.55,0.55,2.9687822953652043,3.8103908242549984,0.40608885085456076,0.14496069675846157,0.037181670711332826,0.0040966360000414
first_release,CPIAUCSL,6,random_forest,all,237,1.9727491763789349,1.4081348687063424,1.0976438596521898,0.6455696202531646,0.6962025316455697,3.0311287895203036,3.8904116831855915,0.5487387767588445,0.10951201289828283,0.0004488872329001432,148.84081403500045
first_release,CPIAUCSL,6,random_forest,expansion,217,1.895892815221826,1.321178603279452,1.0236648136992463,0.6912442396313364,0.7419354838709677,3.0911408020111364,3.9674362673382046,0.5523213903521546,0.10006523680884007,0.004734655359544812,140.48364690500046
first_release,CPIAUCSL,6,random_forest,high_volatility,97,2.588196690147287,2.1390692629368906,1.6878771744855472,0.31958762886597936,0.38144329896907214,2.7594342581202524,3.541695527385536,0.5628662754036075,0.17759183632664532,3.216947028321395e-09,53.5014375950002
first_release,CPIAUCSL,6,random_forest,normal_volatility,140,1.3953040958615524,0.9017017527037484,0.68869649151765,0.8714285714285714,0.9142857142857143,3.2193742862760533,4.132022162561343,0.5389504384121161,0.06304493002900928,0.014885418797856436,95.33937644000025
first_release,CPIAUCSL,6,random_forest,recession,20,2.6679143648220673,2.3516103485881046,1.900316508241629,0.15,0.2,2.3799984539947703,3.0546949451297407,0.5098674192714316,0.22093363281855327,0.005150850602851587,8.357167129999993
first_release,CPIAUCSL,6,ridge,all,237,1.829109238813675,1.3713413538254888,1.0350496728822294,0.7088607594936709,0.7763713080168776,3.8183924437619625,4.900853644212868,0.4725477243058174,0.09632325158765476,0.09221135684812842,3.9328634960004254
first_release,CPIAUCSL,6,ridge,expansion,217,1.6509372185138211,1.2504161235575715,0.9360853306078151,0.7511520737327189,0.8064516129032258,3.8687546703517155,4.965492862247223,0.4727139500683445,0.08831015358622185,0.06673917308119304,3.6765634250004275
first_release,CPIAUCSL,6,ridge,high_volatility,97,2.4916462547724767,2.119886418930544,1.583287762557307,0.38144329896907214,0.4845360824742268,3.449072763804996,4.426836966761716,0.5236327514552673,0.16853755852789876,2.262507026355797e-05,1.4608600880001128
first_release,CPIAUCSL,6,ridge,normal_volatility,140,1.1671443210591996,0.8527065587169853,0.6551989964644966,0.9357142857142857,0.9785714285714285,4.07427822201786,5.229279485018308,0.43715309835226973,0.044058659421755415,1.3536482747246932e-05,2.472003408000312
first_release,CPIAUCSL,6,ridge,recession,20,3.173822546983513,2.683380102232387,2.108812786559625,0.25,0.45,3.271962285263142,4.1995181285401095,0.47074417478239805,0.1924854288587911,0.004469531130048776,0.2563000709999972
first_release,CPIAUCSL,6,seasonal_naive,all,237,2.3385361838740724,1.7413100873175864,1.306265586325948,0.7510548523206751,0.8185654008438819,5.202165019790687,6.676906517738553,0.4926135090285043,0.08761280315172125,0.3150772751497256,0.0416381890002976
first_release,CPIAUCSL,6,seasonal_naive,expansion,217,2.236003470283724,1.6424473581799746,1.2292079670028822,0.7926267281105991,0.8525345622119815,5.314980455291904,6.821703561610471,0.49550241421807417,0.07952027515278788,0.46629227835601184,0.0382091980001638
first_release,CPIAUCSL,6,seasonal_naive,high_volatility,97,3.3738069013884298,2.895625027757101,2.1307460497667625,0.422680412371134,0.5876288659793815,4.830604289897242,6.200013483833787,0.5210475837907858,0.16219612027428326,3.1989269150230784e-05,0.0168683110003893
first_release,CPIAUCSL,6,seasonal_naive,normal_volatility,140,1.1710328767413534,0.9415347357273508,0.7350184080848126,0.9785714285714285,0.9785714285714285,5.4596035255025726,7.007325262658285,0.47291275722892356,0.035777216399521306,0.00010200287902304283,0.024769877999908298
first_release,CPIAUCSL,6,seasonal_naive,recession,20,3.2492822429738473,2.8139706984606727,2.142340755981215,0.3,0.45,3.9781175446024877,5.10585859172825,0.4612688877216712,0.18309375643807807,0.0035817102107509324,0.0034289910001338002
first_release,CPIAUCSL,6,state_space,all,237,1.7416472831553593,1.2426086808495178,0.947087658226987,0.8143459915611815,0.869198312236287,4.2894514298811,5.505451307434389,0.523177606856215,0.07243216008997473,0.01613684617688296,32.433855796999865
first_release,CPIAUCSL,6,state_space,expansion,217,1.5958334755692882,1.151594062304888,0.8721678152009529,0.8433179723502304,0.8894009216589862,4.3683641842426555,5.606734731148342,0.5308752493474896,0.06584563554672274,0.0049762214997614365,29.613838280000092
first_release,CPIAUCSL,6,state_space,high_volatility,97,2.529203219777139,2.057540725208211,1.5083911904886504,0.5463917525773195,0.6804123711340206,4.124219975809237,5.293379032058503,0.5331142018350232,0.1315982569266876,0.021302513182100326,12.913346415000202
first_release,CPIAUCSL,6,state_space,normal_volatility,140,0.8383835230979901,0.6779771929724235,0.5581844965885489,1.0,1.0,4.4039332230594646,5.652387098230539,0.5162929660494694,0.031973697647401024,0.0002277516951899246,19.520509381999652
first_release,CPIAUCSL,6,state_space,recession,20,2.883313404968319,2.2301172920587526,1.7599679550594582,0.5,0.65,3.433248045058236,4.406526160138002,0.4396581858258856,0.14310339876177353,0.06007437786001779,2.8200175169997683
first_release,CPIAUCSL,6,var,all,237,8.372113007643566,1.7473473402387514,1.5604397619220087,0.8396624472573839,0.9029535864978903,6.599380152441898,8.470212725902089,0.47992448121702935,0.06203999344748162,0.0038345373813914586,0.7757923759997873
first_release,CPIAUCSL,6,var,expansion,217,8.707170903981721,1.6843685466466356,1.5307732054636047,0.8940092165898618,0.9493087557603687,6.930770750134546,8.89554795329946,0.4793035279727383,0.05059193383677289,0.00046975551178445203,0.7137628109997427
first_release,CPIAUCSL,6,var,high_volatility,97,2.40716008169094,1.9844361310902061,1.5078155047936175,0.6701030927835051,0.7731958762886598,7.633617721213377,9.797642274474581,0.5089318044462183,0.10296631547227346,0.14516445812153406,0.3109403899999228
first_release,CPIAUCSL,6,var,normal_volatility,140,10.707077350822969,1.5830786780059576,1.5969008543609655,0.9571428571428572,0.9928571428571429,5.882801265507375,7.550493681534006,0.45982655012252005,0.03322664896243716,3.06410909343199e-08,0.4648519859998645
first_release,CPIAUCSL,6,var,recession,20,2.8288902826390454,2.430667250713207,1.882321899495692,0.25,0.4,3.003792167476657,3.855325508640609,0.48666182391758783,0.19539943355964554,0.02697452028420977,0.062029565000044605
first_release,CPIAUCSL,12,arima,all,234,2.20866298662737,1.4589767883564095,1.183400456131623,0.7777777777777778,0.8034188034188035,4.236753674166778,5.43781447022131,0.5441945970146794,0.07843840060606244,0.00011989021306140785,265.0362329919999
first_release,CPIAUCSL,12,arima,expansion,214,2.161369352810145,1.3692851485484463,1.119437100551332,0.8317757009345794,0.8457943925233645,4.353414469979669,5.587546980621184,0.5468660145763057,0.06687080248223834,1.4172383607711984e-05,246.24333929199986
first_release,CPIAUCSL,12,arima,high_volatility,91,3.1912135243213178,2.56546889038456,2.0118007794287003,0.46153846153846156,0.5274725274725275,3.9671233450502266,5.091747689369607,0.5892418949629197,0.14485346518795417,1.3598877486635995e-05,93.30939507299966
first_release,CPIAUCSL,12,arima,normal_volatility,143,1.2255074306469667,0.7548454507021322,0.6562366140334825,0.9790209790209791,0.9790209790209791,4.40833661087731,5.658038785308757,0.5155281346839812,0.034768734884360254,5.20871534794024e-06,171.72683791900022
first_release,CPIAUCSL,12,arima,recession,20,2.6626324525302354,2.418677334301619,1.867808360840733,0.2,0.35,2.9884831589688328,3.8356766089426677,0.5156104291052791,0.21130516391745138,0.005847638140652034,18.792893700000036
first_release,CPIAUCSL,12,autoreg,all,234,2.322115002807488,1.5740713886145106,1.2661936171004446,0.7521367521367521,0.7863247863247863,4.420366247534429,5.673478656803871,0.5463490759005355,0.08387110768140506,0.0006339896047077655,2.6787058229984413
first_release,CPIAUCSL,12,autoreg,expansion,214,2.2645643474286374,1.4783688196214815,1.1918629052423932,0.8084112149532711,0.8457943925233645,4.562193569877322,5.85551205431089,0.5480707215090648,0.07191810295671168,0.0003255552046906796,2.4899830399984966
first_release,CPIAUCSL,12,autoreg,high_volatility,91,3.288330917499385,2.642501695293684,2.085907685580977,0.43956043956043955,0.4835164835164835,3.9575472635011186,5.079456921762969,0.6157815105281695,0.1442605826863213,7.701505675241489e-10,0.9706578139993767
first_release,CPIAUCSL,12,autoreg,normal_volatility,143,1.3937550323388568,0.8941611934550363,0.7445573917037427,0.951048951048951,0.9790209790209791,4.7148874191919905,6.051492488193535,0.5021647993193137,0.04113130510210868,0.001077307738214789,1.7080480089990644
first_release,CPIAUCSL,12,autoreg,recession,20,2.866471453596571,2.598088876839921,2.0615322339815974,0.15,0.15,2.902813898465477,3.7257213034787666,0.5279274678892715,0.2218942493443519,0.0007699176569827548,0.18872278299994505
first_release,CPIAUCSL,12,bvar_niw,all,234,2.1393844273311347,1.4303378780465974,1.1511528696234419,0.7692307692307693,0.811965811965812,4.0895385154083055,5.2488658595399995,0.5269192510779924,0.08291310668634834,0.0044059253700786845,85.26558239700172
first_release,CPIAUCSL,12,bvar_niw,expansion,214,2.0817999415589177,1.3395065816535565,1.080828640044597,0.8271028037383178,0.8598130841121495,4.232353528609734,5.432166944539779,0.5288727560183943,0.07080358465056175,0.000747972864022574,77.99938274400198
first_release,CPIAUCSL,12,bvar_niw,high_volatility,91,3.0493995361825568,2.4598815229502677,1.9239071826539242,0.43956043956043955,0.5494505494505495,3.768034706420907,4.836220188066836,0.5716151373164348,0.15244916076473322,1.0820115785720636e-05,33.19936135700051
first_release,CPIAUCSL,12,bvar_niw,normal_volatility,143,1.2538493596424152,0.7751737403806254,0.6594001249676804,0.9790209790209791,0.9790209790209791,4.294131848400288,5.5114585595683785,0.4984764143808019,0.03732993229195196,9.868350304173388e-05,52.06622104000121
first_release,CPIAUCSL,12,bvar_niw,recession,20,2.679153850022813,2.4022327494521343,1.9036221261170823,0.15,0.3,2.561417874153043,3.2875442500423815,0.5060167482156924,0.22252817747258818,0.00549521177791501,7.266199652999745
first_release,CPIAUCSL,12,dynamic_factor,all,234,2.2064779093916003,1.556498775385974,1.2223217661738626,0.7735042735042735,0.8205128205128205,4.910423846600175,6.302460775752693,0.5135271069155789,0.07951760274063457,0.028877455980592104,1559.6960020839997
first_release,CPIAUCSL,12,dynamic_factor,expansion,214,2.100958207500754,1.4475029309459095,1.140429851924648,0.8177570093457944,0.8598130841121495,5.037129078069152,6.465085179747631,0.517849137083731,0.06975483392523799,0.00500362262997107,1456.3782551189995
first_release,CPIAUCSL,12,dynamic_factor,high_volatility,91,3.227077553042161,2.7577857582388288,2.0601577638848627,0.45054945054945056,0.5714285714285714,4.564686403549301,5.858711571690433,0.5625700915500492,0.15552047831501475,1.0332917304654392e-05,555.508344084
first_release,CPIAUCSL,12,dynamic_factor,normal_volatility,143,1.1574108656022726,0.79204342266143,0.6891534039941352,0.9790209790209791,0.9790209790209791,5.130438583087096,6.584846632883221,0.4823179348754614,0.02938450781076842,4.2493540543895554e-06,1004.1876579999998
first_release,CPIAUCSL,12,dynamic_factor,recession,20,3.1195996661101337,2.722754310894662,2.0985652486404573,0.3,0.4,3.554677869882122,4.562379653006836,0.4672813841163513,0.1906868929876831,0.0035832371130506413,103.31774696500023
first_release,CPIAUCSL,12,elastic_net,all,234,2.436084631159231,1.7985568509939567,1.372596040927001,0.7692307692307693,0.8076923076923077,4.757460667317842,6.106134660598946,0.497346456525162,0.09085697653624326,0.0017901015402777495,14.929904070999177
first_release,CPIAUCSL,12,elastic_net,expansion,214,2.207560907846536,1.6305056730995573,1.2018884042000673,0.8177570093457944,0.8551401869158879,4.962381664365579,6.369147912889926,0.48364922814441275,0.08119183048678011,0.05206760856966941,13.859899049999077
first_release,CPIAUCSL,12,elastic_net,high_volatility,91,3.317499293190522,2.66014262748762,2.1092019291185227,0.5164835164835165,0.5384615384615384,4.228119969472091,5.426733230212798,0.5876506924549451,0.13652749107317944,9.976071673669286e-10,5.550963640000158
first_release,CPIAUCSL,12,elastic_net,normal_volatility,143,1.6453940953966137,1.250274993225262,0.9038468393505785,0.9300699300699301,0.9790209790209791,5.094313838674229,6.538481025390131,0.43988012456984543,0.05399907949164145,1.480467093519272e-05,9.378940430999016
first_release,CPIAUCSL,12,elastic_net,recession,20,4.158024558750539,3.5967044544640303,3.1991677539051944,0.25,0.3,2.564805998907059,3.291892861085464,0.6439068001991795,0.17926671276454273,1.725337209998905e-05,1.0700050210000986
first_release,CPIAUCSL,12,hist_gradient_boosting,all,234,2.1319081404103057,1.431908905855337,1.1659410514514972,0.6581196581196581,0.6965811965811965,2.8526578271071026,3.661346682819317,0.5648297673522615,0.10870897448652259,0.00017483440384089748,70.70274533400143
first_release,CPIAUCSL,12,hist_gradient_boosting,expansion,214,2.114066236748952,1.3688654874952788,1.1034859406050728,0.705607476635514,0.7476635514018691,2.979506509734734,3.8241552043831057,0.5644024876495273,0.09855359684274695,0.002465639398998401,66.37824296000153
first_release,CPIAUCSL,12,hist_gradient_boosting,high_volatility,91,2.8596269687584424,2.1366225350385566,1.8436149115504763,0.3516483516483517,0.38461538461538464,2.4561898787478977,3.1524855801047162,0.5871880001971478,0.16461960889838562,7.119957339577575e-11,24.28812614800134
first_release,CPIAUCSL,12,hist_gradient_boosting,normal_volatility,143,1.4944843118342288,0.9834547781932881,0.734694049570329,0.8531468531468531,0.8951048951048951,3.104955612426597,3.9851673845467896,0.5506018009964251,0.07351400002314709,0.0710968430905623,46.414619186000095
first_release,CPIAUCSL,12,hist_gradient_boosting,recession,20,2.3142221939684906,2.1064734823079605,1.8342107375082404,0.15,0.15,1.495376922991446,1.9192955020867726,0.5694016601715192,0.2282535691702919,4.744907487842478e-05,4.324502373999906
first_release,CPIAUCSL,12,mean,all,234,1.986053278070099,1.3788838531689478,1.0897758330019782,0.7435897435897436,0.782051282051282,3.7693405513239804,4.837896221854946,0.4587041872187008,0.0877398544579657,0.0006679182764528411,0.0626923039999411
first_release,CPIAUCSL,12,mean,expansion,214,1.9442582506822839,1.3027330781122572,1.0264696072769044,0.7990654205607477,0.8317757009345794,3.9228709448104775,5.034950348558178,0.45492860387971124,0.07528677442027676,9.847615756900306e-05,0.057317108000152696
first_release,CPIAUCSL,12,mean,high_volatility,91,2.6551272401875026,2.040309294076445,1.6266592059610734,0.5164835164835165,0.5604395604395604,3.3456975826509403,4.294156358170087,0.6004074681021457,0.12980682457451628,1.5816880436725395e-06,0.0242684739997781
first_release,CPIAUCSL,12,mean,normal_volatility,143,1.4029654498724486,0.957976754409631,0.7481227774825537,0.8881118881118881,0.9230769230769231,4.038931531388642,5.18391249874531,0.3685293721110539,0.04063876171132133,8.48811758820669e-12,0.038423830000163
first_release,CPIAUCSL,12,mean,recession,20,2.387900675864116,2.193697146275537,1.7671524482602685,0.15,0.25,2.1265653410184644,2.7294170661303623,0.49910292894588953,0.2300848102210858,0.003170063237557974,0.0053751959997884
first_release,CPIAUCSL,12,naive_drift,all,234,2.3925573785250522,1.778666508730785,1.3504183123677835,0.7393162393162394,0.7863247863247863,5.110541854506719,6.559309458219483,0.5189518830896095,0.09098343271214429,0.12305955455567608,0.0668057809990357
first_release,CPIAUCSL,12,naive_drift,expansion,214,2.2950998625405026,1.6777190086787779,1.2679856678762518,0.780373831775701,0.8317757009345794,5.2582531170466815,6.748894811210871,0.5215743849841252,0.08120970207753511,0.061661824834875145,0.0610714739992808
first_release,CPIAUCSL,12,naive_drift,high_volatility,91,3.5375184479513675,3.074298604063724,2.3096433904728015,0.3626373626373626,0.4835164835164835,4.6136266797957415,5.921525736217441,0.5463643858072897,0.17485813214436408,4.0023929090040365e-07,0.026169020999968096
first_release,CPIAUCSL,12,naive_drift,normal_volatility,143,1.1847399862206156,0.9541733571552783,0.7400023535736814,0.9790209790209791,0.9790209790209791,5.426760602050069,6.965171826766235,0.5015075631783584,0.03767613303989188,8.846112105500805e-05,0.04063675999906759
first_release,CPIAUCSL,12,naive_drift,recession,20,3.2576983156667367,2.8588047592872607,2.232447608427172,0.3,0.3,3.5300313453291077,4.530746181211618,0.4908911128182911,0.20443438707296263,0.0038818669219615742,0.005734306999754899
first_release,CPIAUCSL,12,naive_last,all,234,2.340046765896179,1.7376110472982549,1.3168162424101446,0.7350427350427351,0.7863247863247863,5.02779736685482,6.4531080580701,0.4997221384556872,0.09024308439645175,0.2823386342607236,0.0680395439998196
first_release,CPIAUCSL,12,naive_last,expansion,214,2.236730926270047,1.637242716751228,1.2348399322378873,0.7757009345794392,0.8271028037383178,5.169069825947942,6.634429296305978,0.5017867016293207,0.08099284109217458,0.3240996066450945,0.06229496700013171
first_release,CPIAUCSL,12,naive_last,high_volatility,91,3.4508057938430716,2.9759028584675633,2.2373539104078186,0.3516483516483517,0.4835164835164835,4.556976762694819,5.848816354780765,0.534582970914781,0.17207797289996,2.8163259198633724e-06,0.0265147499992608
first_release,CPIAUCSL,12,naive_last,normal_volatility,143,1.1758291160134473,0.9496071674632404,0.7310195445934429,0.9790209790209791,0.9790209790209791,5.327410478593001,6.837657323799677,0.4775379723453548,0.03773700855521748,0.0004288644855797983,0.0415247940005588
first_release,CPIAUCSL,12,naive_last,recession,20,3.245820806529222,2.8115521841514437,2.193962761253297,0.3,0.35,3.5161820545584126,4.512970808946202,0.47763131249780894,0.19813111904184696,0.003573842979085917,0.0057445769996879005
first_release,CPIAUCSL,12,random_forest,all,234,2.273810912354473,1.616211427551331,1.2805344682338362,0.5982905982905983,0.6794871794871795,3.199951640371652,4.1070934664247405,0.5625680104331663,0.11662913555291382,0.00020024117620592475,174.28711912499912
first_release,CPIAUCSL,12,random_forest,expansion,214,2.257563845381114,1.558393345557603,1.2187804763510361,0.6448598130841121,0.7336448598130841,3.349762726328717,4.299373913594496,0.5629461361376489,0.10676281935422408,0.001338647779110332,164.64057661699914
first_release,CPIAUCSL,12,random_forest,high_volatility,91,3.0781143073854613,2.4694280212535062,2.0457911852081234,0.25274725274725274,0.3076923076923077,2.68838775546202,3.4505083284295965,0.5348264217781771,0.19149376402169466,7.887753632858587e-10,59.366698218999915
first_release,CPIAUCSL,12,random_forest,normal_volatility,143,1.5591482332946327,1.0732554133772196,0.793552921068381,0.8181818181818182,0.916083916083916,3.525492294405054,4.52492037242165,0.5802217486681595,0.06919401422324863,0.0012411378838660756,114.92042090599921
first_release,CPIAUCSL,12,random_forest,recession,20,2.4408946395255766,2.2348649048842204,1.941302181379799,0.1,0.1,1.5969730206310615,2.049692681708353,0.5585220653952033,0.23335526686514935,4.969446068804268e-05,9.646542507999982
first_release,CPIAUCSL,12,ridge,all,234,2.566641013121851,1.869139426867529,1.4555317805795325,0.7051282051282052,0.7905982905982906,4.93996282747611,6.340373647256683,0.49725774485458185,0.09597752867054866,0.0019322685612399911,6.174703599001008
first_release,CPIAUCSL,12,ridge,expansion,214,2.2921862229521586,1.68092598496163,1.2663308190307123,0.7429906542056075,0.8317757009345794,5.142527552612335,6.600362657290123,0.4803195690932067,0.0872648598164894,0.020868958941700308,5.5969887540008365
first_release,CPIAUCSL,12,ridge,high_volatility,91,3.444531845708108,2.671541422346861,2.187102730711511,0.45054945054945056,0.5384615384615384,4.443989238446754,5.703798437393477,0.5986671557294097,0.13854606618246526,4.6083051303526236e-09,2.3554118320009207
first_release,CPIAUCSL,12,ridge,normal_volatility,143,1.7970691333801299,1.358519975198863,0.9899866304955458,0.8671328671328671,0.951048951048951,5.255582384131154,6.745466962624178,0.4327244833887825,0.05888913167239244,5.145657282522708e-06,3.819291767000088
first_release,CPIAUCSL,12,ridge,recession,20,4.566880781495962,3.883023255260644,3.4799820691519097,0.3,0.35,2.7725202685185115,3.5584912398988706,0.6784962255012954,0.16089496406234954,4.708618522265633e-06,0.5777148450001722
first_release,CPIAUCSL,12,seasonal_naive,all,234,2.340046765896179,1.7376110472982549,1.3230960728637042,0.7350427350427351,0.7948717948717948,5.211051903742314,6.688312709805371,0.5012366218083689,0.08862572387260567,0.340020499361149,0.062480187999400104
first_release,CPIAUCSL,12,seasonal_naive,expansion,214,2.236730926270047,1.637242716751228,1.2401529142143646,0.7757009345794392,0.8411214953271028,5.3790034040345205,6.903876126709458,0.5029003717720583,0.07884354349012578,0.1878511271147535,0.056967276999390304
first_release,CPIAUCSL,12,seasonal_naive,high_volatility,91,3.4508057938430716,2.9759028584675633,2.230886647238288,0.3516483516483517,0.5054945054945055,4.631077197944984,5.943923233783424,0.5364161107303745,0.1717101205366925,5.534495981198492e-06,0.024325617001276303
first_release,CPIAUCSL,12,seasonal_naive,normal_volatility,143,1.1758291160134473,0.9496071674632404,0.7454111618980601,0.9790209790209791,0.9790209790209791,5.580126716522433,7.162015103637518,0.47884967431254716,0.035292911641555846,0.00012711601114630698,0.03815457099812379
first_release,CPIAUCSL,12,seasonal_naive,recession,20,3.245820806529222,2.8115521841514437,2.210587870411641,0.3,0.3,3.4139708506157005,4.381784148931625,0.48343449719689324,0.20258885370648244,0.0033402903159365227,0.005512911000009799
first_release,CPIAUCSL,12,state_space,all,234,2.860561688701283,2.0626114526916286,1.580373768111589,0.7564102564102564,0.8162393162393162,6.399996042255587,8.214305990961556,0.5359587567024595,0.08189375209892936,0.005731753747965464,56.34927792099808
first_release,CPIAUCSL,12,state_space,expansion,214,2.8210302944819112,1.9940756838499516,1.532875291725996,0.7897196261682243,0.8457943925233645,6.562299988794967,8.422620851097822,0.543996831091944,0.0741995373330058,0.0010284492152967558,51.15883280099811
first_release,CPIAUCSL,12,state_space,high_volatility,91,4.189311618916885,3.512786495618492,2.610114903602715,0.43956043956043955,0.5604395604395604,5.708172794593498,7.326360465614895,0.5278900589776361,0.1595364342756231,0.00013091555790598622,22.075418685998727
first_release,CPIAUCSL,12,state_space,normal_volatility,143,1.4905250528477767,1.1397727890108973,0.925083954617236,0.958041958041958,0.9790209790209791,6.840247199858735,8.779362234363976,0.5410933825273471,0.03319204643814129,1.0730707301181113e-07,34.27385923499935
first_release,CPIAUCSL,12,state_space,recession,20,3.2536205335611115,2.7959441792975706,2.088607465437434,0.4,0.5,4.6633438142842145,5.9853369875034925,0.44995136073497494,0.16394582457692133,0.006765346635409619,5.190445119999964
first_release,CPIAUCSL,12,var,all,234,379.38035458333144,26.304826485057962,39.064102699231455,0.8247863247863247,0.8632478632478633,150.81086167102126,193.56364540652817,0.4558763043614541,0.061011325058615146,5.735075725722558e-12,1.1677971590014837
first_release,CPIAUCSL,12,var,expansion,214,396.711604885087,28.53111080475238,42.54051967127037,0.883177570093458,0.9065420560747663,164.60875124980421,211.27304495635633,0.45080016772979165,0.047658744899279154,1.0403622107643856e-13,1.074531649001248
first_release,CPIAUCSL,12,var,high_volatility,91,608.3596519676217,66.28283908651463,79.38812891776513,0.5714285714285714,0.6483516483516484,159.35216181464767,204.52628545773425,0.5169175147224127,0.11863193865438579,0.012198143840885052,0.44313631700075984
first_release,CPIAUCSL,12,var,normal_volatility,143,1.3449904621307094,0.8642730114037183,13.403358741982746,0.986013986013986,1.0,145.37548885234995,186.5874199193971,0.4170318977681169,0.021013553624770087,2.0100712589598132e-15,0.7246608420007237
first_release,CPIAUCSL,12,var,recession,20,2.750013053451548,2.483584264327735,1.8664410984150042,0.2,0.4,3.1734431780431587,4.073070223366705,0.5101909663202427,0.21051632905962156,0.009344834680790837,0.09326551000023539
first_release,INDPRO,1,arima,all,244,4.1515218456357275,2.5732458347551703,2.1556525889227447,0.8442622950819673,0.8647540983606558,8.981040386184365,11.527040542247223,0.3824524000512864,0.04610831769891583,1.2715401268830174e-15,235.0277448660035
first_release,INDPRO,1,arima,expansion,224,4.222478987303532,2.572808233825111,2.1826633653161536,0.8392857142857143,0.8616071428571429,8.95680830514066,11.495939002937424,0.3917264648544438,0.04731684350268824,2.1929168083668059e-13,218.28526480800372
first_release,INDPRO,1,arima,high_volatility,102,5.559487309424237,3.873568908983232,3.016759393494993,0.7254901960784313,0.7549019607843137,9.071682071590645,11.643377885981147,0.32949123270716923,0.06587341651343648,7.817263682202086e-08,95.1365198770012
first_release,INDPRO,1,arima,normal_volatility,142,2.722838843535213,1.6392109504505061,1.5371110814131008,0.9295774647887324,0.9436619718309859,8.915931569906613,11.443474281255243,0.42049492870691985,0.028790784480541252,5.560759547932256e-11,139.8912249890023
first_release,INDPRO,1,arima,recession,20,3.2527139137009553,2.5781469651718334,1.8531318933165593,0.9,0.9,9.252439693873836,11.875377782516939,0.27858287425592376,0.021980088299579648,2.246768376084096e-05,16.742480057999785
first_release,INDPRO,1,autoreg,all,244,4.119771460998406,2.5313352986451867,2.138801528142397,0.8401639344262295,0.860655737704918,8.804329625949743,11.30023473691878,0.3932601347877099,0.048231794770648886,4.909043240443054e-14,2.6581085559992514
first_release,INDPRO,1,autoreg,expansion,224,4.1831344472717,2.534077213543971,2.164194772589614,0.8392857142857143,0.8571428571428571,8.775668147356425,11.263448127401448,0.4021383832136606,0.04943299226785161,4.678966137383895e-12,2.4768793269991995
first_release,INDPRO,1,autoreg,high_volatility,102,5.510052654753536,3.78354586568202,2.9963617058725287,0.7156862745098039,0.7450980392156863,8.91902821518751,11.44744878244474,0.3381197443876857,0.06682285077683671,1.6798202725199036e-07,1.1297890779994708
first_release,INDPRO,1,autoreg,normal_volatility,142,2.712133320496766,1.6318601026046438,1.52280759766019,0.9295774647887324,0.9436619718309859,8.721940498469094,11.194489436611395,0.43286802084969905,0.03147747228024821,4.87103038282108e-10,1.5283194779997806
first_release,INDPRO,1,autoreg,recession,20,3.328698163577216,2.500625851778802,1.854397190333568,0.85,0.9,9.12533818619492,11.712244763512885,0.29382375241706227,0.025334765929065785,0.0007386194102692034,0.18122922900005148
first_release,INDPRO,1,bvar_niw,all,244,4.1478520265288585,2.546011943305619,2.1545586828965604,0.8442622950819673,0.860655737704918,9.077608632639635,11.65098454473673,0.3838098600757944,0.04575919140657067,1.1454149116456572e-15,19.03487932499987
first_release,INDPRO,1,bvar_niw,expansion,224,4.206264961967539,2.529494741658674,2.1744602143042,0.84375,0.8571428571428571,9.078314527442826,11.651890550908073,0.3943376182686231,0.04654260088066229,1.5945676011579447e-13,17.521530226999822
first_release,INDPRO,1,bvar_niw,high_volatility,102,5.607223402392582,3.906083526431096,3.0434891604431926,0.7156862745098039,0.7450980392156863,9.159604113681153,11.75622460530929,0.32506835739420803,0.06430601844160544,1.704998377151127e-08,7.808162871000544
first_release,INDPRO,1,bvar_niw,normal_volatility,142,2.641707344956552,1.569059115990136,1.516031156771515,0.9366197183098591,0.9436619718309859,9.018710470201357,11.575389571649396,0.42600446059355357,0.028509244927416293,9.520498430116654e-12,11.226716453999323
first_release,INDPRO,1,bvar_niw,recession,20,3.426252365991414,2.731004601751398,1.931661531131,0.85,0.9,9.069702610843864,11.64083727561767,0.2658989683161127,0.023031431598041177,4.545927774319418e-05,1.513349098000048
first_release,INDPRO,1,dynamic_factor,all,236,4.164859234782989,2.5963378140241593,2.1789124902659864,0.8389830508474576,0.8516949152542372,9.200528535055213,11.808750531489565,0.38187944857022943,0.046154980490295414,4.496013668651783e-15,1585.9416785390008
first_release,INDPRO,1,dynamic_factor,expansion,222,4.1783681968759865,2.5590114107104487,2.1740210611425494,0.8423423423423423,0.8513513513513513,9.18746683518341,11.791986021199136,0.3908026548569158,0.046449544336615606,2.0889859972463044e-13,1511.9161068780008
first_release,INDPRO,1,dynamic_factor,high_volatility,94,5.69990792809042,4.065834323975865,3.140561758543802,0.6914893617021277,0.7127659574468085,9.364092390848079,12.018682467645982,0.32295215571081043,0.06818369249971318,5.843768889609659e-08,659.3811224160008
first_release,INDPRO,1,dynamic_factor,normal_volatility,142,2.7058973682859264,1.6235725187040164,1.5423277633778554,0.9366197183098591,0.9436619718309859,9.092253869952891,11.669781503329682,0.42088765651942245,0.02810536214626028,3.329198921102554e-12,926.5605561230001
first_release,INDPRO,1,dynamic_factor,recession,14,3.944467029613655,3.1882279237129887,2.2564765806519196,0.7857142857142857,0.8571428571428571,9.407649775879523,12.074587766094934,0.24038289173849045,0.02177667822904099,6.148103087890167e-05,74.02557166100007
first_release,INDPRO,1,elastic_net,all,244,4.222062323839248,2.489498262322899,2.1664894560635326,0.8401639344262295,0.8565573770491803,8.689629845825475,11.153019162906533,0.3940944306767207,0.0463228274972603,1.76500077266079e-16,16.14556324999898
first_release,INDPRO,1,elastic_net,expansion,224,4.239437230547323,2.472774227692145,2.1746347711349197,0.8392857142857143,0.8526785714285714,8.677974922258965,11.138060230456501,0.4024372240327235,0.046887000402377886,2.0092632538293333e-14,15.403700916999062
first_release,INDPRO,1,elastic_net,high_volatility,102,5.765115440431359,3.7774447590486027,3.134542785564559,0.7058823529411765,0.7352941176470589,8.905462948678478,11.4300379513726,0.34704576970519324,0.066264125637639,5.974614993787952e-09,6.8586909629995
first_release,INDPRO,1,elastic_net,normal_volatility,142,2.599253669649429,1.5643535956607744,1.4711272052951891,0.9366197183098591,0.9436619718309859,8.53459480011416,10.954033835980203,0.42788994771260647,0.0296156180108388,7.603639776342379e-11,9.286872286999476
first_release,INDPRO,1,elastic_net,recession,20,4.022339032734875,2.6768074501873467,2.0752619272639956,0.85,0.9,8.820164989770372,11.32055920634689,0.30065514508948793,0.03212826827701058,0.0010069408567683347,0.7418623329999141
first_release,INDPRO,1,hist_gradient_boosting,all,244,4.1483180157139845,2.6612999833510815,2.185354447476284,0.7991803278688525,0.8442622950819673,8.352573606347656,10.720412163003168,0.39868186707833225,0.05990767269612008,3.478495792230866e-11,77.43000263399915
first_release,INDPRO,1,hist_gradient_boosting,expansion,224,4.0436948154243,2.5315926340144643,2.114482853271849,0.8258928571428571,0.8526785714285714,8.350104544955055,10.717243157013884,0.4184412704508194,0.0581536695988756,3.1340923631087094e-09,72.88368955099895
first_release,INDPRO,1,hist_gradient_boosting,high_volatility,102,5.619647135879569,4.035186700074506,3.143497216481961,0.6176470588235294,0.7058823529411765,8.56592555430299,10.994246423634232,0.3497772186877814,0.0881114611778927,1.8705481721796894e-05,33.236083071998735
first_release,INDPRO,1,hist_gradient_boosting,normal_volatility,142,2.623941872147109,1.6744236093666498,1.4971110500215017,0.9295774647887324,0.9436619718309859,8.199320798661432,10.52371431381747,0.43381055817577024,0.03715691881045492,1.2867873996670364e-08,44.19391956200042
first_release,INDPRO,1,hist_gradient_boosting,recession,20,5.177622801114919,4.114022295921193,2.979116302565962,0.5,0.75,8.380227093944779,10.755905030083122,0.17737654930647623,0.027490423698908802,6.68794964879859e-06,4.546313083000199
first_release,INDPRO,1,mean,all,244,5.171756587089644,3.550199617222435,2.7964479799257576,0.8524590163934426,0.8811475409836066,13.809550664830894,17.72436639173744,0.36273058934603436,0.0434245441871352,3.0249984937992705e-17,0.0610824690009394
first_release,INDPRO,1,mean,expansion,224,4.350092444628221,3.03483499357974,2.4158188295436416,0.8973214285714286,0.9241071428571429,13.936705650460164,17.88756804894769,0.3871748523753961,0.03882800297443692,2.2257849673416618e-15,0.0558989260008398
first_release,INDPRO,1,mean,high_volatility,102,7.166105612820732,5.4591189613440045,4.018847078568925,0.7352941176470589,0.7941176470588235,14.536409261998429,18.657279301350883,0.29077904320333764,0.05204362867306071,4.4880717316968464e-13,0.025567849000931103
first_release,INDPRO,1,mean,normal_volatility,142,3.0120310950962215,2.179004032008351,1.918386655548271,0.9366197183098591,0.9436619718309859,13.287440968273932,17.054245851029187,0.4144140943217744,0.03112335437435199,3.555999390816382e-11,0.035514620000008296
first_release,INDPRO,1,mean,recession,20,10.694540648956986,9.322283402020624,7.0594944642054545,0.35,0.4,12.385414825783075,15.896507830982662,0.08895484341718286,0.013716392952923592,7.793751407036277e-10,0.0051835430000996005
first_release,INDPRO,1,naive_drift,all,244,4.190004662621995,2.6036917001287962,2.18216684021535,0.8401639344262295,0.8565573770491803,9.038963720342881,11.601384336782925,0.37962997178563573,0.04596348052861544,1.099256463925695e-15,0.06818636300114861
first_release,INDPRO,1,naive_drift,expansion,224,4.252227540019611,2.59821260293264,2.2057915714242666,0.8392857142857143,0.8526785714285714,9.019556514392276,11.576475457612478,0.38915475574500036,0.047196748061062735,2.0328350692989904e-13,0.0625368180011667
first_release,INDPRO,1,naive_drift,high_volatility,102,5.627982344253576,3.9507005864078373,3.074340984344468,0.7058823529411765,0.7352941176470589,9.146551138108189,11.739471292535198,0.32745178048470847,0.06647229324780317,7.274136148708626e-09,0.028521655000696595
first_release,INDPRO,1,naive_drift,normal_volatility,142,2.7230511011227843,1.636121936745261,1.5413093564042921,0.9366197183098591,0.9436619718309859,8.96168261744104,11.50219511504538,0.41711008102996394,0.02821451729612523,5.990800812944678e-12,0.039664708000452
first_release,INDPRO,1,naive_drift,recession,20,3.416544936709263,2.665057588725746,1.9175698506754781,0.85,0.9,9.256324426989677,11.880363783491953,0.2729523914407538,0.020859326828943744,2.0612399220368144e-05,0.0056495449999819005
first_release,INDPRO,1,naive_last,all,244,4.179675011730493,2.5967467655754453,2.176735411874648,0.8401639344262295,0.8565573770491803,9.017704170416838,11.574097999858708,0.37992919717243806,0.0460312632852055,1.517852883998261e-15,0.0688911290022701
first_release,INDPRO,1,naive_last,expansion,224,4.240613314830254,2.5898092450462804,2.1995017849605794,0.8392857142857143,0.8526785714285714,8.998742949083066,11.549761535746923,0.3896390883121625,0.04724476775216129,3.2887465518677413e-13,0.0631375590026444
first_release,INDPRO,1,naive_last,high_volatility,102,5.6152897012970175,3.9418913085337954,3.0675694818725616,0.7058823529411765,0.7352941176470589,9.125550314932745,11.712517027800311,0.3270189186178003,0.06636335978604685,7.456631196505038e-09,0.0288351560016578
first_release,INDPRO,1,naive_last,normal_volatility,142,2.7145822985440384,1.6305161783800117,1.5368405165240344,0.9366197183098591,0.9436619718309859,8.940237221539215,11.474670247393613,0.417935171908868,0.02831373335222139,6.384294984631946e-12,0.040055973000612304
first_release,INDPRO,1,naive_last,recession,20,3.4238517319961748,2.6744469955020946,1.921752033312223,0.85,0.9,9.230069849355065,11.846666397910733,0.2711784164075232,0.02065052412535008,1.539849438287087e-05,0.005753569999625698
first_release,INDPRO,1,random_forest,all,244,4.243163628640243,2.773800824508474,2.243852258519609,0.8155737704918032,0.8524590163934426,8.864190296734078,11.377065076094029,0.3934100695988281,0.058154226797534125,6.682367884736675e-13,186.59052484400002
first_release,INDPRO,1,random_forest,expansion,224,4.136168952246385,2.630558700014368,2.1669055973401066,0.8303571428571429,0.8660714285714286,8.855782973472452,11.366274393509231,0.4143280899671555,0.0564462769622486,6.933155829468222e-11,175.71772771099995
first_release,INDPRO,1,random_forest,high_volatility,102,5.724407036911136,4.290844546130772,3.2129083133733354,0.6568627450980392,0.7352941176470589,9.104181523007389,11.685090480287917,0.33841416088571363,0.08787698276657452,2.9003787604843435e-08,80.40709898900133
first_release,INDPRO,1,random_forest,normal_volatility,142,2.720114829164179,1.6840933624980916,1.547769740244396,0.9295774647887324,0.9366197183098591,8.69180223279128,11.155807391391377,0.4329141730406428,0.03351628524898565,1.512799162149327e-11,106.18342585499869
first_release,INDPRO,1,random_forest,recession,20,5.295821950534814,4.3781126188424695,3.1056548637300287,0.65,0.7,8.958352317264321,11.497920721043775,0.15912824147356158,0.018325453072208064,2.1269365117114445e-07,10.872797133000063
first_release,INDPRO,1,ridge,all,244,4.18071025460798,2.498443194971424,2.1524588026412097,0.8401639344262295,0.8524590163934426,8.636743839964174,11.085140709245586,0.3946223219063374,0.04750067838764465,6.31546935603088e-17,6.779696838002951
first_release,INDPRO,1,ridge,expansion,224,4.1930939841519645,2.472588489857545,2.1568090213440247,0.8392857142857143,0.8482142857142857,8.625645848774859,11.070896591762988,0.4045016755679196,0.04809260724977396,2.201018384284425e-15,6.313241668002763
first_release,INDPRO,1,ridge,high_volatility,102,5.7038928569754885,3.8036348332771097,3.114867005233505,0.7058823529411765,0.7254901960784313,8.840330485581262,11.346441340016415,0.34310877832316344,0.06790108979571487,1.3317834192594153e-08,2.7702802400015067
first_release,INDPRO,1,ridge,normal_volatility,142,2.581361101029354,1.5609111730898757,1.4611515021875894,0.9366197183098591,0.9436619718309859,8.49050554522514,10.897445889959494,0.43162500814213844,0.029925934349258485,1.484924642635e-11,4.009416598001444
first_release,INDPRO,1,ridge,recession,20,4.039419543842543,2.7880158922468645,2.103736353169686,0.85,0.9,8.761041341284518,11.244674825050657,0.2839735608966165,0.029015142125984782,0.00016086479124994036,0.4664551700001869
first_release,INDPRO,1,seasonal_naive,all,244,6.269845056485033,4.250670971744425,3.3462477165973006,0.8360655737704918,0.8647540983606558,15.876858327386826,20.37772705095888,0.39775937719883897,0.055041547888416,2.6738180491717633e-12,0.0649052219997534
first_release,INDPRO,1,seasonal_naive,expansion,224,5.880722704918075,3.8973151141372497,3.099950879838562,0.875,0.9017857142857143,16.12146200248201,20.691672469124708,0.4218091043530939,0.05097821662321873,1.8180931639292277e-10,0.059738207999703294
first_release,INDPRO,1,seasonal_naive,high_volatility,102,8.947514212634449,6.826325952308624,5.073173451251955,0.6862745098039216,0.7549019607843137,16.536063735427078,21.22380803238256,0.3635710956999989,0.08867205494145528,4.4885463367519693e-07,0.0270511169997524
first_release,INDPRO,1,seasonal_naive,normal_volatility,142,3.168903080518664,2.400552605423664,2.105779935366493,0.9436619718309859,0.9436619718309859,15.40334458358326,19.76997874035877,0.42231715686701965,0.02988907125129955,1.6037865630967735e-11,0.037854105000001
first_release,INDPRO,1,seasonal_naive,recession,20,9.60547765779856,8.208256576944786,6.104772288295171,0.4,0.45,13.137297166320774,16.86153836750161,0.12840243307118288,0.022438491718107717,4.482492872488032e-07,0.0051670140000501
first_release,INDPRO,1,state_space,all,244,4.3206472539688905,2.6530528430939526,2.2325993946942653,0.8442622950819673,0.8565573770491803,9.152743016151211,11.747418481965985,0.3852929670980735,0.04753147769332733,9.750696874477262e-15,70.37482053499991
first_release,INDPRO,1,state_space,expansion,224,4.40763668291927,2.6785305598928484,2.2714820787313275,0.8392857142857143,0.8526785714285714,9.138004145046887,11.728501345703256,0.39155709270597167,0.048699081617121005,3.7859335558543674e-13,65.76871559599994
first_release,INDPRO,1,state_space,high_volatility,102,5.820601762608617,3.9570487116615376,3.14551191750379,0.7156862745098039,0.7352941176470589,9.291923640965747,11.926054879971764,0.3339956452252147,0.06602940463988252,9.4391919570604e-08,30.981234544999495
first_release,INDPRO,1,state_space,normal_volatility,142,2.7823524846080314,1.7163797544045614,1.5768453290141835,0.9366197183098591,0.9436619718309859,9.052768201143591,11.61910219607451,0.42214033914759175,0.03134735719026444,4.300991980998038e-10,39.39358599000042
first_release,INDPRO,1,state_space,recession,20,3.188132088997928,2.3677024149463293,1.797113333479172,0.9,0.9,9.317818372519648,11.95929040810853,0.31513476028961296,0.03068530541113269,0.002014672002261353,4.606104938999977
first_release,INDPRO,1,var,all,244,4.635529303011777,2.588010034602316,2.2412730886091596,0.8524590163934426,0.8770491803278688,9.181097041498594,11.783810479514283,0.38656235421016155,0.04240403739098121,1.1112922801413545e-17,1.1710122710006643
first_release,INDPRO,1,var,expansion,224,4.7550078310921124,2.601176731772474,2.2878602782672735,0.8526785714285714,0.875,9.201120986641756,11.809510934868658,0.39569705851046066,0.043166995773009635,1.360972862732515e-15,1.0804733460004057
first_release,INDPRO,1,var,high_volatility,102,6.459379691313858,4.019930564213842,3.253567949959026,0.7352941176470589,0.7843137254901961,9.432847814202564,12.106929098150585,0.3360884474732829,0.0596618889695031,6.394395700114123e-08,0.4914979770008984
first_release,INDPRO,1,var,normal_volatility,142,2.6368173525582415,1.559447400656009,1.5141317093296784,0.9366197183098591,0.9436619718309859,9.000261979415463,11.551711190071307,0.4228182590493279,0.02717599910047796,6.453993150079008e-13,0.6795142939997659
first_release,INDPRO,1,var,recession,20,2.9869876643227573,2.440543026296546,1.7194965644382858,0.85,0.9,8.956828855895175,11.495965379545286,0.2842536660468109,0.023679393835720923,0.00011577962546605212,0.0905389250002587
first_release,INDPRO,3,arima,all,242,4.783649740031447,3.0272379814996984,2.488902258530616,0.8057851239669421,0.8512396694214877,10.083334774696777,12.941820073293561,0.39837199288311703,0.05652034392543762,5.2226620664314e-14,236.29839561000085
first_release,INDPRO,3,arima,expansion,222,4.744257813558584,2.918834138777556,2.443103444401309,0.8243243243243243,0.8558558558558559,10.139826234540873,13.014326077042902,0.4177508644243755,0.05528966307586471,7.808792262718174e-12,219.15216041400055
first_release,INDPRO,3,arima,high_volatility,103,6.71909973481725,4.904933376888931,3.786968516874236,0.6310679611650486,0.7281553398058253,10.486117735737869,13.458786407036953,0.3666037809525171,0.09322366577299189,6.7183887813967475e-06,97.89930022300041
first_release,INDPRO,3,arima,normal_volatility,139,2.52710591966828,1.635852184916309,1.527025822491818,0.935251798561151,0.9424460431654677,9.784869702846182,12.558744300807454,0.42191246647197883,0.028489942019834943,4.050807888728028e-12,138.39909538700044
first_release,INDPRO,3,arima,recession,20,5.200902428462379,4.230520635715491,2.997269095365925,0.6,0.8,9.45627957042729,12.137003431675899,0.18326651877514893,0.020716316812047164,1.6493598716771112e-07,17.146235196000333
first_release,INDPRO,3,autoreg,all,242,4.81162593554586,3.017605191203708,2.505107412161564,0.8057851239669421,0.8347107438016529,9.622262427597466,12.350040122487568,0.4315595737309959,0.06317469719258555,6.064992507389544e-07,2.8011864449993906
first_release,INDPRO,3,autoreg,expansion,222,4.802883540934239,2.9442052656030557,2.480972115506088,0.8243243243243243,0.8378378378378378,9.673261060962997,12.415496159775632,0.45160776595075214,0.061482933970532706,9.185683448947113e-06,2.610886426999432
first_release,INDPRO,3,autoreg,high_volatility,103,6.7518844995135785,4.750472725054885,3.84229060450408,0.6213592233009708,0.6893203883495146,10.085104280765247,12.944091209744794,0.3968559073885771,0.09637886125404595,0.00019310201809080496,1.2163598029995013
first_release,INDPRO,3,autoreg,normal_volatility,139,2.5546738383011776,1.7335378819470797,1.5142450466127941,0.9424460431654677,0.9424460431654677,9.279293284602632,11.909843993081132,0.4572752401573927,0.03752529436160333,1.6169990903219602e-06,1.5848266419998893
first_release,INDPRO,3,autoreg,recession,20,4.907620780118182,3.832344365370948,2.773009205037352,0.6,0.8,9.056177597240056,11.623478108590058,0.20902464009170146,0.02935311682232949,1.7573858585607693e-05,0.1903000179999586
first_release,INDPRO,3,bvar_niw,all,242,4.6350897869883285,2.9436971819851365,2.438499519203904,0.7975206611570248,0.8512396694214877,10.290692523335606,13.207960862392543,0.41222639764294494,0.05799368592871628,2.6587827122048717e-13,32.48346036999888
first_release,INDPRO,3,bvar_niw,expansion,222,4.569265830880828,2.822072851847571,2.377252649144432,0.8198198198198198,0.8648648648648649,10.404769996166758,13.354377713641162,0.43259435406094765,0.05570426010639408,3.2466433035649534e-11,29.75864578699898
first_release,INDPRO,3,bvar_niw,high_volatility,103,6.576743493931415,4.89066462036844,3.763154214217102,0.6019417475728155,0.7184466019417476,10.661166630290111,13.683459230854032,0.36173885760262214,0.0940662607749118,1.085891159916806e-05,13.623444647000353
first_release,INDPRO,3,bvar_niw,normal_volatility,139,2.3135909229100906,1.5009803031831201,1.456920860309232,0.9424460431654677,0.9496402877697842,10.016168544800975,12.855613150511012,0.4496380280325367,0.028439311467106456,1.0662955515468299e-10,18.86001572299852
first_release,INDPRO,3,bvar_niw,recession,20,5.311231697594752,4.2937272465121135,3.118339776864045,0.55,0.7,9.024432574909858,11.582733813532922,0.1861420814031151,0.029024050227134956,1.399849990667691e-05,2.7248145829998967
first_release,INDPRO,3,dynamic_factor,all,234,4.626938735743745,3.030479547221589,2.455820042454275,0.8034188034188035,0.8376068376068376,10.131201684977702,13.003256587518477,0.3936880722618014,0.05749023101316199,2.20116530211568e-13,1571.1015975840005
first_release,INDPRO,3,dynamic_factor,expansion,218,4.5329705425487266,2.9031764820748527,2.3843546985547364,0.8256880733944955,0.8486238532110092,10.186571109843248,13.074322474963752,0.41096207397525586,0.05584343948379424,1.0890816305487486e-11,1486.5803985070002
first_release,INDPRO,3,dynamic_factor,high_volatility,95,6.596702459158671,5.037166899043554,3.8233161010994516,0.6,0.6842105263157895,10.6080492288286,13.615283784155501,0.3520431952781043,0.09677275093385128,1.2506583575809606e-06,666.1429804550007
first_release,INDPRO,3,dynamic_factor,normal_volatility,139,2.509747337821528,1.659002580149023,1.5212004340277152,0.9424460431654677,0.9424460431654677,9.805298687381764,12.584964618593894,0.42215039825785333,0.02913929480527002,5.055338839611616e-12,904.9586171289998
first_release,INDPRO,3,dynamic_factor,recession,16,5.756400460662826,4.7649838098458766,3.429535353085486,0.5,0.6875,9.376793271184642,12.03498387107659,0.15832979891598392,0.0217234614195587,4.541752668994525e-06,84.5211990770002
first_release,INDPRO,3,elastic_net,all,242,4.859098191730228,3.0083772868642553,2.5223460536775275,0.8057851239669421,0.8223140495867769,9.367631900185744,12.023225378698656,0.4295193061224242,0.06428783284107016,2.2624381766990753e-08,25.075603770000647
first_release,INDPRO,3,elastic_net,expansion,222,4.806925646407168,2.89894581429842,2.4715857253438878,0.8288288288288288,0.8333333333333334,9.380612038477912,12.039885205834937,0.4463582330508479,0.06191263079363018,2.1762848408693258e-07,23.08291213100086
first_release,INDPRO,3,elastic_net,high_volatility,103,6.77872427035631,4.671984840188663,3.8354606854950126,0.6407766990291263,0.6796116504854369,9.896809974930267,12.702418084594065,0.40892333741525894,0.09691747402977431,3.3887921557833255e-05,9.537791591998907
first_release,INDPRO,3,elastic_net,normal_volatility,139,2.6564141809054482,1.775632121451204,1.549318664632916,0.9280575539568345,0.9280575539568345,8.975507139763542,11.5199386973517,0.4447810671068705,0.04008490812870413,3.679629073389475e-07,15.537812178001738
first_release,INDPRO,3,elastic_net,recession,20,5.404496005941149,4.223066632345021,3.0857856981809277,0.55,0.7,9.223552365142675,11.838301297485922,0.24260721721692105,0.055210828925415296,0.00012312926552811662,1.9926916389997866
first_release,INDPRO,3,hist_gradient_boosting,all,242,4.255801704364658,2.9231089785610607,2.303311047593826,0.7727272727272727,0.8016528925619835,8.238901700015573,10.574515850720672,0.44858940191198404,0.08014470902955392,0.0012855923725395165,77.09023270400071
first_release,INDPRO,3,hist_gradient_boosting,expansion,222,4.0224639230301795,2.696613070535871,2.1387806856862874,0.8063063063063063,0.8378378378378378,8.286280476415284,10.635325851891768,0.4793499827002284,0.07397131070958601,0.03157944741093732,72.50388602200086
first_release,INDPRO,3,hist_gradient_boosting,high_volatility,103,5.849043928276706,4.54355537762361,3.4429055452712807,0.5825242718446602,0.6504854368932039,8.63159835730635,11.078536553751817,0.40607220876697075,0.11891988069046373,2.4922667637116174e-05,33.68198479099965
first_release,INDPRO,3,hist_gradient_boosting,normal_volatility,139,2.4863683310997433,1.7223465389679482,1.4588633262932664,0.9136690647482014,0.9136690647482014,7.947910651807299,10.20103288372637,0.48009494791152624,0.04971653201934783,0.0007774022212331496,43.40824791300106
first_release,INDPRO,3,hist_gradient_boosting,recession,20,6.289114790102352,5.437213557640661,4.129598064767509,0.4,0.4,7.71299728197877,9.899524837721486,0.107146955162472,0.022394576900138866,3.236634542108124e-09,4.5863466819998555
first_release,INDPRO,3,mean,all,242,5.146388163513126,3.5120483027661296,2.782139506727152,0.8553719008264463,0.8801652892561983,13.622216007740079,17.483924962415326,0.3646300724549486,0.0438808163049236,5.653037637847086e-17,0.06646093700244911
first_release,INDPRO,3,mean,expansion,222,4.2906097583457745,2.9812954380083934,2.376479598651725,0.9009009009009009,0.9234234234234234,13.819058169881156,17.736569142360693,0.39021787670271035,0.03878657200551022,1.3050105460681683e-14,0.0609875780023578
first_release,INDPRO,3,mean,high_volatility,103,7.169320165751803,5.439599391554097,4.055274236143006,0.7378640776699029,0.7864077669902912,14.333112732290328,18.39635103031802,0.2906468768716147,0.05209059053471536,2.9710390165143423e-13,0.028201137000218493
first_release,INDPRO,3,mean,normal_volatility,139,2.8326623652917586,2.083719078700226,1.838737512987347,0.9424460431654677,0.9496402877697842,13.095436420483418,16.807810681883108,0.4194521526354047,0.031018156712455478,2.486648394928264e-10,0.0382598000022306
first_release,INDPRO,3,mean,recession,20,10.776301702122012,9.403405101577004,7.284964486364397,0.35,0.4,11.437268007974097,14.679574565021687,0.0806054453047935,0.012878589920626538,2.0559361061353003e-10,0.0054733590000913
first_release,INDPRO,3,naive_drift,all,242,4.827524448432943,3.171187978139567,2.562134328010583,0.7933884297520661,0.8347107438016529,10.16731144106468,13.04960295770356,0.38839864910156874,0.059358402629351756,6.398525173413048e-15,0.0712040400020742
first_release,INDPRO,3,naive_drift,expansion,222,4.788598339337334,3.0701314735214993,2.519437708763034,0.8108108108108109,0.8378378378378378,10.230384283489164,13.130556074545147,0.4073080929778163,0.05865460291403609,1.598368830425974e-12,0.0654587340018533
first_release,INDPRO,3,naive_drift,high_volatility,103,6.77547781653344,5.176449853298119,3.9278771009287747,0.6019417475728155,0.6893203883495146,10.5764029651125,13.57466624440729,0.35703167149535825,0.10032536895341378,8.589016735145276e-08,0.0303331870007016
first_release,INDPRO,3,naive_drift,normal_volatility,139,2.5605991788288214,1.6852745023026525,1.5501091077906277,0.935251798561151,0.9424460431654677,9.864171678640757,12.660527284822376,0.4116418051694801,0.02823009457900473,4.064191714029313e-13,0.0408708530013726
first_release,INDPRO,3,naive_drift,recession,20,5.240221828943677,4.292915179400119,3.0360668016583694,0.6,0.8,9.467202890152908,12.151023360761938,0.17850382207522097,0.02011637538905263,8.135755378610932e-08,0.0057453060002209
first_release,INDPRO,3,naive_last,all,242,4.7947417064384945,3.1474689363391963,2.543238597874382,0.7892561983471075,0.8347107438016529,10.102507914457265,12.966428531761395,0.3896169554811378,0.05950122818305373,1.4630667893008108e-14,0.07228951399982199
first_release,INDPRO,3,naive_last,expansion,222,4.751182344194575,3.0422649774773634,2.497444010336589,0.8108108108108109,0.8378378378378378,10.167162635533609,13.04941196787211,0.4088740190608576,0.058657236372348445,3.026398265842549e-12,0.0664377620002086
first_release,INDPRO,3,naive_last,high_volatility,103,6.733641954337531,5.142055057432316,3.9027562633207773,0.5922330097087378,0.6893203883495146,10.511785394882583,13.491730490891742,0.356530224513653,0.10008425779759896,8.790301447357861e-08,0.0306123800007705
first_release,INDPRO,3,naive_last,normal_volatility,139,2.5350087264254526,1.6694662710687553,1.535826227075973,0.935251798561151,0.9424460431654677,9.7992303570198,12.57717600089502,0.4141344611620797,0.028513697833780802,9.004593830712258e-13,0.0416771339990515
first_release,INDPRO,3,naive_last,recession,20,5.254054383830391,4.315232879705539,3.0515585195438724,0.55,0.8,9.384840510509857,12.045312390932448,0.17586354974624815,0.020021638214173066,8.916988293777782e-08,0.0058517519996134
first_release,INDPRO,3,random_forest,all,242,4.210645953707405,2.9043615165402357,2.279165519726362,0.7520661157024794,0.8181818181818182,8.460176935729256,10.858519541093854,0.4462247150264858,0.07893627852368704,0.00013578917694266656,186.42436628299882
first_release,INDPRO,3,random_forest,expansion,222,3.8605476054001633,2.620978954830617,2.0649110857748907,0.7882882882882883,0.8513513513513513,8.486664972685722,10.892516568470706,0.4771889823777139,0.07268647185506691,0.0024437484634618374,176.04111109499857
first_release,INDPRO,3,random_forest,high_volatility,103,5.737698617430388,4.441336748975591,3.3392308225755785,0.5533980582524272,0.6796116504854369,8.948126218661223,11.484795665580458,0.40987585804001714,0.11582881826442806,0.0009529431940579738,82.14337517100051
first_release,INDPRO,3,random_forest,normal_volatility,139,2.5440951853272127,1.7654518119298652,1.493649503946007,0.8992805755395683,0.920863309352518,8.098603006650173,10.394444427265649,0.47315947955602744,0.050523000496417184,0.00010385882162715292,104.2809911119983
first_release,INDPRO,3,random_forest,recession,20,7.00677795951116,6.049907951517006,4.657389736587692,0.35,0.45,8.16615972551251,10.481152537210823,0.10252134742785442,0.02023380457837711,1.7887694342112091e-09,10.383255188000248
first_release,INDPRO,3,ridge,all,242,4.83201422374379,3.019149713606433,2.5134903252171146,0.7975206611570248,0.8223140495867769,9.33146186457906,11.976801640587633,0.42785644535498574,0.06449878297471527,3.240089163645579e-08,6.841324742000796
first_release,INDPRO,3,ridge,expansion,222,4.7566241973914165,2.8935482503159973,2.4471459669146185,0.8198198198198198,0.8378378378378378,9.350405576155431,12.001115631169101,0.44511187114493433,0.06172610343465235,2.4798871327167574e-07,6.275388257000561
first_release,INDPRO,3,ridge,high_volatility,103,6.751341667868616,4.73917250551775,3.839923992141321,0.6213592233009708,0.6699029126213593,9.853072051492834,12.646281067609637,0.39906995794668626,0.09691660304210074,5.0577142446019864e-05,2.7561281530011237
first_release,INDPRO,3,ridge,normal_volatility,139,2.6218509008980972,1.7446004505354562,1.5305934353380262,0.9280575539568345,0.935251798561151,8.944944963484682,11.480712568765568,0.4491874396215675,0.03992836552412773,8.29923181402956e-07,4.085196588999673
first_release,INDPRO,3,ridge,recession,20,5.601108369293347,4.413325956130258,3.2499127023748144,0.55,0.65,9.121186666081337,11.706916345133333,0.23632121908655676,0.05804855485018547,0.00018756930808388325,0.5659364850002351
first_release,INDPRO,3,seasonal_naive,all,242,6.266146473474874,4.239513931613648,3.3491930970565416,0.8305785123966942,0.8636363636363636,15.693443777313732,20.14231702452331,0.398986503296921,0.05616658535146446,3.847260915312614e-12,0.0667822670002503
first_release,INDPRO,3,seasonal_naive,expansion,222,5.8591111991854845,3.8706505565129103,3.082303073435841,0.8693693693693694,0.9009009009009009,16.0053089203921,20.5425916022335,0.4244757262802589,0.051615125947618565,2.211703062501224e-10,0.0614012749999965
first_release,INDPRO,3,seasonal_naive,high_volatility,103,8.960044877093436,6.825173335623619,5.133056011154332,0.6699029126213593,0.7475728155339806,16.271178394560717,20.883831378017383,0.3639694609440118,0.09026207637354851,9.137971496553445e-07,0.0286678619993326
first_release,INDPRO,3,seasonal_naive,normal_volatility,139,2.9782708773132383,2.3235217113760447,2.027337844163933,0.9496402877697842,0.9496402877697842,15.265338269569563,19.592849553948565,0.4249343836015947,0.029779200854279122,2.5136850705482118e-11,0.0381144050009177
first_release,INDPRO,3,seasonal_naive,recession,20,9.697815001026411,8.333897395231832,6.311672359246317,0.4,0.45,12.23174068914386,15.699269211940257,0.11605612818187003,0.020209409664369703,1.2899165360845723e-08,0.005380992000253801
first_release,INDPRO,3,state_space,all,242,5.5525610481362,3.4152221368494615,2.786230044203892,0.8264462809917356,0.8636363636363636,10.802269398432813,13.864562673112937,0.40515787150300236,0.058961741322026216,6.476186889999179e-10,71.1721218450012
first_release,INDPRO,3,state_space,expansion,222,5.612449134332215,3.3756426568561997,2.7930874209823395,0.8378378378378378,0.8648648648648649,10.904380808515327,13.995621249094604,0.41795000960769346,0.05796243133299303,6.316485492899309e-09,66.28873961500109
first_release,INDPRO,3,state_space,high_volatility,103,7.870069189214046,5.353771230654397,4.260613860874668,0.6796116504854369,0.7572815533980582,11.336445412452065,14.550170164620049,0.3803432682476126,0.0893317706939786,5.6865605200100136e-05,31.926139354000185
first_release,INDPRO,3,state_space,normal_volatility,139,2.7893337480235045,1.9787433119436444,1.6937010289730292,0.935251798561151,0.9424460431654677,10.406441129051641,13.356522589478171,0.4235456710375718,0.03614143368026467,7.055134855552046e-08,39.245982491001016
first_release,INDPRO,3,state_space,recession,20,4.8382752164384915,3.854554364774665,2.7101131619631307,0.7,0.85,9.668832746516905,12.40981247971642,0.2631651385409314,0.0505534629862017,0.00019141801951293283,4.883382230000109
first_release,INDPRO,3,var,all,242,19.66101462301985,4.057342401598209,4.11282032605054,0.8512396694214877,0.8884297520661157,17.559653494488344,22.53757126514553,0.4109520433679965,0.042695536508031616,4.13792016406279e-20,1.2055617810004708
first_release,INDPRO,3,var,expansion,222,20.474907063036486,4.073998819600051,4.233119565789889,0.8783783783783784,0.9009009009009009,18.35931391587553,23.563924304548433,0.43015610709055324,0.039704705924172724,1.3207378764929523e-17,1.1119466400004852
first_release,INDPRO,3,var,high_volatility,103,30.010091342697084,7.406319213085793,7.279941532488529,0.7378640776699029,0.8155339805825242,23.405140134120433,30.04017214286309,0.3929361700504316,0.06688374257047017,2.357973718880655e-07,0.5153341080014342
first_release,INDPRO,3,var,normal_volatility,139,2.375012376649236,1.575726490927551,1.7659607270353386,0.935251798561151,0.9424460431654677,13.228105840660243,16.978090039210933,0.42430193510691167,0.024704921350157668,6.210551899791214e-15,0.6902276729990364
first_release,INDPRO,3,var,recession,20,4.894824625670399,3.8724561617777424,2.7774987649437533,0.55,0.75,8.683422817090586,11.14505252777326,0.19778693604761746,0.027590752817218397,2.8691885286868488e-05,0.0936151409999855
first_release,INDPRO,6,arima,all,239,5.41568951253002,3.4819163187138544,2.875334230711591,0.7698744769874477,0.799163179916318,11.576163673103133,14.857845221230702,0.40241166309485943,0.06401329180222431,4.939476066263833e-12,200.9552848569996
first_release,INDPRO,6,arima,expansion,219,5.228748224458877,3.22360361440215,2.7044520457363674,0.8082191780821918,0.8310502283105022,11.800352000247008,15.145587823976525,0.42955642709034836,0.05914129110686675,3.8374524897923093e-10,186.3373441729994
first_release,INDPRO,6,arima,high_volatility,104,7.82117088556916,5.967473409091686,4.643364595406157,0.5576923076923077,0.6057692307692307,11.829088725541531,15.182471011589284,0.3679988686283458,0.11040086517061644,1.2657862854576495e-05,85.71404661000034
first_release,INDPRO,6,arima,normal_volatility,135,2.1909618113918214,1.5671167824227843,1.5132960238357769,0.9333333333333333,0.9481481481481482,11.38131770678022,14.607763130880391,0.42892226031350694,0.027207714508241807,2.639117716011519e-12,115.24123824699927
first_release,INDPRO,6,arima,recession,20,7.149750524729093,6.310440430927021,4.746494156190286,0.35,0.45,9.121301490877697,11.707063721163946,0.10517649734425535,0.021790502313023773,7.675665119616457e-09,14.617940684000217
first_release,INDPRO,6,autoreg,all,239,5.379617520366933,3.4404072024383425,2.8521857983878522,0.7447698744769874,0.7866108786610879,10.818314120139,13.88515585047809,0.4634428216923779,0.07578131284117197,0.00015024442825617006,2.5198884450010395
first_release,INDPRO,6,autoreg,expansion,219,5.238904676845761,3.2104945458768612,2.701639601336657,0.7808219178082192,0.817351598173516,11.059043724169095,14.194128952262897,0.4958904195373326,0.06762669679349353,0.0009263162421352593,2.3481731810010693
first_release,INDPRO,6,autoreg,high_volatility,104,7.737447817292543,5.733927283433943,4.639762791056504,0.49038461538461536,0.5576923076923077,11.121735521167851,14.27459300259527,0.4144498770810792,0.12282097488662734,2.431613704159014e-07,1.1178467810002055
first_release,INDPRO,6,autoreg,normal_volatility,135,2.261506819219951,1.6735472881898772,1.4750894484801509,0.9407407407407408,0.9629629629629629,10.584567263050111,13.585145007365599,0.501185534578119,0.03689142369749478,0.00011845041633045747,1.4020416640008337
first_release,INDPRO,6,autoreg,recession,20,6.730628761030278,5.957950791786559,4.500666656098443,0.35,0.45,8.182324956009479,10.501900385934453,0.10814162529012386,0.02831475501189698,2.9966220895756774e-09,0.1717152639999699
first_release,INDPRO,6,bvar_niw,all,239,5.18015458931806,3.3049411736772565,2.7693904525137434,0.7907949790794979,0.8368200836820083,11.668112031427729,14.975859661498799,0.42667454153299017,0.06379896945413831,8.84629147487284e-10,37.482902993999666
first_release,INDPRO,6,bvar_niw,expansion,219,4.921548882282151,3.0321558698244235,2.564388379039065,0.8264840182648402,0.8721461187214612,12.015769362071325,15.42207301460908,0.4537453842100963,0.05766140796998421,2.8936960840798027e-08,34.32021767299998
first_release,INDPRO,6,bvar_niw,high_volatility,104,7.5596395516814185,5.847528398213157,4.535528369484982,0.5673076923076923,0.6634615384615384,11.808013679476131,15.155421482806483,0.36172092676742346,0.1067685293485548,6.0778755228297834e-05,16.179637359999347
first_release,INDPRO,6,bvar_niw,normal_volatility,135,1.8657115796842914,1.3462073118125637,1.408810131291455,0.9629629629629629,0.9703703703703703,11.560335947005257,14.837530554713622,0.47671288179683413,0.025449293431189002,1.9563847959493634e-08,21.30326563400031
first_release,INDPRO,6,bvar_niw,recession,20,7.445758760176753,6.291940250865787,5.014163157061468,0.4,0.45,7.861264260880364,10.089823444941235,0.13024881421867807,0.03663756167160697,1.0809344819982383e-07,3.162685320999685
first_release,INDPRO,6,dynamic_factor,all,231,5.040256250112467,3.359282591132557,2.717187833831411,0.7748917748917749,0.8138528138528138,11.202357489705632,14.378070178954523,0.39014359858095404,0.06151944827989647,6.419507427853605e-12,1391.6783588159985
first_release,INDPRO,6,dynamic_factor,expansion,212,4.7629529273081905,3.076999427563975,2.51324596327348,0.8113207547169812,0.8443396226415094,11.40908927834446,14.643407557091344,0.4158092399147622,0.057149832474271675,3.1660113758065716e-10,1303.6408948859985
first_release,INDPRO,6,dynamic_factor,high_volatility,96,7.38265763789488,5.845922014553946,4.472696096767006,0.5416666666666666,0.6145833333333334,11.554283239371065,14.829761988568762,0.3327212010990411,0.1030329456887618,8.578122023286025e-08,601.7910925939988
first_release,INDPRO,6,dynamic_factor,normal_volatility,135,2.170539178256902,1.5910056678106808,1.4688264024105435,0.9407407407407408,0.9555555555555556,10.952099178832432,14.056867114339948,0.43097730345698104,0.028505235607016326,1.1174823478880457e-10,789.8872662219998
first_release,INDPRO,6,dynamic_factor,recession,19,7.465688263919617,6.508968416213586,4.9927497579514775,0.3684210526315789,0.47368421052631576,8.895665953314504,11.417463643954223,0.10376907422477821,0.021833984763584807,1.4311521767346929e-08,88.03746392999992
first_release,INDPRO,6,elastic_net,all,239,5.709163072749645,4.315983653358538,3.2439595639146046,0.7112970711297071,0.7824267782426778,11.15750704572863,14.320505257316274,0.47555835123409407,0.09861329875086772,0.0013544486800048858,33.69869476499849
first_release,INDPRO,6,elastic_net,expansion,219,5.413658909707466,4.0458873266093685,3.0391185192964714,0.7534246575342466,0.8082191780821918,11.265987708904023,14.459738681140555,0.49024461033743344,0.09190118708315326,0.025922773239792973,30.994431359998284
first_release,INDPRO,6,elastic_net,high_volatility,104,7.7652653837011005,6.395295561693445,4.839281822100165,0.4807692307692308,0.5961538461538461,11.470290571921765,14.721958566993136,0.45519240262588395,0.14291729938716324,2.318715126335248e-06,13.536849321999695
first_release,INDPRO,6,elastic_net,normal_volatility,135,3.354337977472492,2.7141433684190552,2.014970565016097,0.8888888888888888,0.9259259259259259,10.916547884809477,14.011237522454094,0.49124767460634483,0.06472474690255939,0.042262430823406104,20.16184544299879
first_release,INDPRO,6,elastic_net,recession,20,8.281632881729486,7.2735384312619615,5.48696900248316,0.25,0.5,9.969643783958075,12.795899266440358,0.31474381405252894,0.15110761747305515,1.740917920745852e-05,2.7042634050002046
first_release,INDPRO,6,hist_gradient_boosting,all,239,5.200488625780348,3.8854928082938356,2.944310391784896,0.6903765690376569,0.7615062761506276,9.569425177941516,12.28222424673871,0.5097185169671151,0.10402860563338155,0.0007401904411967212,73.00875129999967
first_release,INDPRO,6,hist_gradient_boosting,expansion,219,4.752492060855802,3.580361163986801,2.653210093462057,0.726027397260274,0.7945205479452054,9.858494782935853,12.653241068066775,0.5442783434831973,0.09490040540717988,0.024132568916461872,68.84311139899962
first_release,INDPRO,6,hist_gradient_boosting,high_volatility,104,6.827455552645315,5.35713340060077,4.139629439227299,0.5192307692307693,0.625,9.724580044040486,12.481363361467668,0.3932886732416004,0.12479975917971699,1.7437491249952614e-06,32.74022363499989
first_release,INDPRO,6,hist_gradient_boosting,normal_volatility,135,3.459718523847251,2.7517845001462717,2.0234720144959333,0.8222222222222222,0.8666666666666667,9.449898466280088,12.128813373169736,0.5994126188001042,0.070212978755297,1.1012212807572456e-05,40.26852766499978
first_release,INDPRO,6,hist_gradient_boosting,recession,20,8.710341533548437,7.22668431345587,6.131858658419981,0.3,0.4,6.40411300325353,8.219590053196388,0.13128841661601612,0.04972438803225187,1.328815570865e-07,4.1656399010000476
first_release,INDPRO,6,mean,all,239,5.117805918807568,3.4656437688807826,2.766776686891673,0.8577405857740585,0.8786610878661087,13.383972330397729,17.178142512991766,0.3647254652397049,0.04390701768246633,9.016174314649983e-17,0.061942580998570196
first_release,INDPRO,6,mean,expansion,219,4.217877471693618,2.9145935240125422,2.3249992129572363,0.908675799086758,0.9269406392694064,13.691851825874766,17.573301567387045,0.3917641928834956,0.038162055552094884,2.205980823964859e-14,0.0568951569987446
first_release,INDPRO,6,mean,high_volatility,104,7.183067604108467,5.43945847443276,4.1097082848990105,0.7307692307692307,0.7692307692307693,13.81438935739242,17.730576786405518,0.28609383332224875,0.051964698317462164,2.136142532403443e-13,0.0268079179992868
first_release,INDPRO,6,mean,normal_volatility,135,2.5731392883906286,1.9450754031222224,1.7322219743526877,0.9555555555555556,0.9629629629629629,13.052391805898115,16.752563517176732,0.4253009446427822,0.02954562476576819,5.38034819104104e-10,0.0351346629992834
first_release,INDPRO,6,mean,recession,20,10.87142045409602,9.49964395018802,7.6042400264737555,0.3,0.35,10.012691854924189,12.851150867363481,0.06865139754019604,0.01143345816891106,1.081858232200142e-11,0.0050474239998256
first_release,INDPRO,6,naive_drift,all,239,5.540789130150485,3.700730985359769,3.0004783025114046,0.7573221757322176,0.7907949790794979,11.708121930964587,15.027211811608497,0.3823413015710452,0.06516021722981594,2.5912564874043314e-14,0.0603447690001912
first_release,INDPRO,6,naive_drift,expansion,219,5.359449126433713,3.4563008119008005,2.8354812940841976,0.7945205479452054,0.821917808219178,11.941481570993657,15.32672566700517,0.4077103791318513,0.06151348997803235,6.431709963724967e-12,0.0554682830002768
first_release,INDPRO,6,naive_drift,high_volatility,104,7.996945545696553,6.353005168230005,4.885842871030273,0.5288461538461539,0.5865384615384616,11.986563293371004,15.384587431256607,0.34424787377600014,0.11361936813646355,1.52959179308513e-07,0.026348526000371103
first_release,INDPRO,6,naive_drift,normal_volatility,135,2.2549762285661274,1.6574975407782537,1.5480493015783507,0.9333333333333333,0.9481481481481482,11.493618955481125,14.75190022313884,0.411687349650191,0.026404184320496526,4.394259974441146e-13,0.0339962429998201
first_release,INDPRO,6,naive_drift,recession,20,7.234960499414294,6.377241384735481,4.807195544789328,0.35,0.45,9.152833872646264,11.74753509501491,0.10454990228021752,0.02178333810522876,4.617288195589136e-09,0.004876485999914399
first_release,INDPRO,6,naive_last,all,239,5.468787593199579,3.6434853092036703,2.956855214859528,0.7615062761506276,0.7949790794979079,11.57024994767363,14.85025503681438,0.38506086919288696,0.06524949164486708,1.8091161942077576e-13,0.0643110919988345
first_release,INDPRO,6,naive_last,expansion,219,5.277927712809115,3.394981255319032,2.786504965097099,0.7990867579908676,0.8264840182648402,11.807892560966504,15.155266028882345,0.4106772484465805,0.061388670786343816,3.475387998178694e-11,0.059087954998862394
first_release,INDPRO,6,naive_last,high_volatility,104,7.899946910727089,6.263485793471323,4.822927274575736,0.5288461538461539,0.5865384615384616,11.854151230131215,15.214638387981438,0.34443869472140093,0.11314205118379703,1.4987645651845468e-07,0.0278239449991515
first_release,INDPRO,6,naive_last,normal_volatility,135,2.20667783775062,1.6251145657678485,1.5192885910781524,0.9407407407407408,0.9555555555555556,11.351540811558156,14.569544899619016,0.4163549887857354,0.026656138284220688,1.2924367879577431e-12,0.036487146999683
first_release,INDPRO,6,naive_last,recession,20,7.236530016277546,6.364604699240458,4.822190449758125,0.35,0.45,8.968063332116648,11.510384673670165,0.10456151636494311,0.02259702554044144,4.861315016881356e-09,0.0052231369999721
first_release,INDPRO,6,random_forest,all,239,5.361127055580523,3.7216335915600838,2.9448037688724575,0.7071129707112971,0.7782426778242678,9.847520658554066,12.63915593191049,0.4938928003095071,0.09200780338758827,0.00969407494815298,183.92293561200034
first_release,INDPRO,6,random_forest,expansion,219,4.877485442660771,3.3638433101841105,2.6295517775710406,0.7397260273972602,0.8127853881278538,10.105834271941985,12.970697865372605,0.5300364403519529,0.0824144443562173,0.0075909467722762945,173.80631658000024
first_release,INDPRO,6,random_forest,high_volatility,104,6.7118632016984705,5.215653228898431,3.9946904375955863,0.5576923076923077,0.6730769230769231,10.123397740726263,12.993240333509181,0.42532707445496964,0.12196457855662318,1.9406568123960315e-05,82.02531781300004
first_release,INDPRO,6,random_forest,normal_volatility,135,4.022303666242224,2.5706851302031355,2.136002187041307,0.8222222222222222,0.8592592592592593,9.634993128584373,12.366379800308534,0.5467138039307804,0.06320833445141505,0.0008837590191157507,101.8976177990003
first_release,INDPRO,6,random_forest,recession,20,9.108463209715964,7.639437172626993,6.3968130736229725,0.35,0.4,7.018986591956351,9.008771760500313,0.09811994184472611,0.026983778523397232,2.929487061734434e-10,10.116619032000102
first_release,INDPRO,6,ridge,all,239,5.688094754420149,4.31271472105308,3.241610386533608,0.7112970711297071,0.7740585774058577,11.023537671011805,14.148557426399497,0.472944012033085,0.09976625766114879,0.0010343873606346715,6.187112929999021
first_release,INDPRO,6,ridge,expansion,219,5.414835878978929,4.061521329082697,3.0486301743277644,0.7488584474885844,0.7945205479452054,11.149618042160528,14.310379830855954,0.48749190732412034,0.09340233962336857,0.021240483565105384,5.717313554999383
first_release,INDPRO,6,ridge,high_volatility,104,7.736869643027068,6.370995140721825,4.845021381525188,0.47115384615384615,0.5769230769230769,11.287039752591287,14.48675868669064,0.44985808535380806,0.14442255159905212,2.209788945941201e-06,2.5662763549987733
first_release,INDPRO,6,ridge,normal_volatility,135,3.341495615146084,2.7270764718267864,2.0063900644660206,0.8962962962962963,0.9259259259259259,10.82054347483206,13.888017196249283,0.49072872591934286,0.06545312463479268,0.029239277119920654,3.620836575000248
first_release,INDPRO,6,ridge,recession,20,8.09792818856418,7.063282363128768,5.354743710187603,0.3,0.55,9.642957606933317,12.37660209760132,0.3136445585962483,0.1488833438306949,2.235588753923372e-05,0.4697993749996376
first_release,INDPRO,6,seasonal_naive,all,239,6.272383809463786,4.223079114926867,3.3491509776164716,0.8368200836820083,0.8661087866108786,15.501451824364977,19.895898020681628,0.39911847888971064,0.05689287513345244,5.953403826134284e-12,0.055661599001420606
first_release,INDPRO,6,seasonal_naive,expansion,219,5.845821745712563,3.8395455949375252,3.055550624228983,0.8812785388127854,0.9041095890410958,15.910983250219857,20.42152591524219,0.4258634169526335,0.05187642931453379,7.054699750298795e-10,0.0511252500014442
first_release,INDPRO,6,seasonal_naive,high_volatility,104,8.975349824350449,6.834108044504551,5.172908467504582,0.6730769230769231,0.7307692307692307,15.723228128292298,20.180544825144562,0.36141956712480866,0.09231133791518659,3.089090125260616e-06,0.0243069710007212
first_release,INDPRO,6,seasonal_naive,normal_volatility,135,2.755480482797829,2.2116197914003544,1.9441822446656303,0.9629629629629629,0.9703703703703703,15.330601930969115,19.676614556502773,0.42816060350859814,0.02814004309371254,4.3755583281934375e-11,0.03135462800069941
first_release,INDPRO,6,seasonal_naive,recession,20,9.79516078433875,8.422771158810155,6.56407484720947,0.35,0.45,11.017082711254059,14.140272575243435,0.10626140710070635,0.01892044822794731,4.280525925018516e-09,0.004536348999976399
first_release,INDPRO,6,state_space,all,239,7.639915112753,4.49198418332632,3.766082693532688,0.7698744769874477,0.7866108786610879,13.960825906654826,17.918526062617573,0.4108747519215997,0.06844570112213622,6.670274985815372e-10,58.677864533000076
first_release,INDPRO,6,state_space,expansion,219,7.751348222653463,4.410379579223463,3.7482687195832955,0.7945205479452054,0.8082191780821918,14.359804000163347,18.430608901752333,0.43494945349912456,0.06544517520536373,7.181987518722115e-08,54.69456496900003
first_release,INDPRO,6,state_space,high_volatility,104,11.161319838747605,7.561605907680109,6.221356910125151,0.5480769230769231,0.5769230769230769,14.303201771209055,18.357960727389216,0.38751275968828036,0.11228854425031846,4.9507062922382105e-06,26.46701677400077
first_release,INDPRO,6,state_space,normal_volatility,135,2.713775699448416,2.1272385586389575,1.8746121859355316,0.9407407407407408,0.9481481481481482,13.697069685072307,17.579998617163856,0.4288721385309716,0.03450647843736296,2.318043949645906e-08,32.21084775899931
first_release,INDPRO,6,state_space,recession,20,6.291899396894011,5.385554598252609,3.9611457082785386,0.5,0.55,9.592015782736492,12.31121897409192,0.14725676964770232,0.02664259871903354,7.327069994387452e-07,3.983299564000048
first_release,INDPRO,6,var,all,239,269.3571799209994,21.14699074758353,31.128285247410066,0.8117154811715481,0.8368200836820083,133.79767110292792,171.72745171419487,0.39472133534860143,0.04973065356762684,1.2411079500995734e-24,1.0538451259987012
first_release,INDPRO,6,var,expansion,219,281.3804423025242,22.55888382091019,33.56373907741108,0.8447488584474886,0.8721461187214612,145.32360089726,186.52082245003314,0.41598314602583886,0.04412006418388838,1.1654537534624722e-22,0.9734028549987207
first_release,INDPRO,6,var,high_volatility,104,408.32127901937406,46.36247703959167,62.79488008925261,0.6153846153846154,0.6634615384615384,217.2167858760645,278.79472639960017,0.3637198852616209,0.08495623466126376,2.8761350441138767e-12,0.45874169399932363
first_release,INDPRO,6,var,normal_volatility,135,2.2846379430494457,1.7217272337402265,6.733278850731374,0.9629629629629629,0.9703703703703703,69.53405675917823,89.24599566025303,0.41860393393412715,0.02170484275413313,1.9439244232728546e-16,0.5951034319993773
first_release,INDPRO,6,var,recession,20,6.788315894710221,5.686761594656543,4.460065808898934,0.45,0.45,7.588739854991374,9.740042156765906,0.16190450843285203,0.054455048062000244,7.35581573556403e-06,0.08044227099998029
first_release,INDPRO,12,arima,all,235,6.200343140579755,3.938580150527753,3.243857830516416,0.8127659574468085,0.8340425531914893,13.901751884206309,17.8427053756507,0.41093193228250147,0.06174709483279209,6.492967989641012e-11,225.4175475260002
first_release,INDPRO,12,arima,expansion,215,5.783077608977917,3.5472672885801515,2.9287583298583857,0.8651162790697674,0.8744186046511628,14.43857823345466,18.531714535597406,0.4423691883969271,0.05471112116387772,4.954645016738479e-09,209.30907943100033
first_release,INDPRO,12,arima,high_volatility,104,8.907963899078101,6.375756585489719,5.087341344074902,0.6730769230769231,0.6923076923076923,13.838911986356255,17.762051239933584,0.38445935172847273,0.0958787437315416,0.0006328725060122725,96.92233573100063
first_release,INDPRO,12,arima,normal_volatility,131,2.4429530579564243,2.003722522771689,1.7803289342562432,0.9236641221374046,0.9465648854961832,13.951640047384974,17.90673613988414,0.4319483321116541,0.03417357982482947,9.263612841408731e-09,128.4952117949996
first_release,INDPRO,12,arima,recession,20,9.601934215446681,8.145193416464462,6.631177462590242,0.25,0.4,8.130868629786509,10.4358569062236,0.07298142905242645,0.01283919361333898,3.6178237464428037e-12,16.108468094999893
first_release,INDPRO,12,autoreg,all,235,6.124620571681985,4.117913598956313,3.272101527952699,0.8170212765957446,0.8595744680851064,13.30795338294445,17.080573250234544,0.5048960105472222,0.07557592437918292,0.0013012078014040822,2.7111635910017515
first_release,INDPRO,12,autoreg,expansion,215,5.790801174045706,3.8049649227559565,2.98613713780873,0.8558139534883721,0.9023255813953488,13.95973243500859,17.91712260695364,0.5415610014525636,0.06376932657750692,1.63743490011575e-06,2.524388240002043
first_release,INDPRO,12,autoreg,high_volatility,104,8.591772408767815,6.429733160277515,5.083387432820151,0.6346153846153846,0.6923076923076923,12.875295349972516,16.52526267678824,0.42412488304310425,0.11569799000494906,0.0003280697850405065,1.216137704999676
first_release,INDPRO,12,autoreg,normal_volatility,131,2.9473109812669107,2.282575931953219,1.8341340920273939,0.9618320610687023,0.9923664122137404,13.651437622861103,17.521430499382753,0.5690196537565985,0.035005605217085956,4.8292820247925e-08,1.4950258860020758
first_release,INDPRO,12,autoreg,recession,20,8.959361887254383,7.4821118681101355,6.346218722000367,0.4,0.4,6.301328573254968,8.087667665504224,0.11074735831480378,0.033791477948452664,9.395546335106383e-09,0.1867753509997089
first_release,INDPRO,12,bvar_niw,all,235,5.659456106269713,3.6513071315669143,2.9789797304417984,0.8553191489361702,0.8723404255319149,13.27052553068255,17.032535121924163,0.47790285096831925,0.06222840623955507,0.00021098274991863112,84.05996010700102
first_release,INDPRO,12,bvar_niw,expansion,215,5.246722214812341,3.3299379140593395,2.6782119461274516,0.8976744186046511,0.9162790697674419,13.965859629554782,17.924986776015036,0.5091715048660548,0.052632965244442984,0.0007712915214355128,76.86735443500083
first_release,INDPRO,12,bvar_niw,high_volatility,104,8.150071412526787,5.960103114716512,4.714864587804817,0.6826923076923077,0.7211538461538461,12.8021951522174,16.431439588711967,0.40563473118191884,0.09884206670845613,0.006854951213814464,37.11335684200051
first_release,INDPRO,12,bvar_niw,normal_volatility,131,2.173501316377667,1.8183698625015843,1.6008726681077974,0.9923664122137404,0.9923664122137404,13.642329800609078,17.509740736077358,0.5352760147682097,0.026202656005317865,1.0707164010911336e-06,46.946603265000505
first_release,INDPRO,12,bvar_niw,recession,20,8.967661327080597,7.106026219773334,6.212233411821017,0.4,0.4,5.795683967806061,7.438679840447305,0.14176482156766168,0.04357922776284337,9.410723695357877e-07,7.192605672000184
first_release,INDPRO,12,dynamic_factor,all,227,5.357156547001173,3.593733768386267,2.84626997306789,0.8193832599118943,0.8810572687224669,12.353623240277477,15.855703772736906,0.39231719618379607,0.05981023385135713,2.938778686277565e-09,1499.1931879859994
first_release,INDPRO,12,dynamic_factor,expansion,207,4.701243909051865,3.1164923601278707,2.4416729547734706,0.8743961352657005,0.9323671497584541,12.811583309685783,16.443489158372245,0.424684248143217,0.05277820967324293,6.176637764707834e-08,1396.8163002349997
first_release,INDPRO,12,dynamic_factor,high_volatility,96,7.762877396265705,5.7423677653584235,4.518576333388725,0.6666666666666666,0.7291666666666666,12.571785790853673,16.13571237498753,0.32546960270454767,0.08142212286197767,6.139020063905628e-07,650.0777806019994
first_release,INDPRO,12,dynamic_factor,normal_volatility,131,2.3598489051339477,2.019162289689114,1.6207630219930802,0.9312977099236641,0.9923664122137404,12.193748394053697,15.65050662910286,0.44130474560370336,0.03875887943367712,1.6557506055424813e-07,849.1154073840003
first_release,INDPRO,12,dynamic_factor,recession,20,9.847971731667304,8.533182343860673,7.033849112415136,0.25,0.35,7.613736521901482,9.772125031411154,0.05731820840379002,0.009655612029974527,2.5120066069898196e-14,102.37688775099983
first_release,INDPRO,12,elastic_net,all,235,7.6593299317933985,6.559527888476398,4.642187384495611,0.6340425531914894,0.7617021276595745,14.6955621751183,18.861549853877474,0.6031434265953205,0.11754297127692258,1.5339882117081663e-14,40.411900027997035
first_release,INDPRO,12,elastic_net,expansion,215,7.626545433019329,6.5658730032023405,4.619660161842619,0.6511627906976745,0.786046511627907,15.129929336433358,19.41905406980348,0.6085923511146548,0.11240013436762925,4.768692639075271e-13,37.21698839999701
first_release,INDPRO,12,elastic_net,high_volatility,104,9.353496044916586,8.444087939656638,5.974842409152159,0.4519230769230769,0.6442307692307693,14.510922036436435,18.624566801492357,0.6104249494469005,0.1514093706586296,4.242414927226353e-13,18.4228100719979
first_release,INDPRO,12,elastic_net,normal_volatility,131,5.981915077123681,5.063388611203538,3.5842017160659863,0.7786259541984732,0.8549618320610687,14.842146712697794,19.04968907103818,0.5973626756291806,0.09153844864192393,2.746069618654401e-05,21.98908995599913
first_release,INDPRO,12,elastic_net,recession,20,8.003286040575325,6.491317905172539,4.884355028015289,0.45,0.5,10.02611519098142,12.868379532672899,0.5445674880124751,0.17770632606053982,0.03466304314869917,3.1949116280000274
first_release,INDPRO,12,hist_gradient_boosting,all,235,6.326088968721966,4.9179721081443715,3.725670785327721,0.6042553191489362,0.6638297872340425,10.494142956584565,13.469086666481582,0.5568116319066712,0.12351066292857628,1.421605462794023e-05,71.4884621559979
first_release,INDPRO,12,hist_gradient_boosting,expansion,215,5.872931926573603,4.635151608830439,3.390141585173985,0.6511627906976745,0.7162790697674418,11.194268273987683,14.367687782981871,0.6073371817935072,0.10480067206721815,4.415906580078053e-08,67.32887353399806
first_release,INDPRO,12,hist_gradient_boosting,high_volatility,104,7.2244956241828,5.602579161798183,4.417164382268835,0.625,0.6923076923076923,10.3926233438576,13.338787654182612,0.39524900364357873,0.1150557036788082,0.0004558709898499977,31.751703116998527
first_release,INDPRO,12,hist_gradient_boosting,normal_volatility,131,5.509500701227789,4.374467271655849,3.1766987694355393,0.5877862595419847,0.6412213740458015,10.574738679665519,13.572530157161678,0.685075092512485,0.09369962247734463,2.5755245150460554e-14,39.73675903899937
first_release,INDPRO,12,hist_gradient_boosting,recession,20,9.972270457116645,7.958292475769139,7.332609686980379,0.1,0.1,2.9677957945010256,3.8091246641034595,0.013661970623185757,0.001319026616365075,1.2906727853339281e-18,4.15958862199983
first_release,INDPRO,12,mean,all,235,5.113051272678383,3.4442960001362772,2.808730708921859,0.851063829787234,0.8936170212765957,13.24307959380582,16.99730864330987,0.36225660927671743,0.04340816136902667,3.81434475543024e-17,0.061527821999975904
first_release,INDPRO,12,mean,expansion,215,4.162298922585309,2.8695131838543197,2.3110900637398486,0.9162790697674419,0.9441860465116279,13.787541564346599,17.696118017086867,0.3915786690695317,0.03659035823616679,1.0797986479055173e-14,0.056318093999908996
first_release,INDPRO,12,mean,high_volatility,104,7.2474352915872275,5.491603113096933,4.26510135342692,0.7115384615384616,0.7788461538461539,13.146918277111762,16.87388692951451,0.28287254887287194,0.0528823469484242,1.1763427953287442e-13,0.027253503000106295
first_release,INDPRO,12,mean,normal_volatility,131,2.2800844127044275,1.8189529486255283,1.6525280598491392,0.9618320610687023,0.9847328244274809,13.319421402478962,17.095292293956575,0.4252790694446557,0.027191753924949737,2.4516485127711967e-10,0.03427431899986959
first_release,INDPRO,12,mean,recession,20,10.997400784955165,9.623211275167327,8.158367644628473,0.15,0.35,7.390113410492448,9.485107875207213,0.047044466503963586,0.0081655690962448,1.325548517631324e-13,0.005209728000066902
first_release,INDPRO,12,naive_drift,all,235,6.44088251209071,4.374708803659407,3.462992452913919,0.7829787234042553,0.8212765957446808,14.062295066025996,18.048760318735436,0.38094618893193005,0.06543374751036259,9.175238129086882e-12,0.0671487009991717
first_release,INDPRO,12,naive_drift,expansion,215,6.026453714474441,3.9877985342554134,3.1427804883173245,0.8372093023255814,0.8651162790697674,14.611773800949514,18.75400863988869,0.41110418474177357,0.06006950678809043,9.838656186061065e-10,0.06154690099906519
first_release,INDPRO,12,naive_drift,high_volatility,104,9.22822517117419,7.124846752998774,5.492703948607367,0.6057692307692307,0.6634615384615384,14.056134275808969,18.040853030097335,0.3495720337673104,0.10416086358639386,5.176657924998614e-07,0.0299155150007043
first_release,INDPRO,12,naive_drift,normal_volatility,131,2.6098943127263605,2.1913931797563975,1.851618441065686,0.9236641221374046,0.9465648854961832,14.067186075053254,18.055037860860335,0.4058539151694907,0.0338406548776856,7.523943087716709e-10,0.037233185998467394
first_release,INDPRO,12,naive_drift,recession,20,9.850295250624589,8.53399419975234,6.905271072327315,0.2,0.35,8.155398665598183,10.467340866337949,0.056747733976111825,0.00836769410191524,2.038440028424704e-14,0.0056018000001064995
first_release,INDPRO,12,naive_last,all,235,6.27810770071444,4.240732090400991,3.3671059201352236,0.7914893617021277,0.8297872340425532,13.751765676169377,17.650200161724793,0.38588038183014295,0.06509464515676235,3.3712423642958064e-11,0.0686842769984127
first_release,INDPRO,12,naive_last,expansion,215,5.853955888152888,3.855985149782062,3.0440998118657596,0.8418604651162791,0.8744186046511628,14.304654632778304,18.359825455025533,0.4160751080984418,0.059524095877654636,2.8907169017394127e-09,0.0630231069986735
first_release,INDPRO,12,naive_last,high_volatility,104,9.009856027378849,6.929375604886619,5.360838179697784,0.6153846153846154,0.6730769230769231,13.737972860150911,17.632497274019137,0.3503899539235921,0.10311107101400675,1.2599196205326683e-06,0.0305747849993965
first_release,INDPRO,12,naive_last,normal_volatility,131,2.5018755483263795,2.106236475847516,1.7842955766657116,0.9312977099236641,0.9541984732824428,13.762715698046632,17.664254362651427,0.4140559887177864,0.03366703870132251,2.9709498209419924e-09,0.0381094919990162
first_release,INDPRO,12,naive_last,recession,20,9.733056122619871,8.376761702054482,6.839421584031969,0.25,0.35,7.808209392623418,10.021728258741856,0.06128707444593005,0.010039685452215466,2.3608525304638575e-14,0.0056611699997392
first_release,INDPRO,12,random_forest,all,235,6.183523273510442,4.639350730632104,3.601096234090111,0.6297872340425532,0.6978723404255319,10.378251126479375,13.320341112882604,0.5111868294335065,0.1156416910716314,2.1088102771934553e-05,170.19781526200194
first_release,INDPRO,12,random_forest,expansion,215,5.679229643254719,4.2550059920584244,3.198457061735314,0.6883720930232559,0.7627906976744186,10.986261019589637,14.100713362265953,0.5586017111070896,0.09990736131834052,0.005658181524556861,160.72480433800197
first_release,INDPRO,12,random_forest,high_volatility,104,7.094327510340008,5.441398927918702,4.302880645438797,0.5961538461538461,0.6730769230769231,10.54169317011785,13.530116704831464,0.3674999563397262,0.10582597749653068,7.882598001482014e-06,74.89682826800191
first_release,INDPRO,12,random_forest,normal_volatility,131,5.351167671466965,4.0026101770610625,3.043954411340009,0.6564885496183206,0.7175572519083969,10.248495610919061,13.153801711640766,0.6252588508209351,0.09467905226436282,2.708053104279403e-08,95.30098699400003
first_release,INDPRO,12,random_forest,recession,20,10.126490036344453,8.771056670299156,7.929467336904172,0.0,0.0,3.84214477554407,4.931339432011623,0.00147685144248927,2.8336288370184652e-05,5.2388580969529263e-33,9.473010923999965
first_release,INDPRO,12,ridge,all,235,7.619904131759392,6.571827680138189,4.640216341393075,0.625531914893617,0.7531914893617021,14.31637591997429,18.374869564271858,0.5965465412304188,0.120427332229463,3.1677240763003074e-13,6.33308082599915
first_release,INDPRO,12,ridge,expansion,215,7.644957766816748,6.6603383753948115,4.681428421381854,0.627906976744186,0.7674418604651163,14.710149728434514,18.88027277586175,0.6098503734383196,0.11735379548383805,2.3281544990350028e-14,5.91019304399909
first_release,INDPRO,12,ridge,high_volatility,104,9.253202707533177,8.359880333270878,5.962693825164619,0.41346153846153844,0.6057692307692307,14.128996972357523,18.134371288675116,0.6066807130179647,0.15509630650270526,4.621827737176159e-13,2.8367634200003473
first_release,INDPRO,12,ridge,normal_volatility,131,6.015328754721174,5.152304963147353,3.590310552750019,0.7938931297709924,0.8702290076335878,14.465134779150958,18.565799492989893,0.5885010918723671,0.0937378129994509,2.339028205023157e-05,3.496317405998803
first_release,INDPRO,12,ridge,recession,20,7.345182501185334,5.620337706129504,4.197186481513709,0.6,0.6,10.083307479026885,12.94178503968054,0.4535303449954842,0.13785039952044092,0.08995304349459654,0.4228877820000595
first_release,INDPRO,12,seasonal_naive,all,235,6.27810770071444,4.240732090400991,3.395336309970363,0.825531914893617,0.8808510638297873,15.341199229346424,19.690216041718386,0.39602011446943464,0.05836532163150054,1.0736808516814389e-12,0.06337510499867172
first_release,INDPRO,12,seasonal_naive,expansion,215,5.853955888152888,3.855985149782062,3.088334034616933,0.8697674418604651,0.9209302325581395,15.905928017717915,20.41503759456945,0.4248199405960553,0.05276237575225126,1.4164892915279095e-10,0.0580590769990039
first_release,INDPRO,12,seasonal_naive,high_volatility,104,9.009856027378849,6.929375604886619,5.304989308428313,0.625,0.7307692307692307,14.914777505631001,19.14290968454801,0.3579470269810271,0.09792202962451223,1.585783883692498e-06,0.0279999289991454
first_release,INDPRO,12,seasonal_naive,normal_volatility,131,2.5018755483263795,2.106236475847516,1.87927591424802,0.9847328244274809,1.0,15.679732506189204,20.124718798555943,0.42624607705565126,0.025392917051725156,5.844431564645896e-11,0.0353751759995263
first_release,INDPRO,12,seasonal_naive,recession,20,9.733056122619871,8.376761702054482,6.695610770019739,0.35,0.45,9.27036475435293,11.898384348569422,0.08642198360826366,0.01426259744085115,3.7013583135204865e-11,0.005316027999667799
first_release,INDPRO,12,state_space,all,235,12.592548447428465,6.756070491709374,5.911981206792415,0.7872340425531915,0.8042553191489362,21.74456162946027,27.908842706214774,0.42137478324090816,0.06634653326167078,4.037562024471074e-09,67.33984066799914
first_release,INDPRO,12,state_space,expansion,215,12.869202068957089,6.661251128492168,5.904246941189163,0.8232558139534883,0.8325581395348837,22.81461219886677,29.282237743473235,0.4490754144147109,0.060316834427911664,1.8997819832298657e-07,62.53094419099949
first_release,INDPRO,12,state_space,high_volatility,104,18.386979669067447,11.19169686951765,9.721245646699867,0.5961538461538461,0.6153846153846154,20.52846379959719,26.347998039517297,0.39850778186691393,0.10384816509211241,9.439675978739115e-05,30.269012949999336
first_release,INDPRO,12,state_space,normal_volatility,131,4.007682254286198,3.23465718413639,2.8878323384689404,0.9389312977099237,0.9541984732824428,22.71001334171798,29.147986563745597,0.43952873853018604,0.0363936388185823,1.2118680368239177e-06,37.070827717999805
first_release,INDPRO,12,state_space,recession,20,9.102107304056396,7.775378646294323,5.995124562027377,0.4,0.5,10.241518008340375,13.14484605568625,0.12359299812252914,0.03572797456290965,3.10107327685995e-08,4.808896476999649
first_release,INDPRO,12,var,all,235,49419.189212266145,3228.2075291113892,5005.104859762523,0.8297872340425532,0.8638297872340426,19517.94029784668,25051.00516645433,0.3856580839068116,0.04914428253170479,2.0115948338982445e-23,1.165186213999948
first_release,INDPRO,12,var,expansion,215,51666.6515601326,3527.8337232711456,5470.10931073042,0.8744186046511628,0.9023255813953488,21333.029576164103,27380.647034132453,0.4081364213488988,0.04390498507317315,6.320271217958051e-21,1.0700907150001808
first_release,INDPRO,12,var,high_volatility,104,74287.00970844163,7291.594684371523,9853.366461894759,0.625,0.6923076923076923,28136.825558967925,36113.224637903666,0.34209895565536497,0.08164102867295175,6.026507182121536e-13,0.5198798050000968
first_release,INDPRO,12,var,normal_volatility,131,3.1204514264625787,2.31238295067357,1156.103282497233,0.9923664122137404,1.0,12675.466502758065,16268.785128051806,0.42023937656444865,0.021051910638775442,3.4774814789450125e-15,0.6453064089998513
first_release,INDPRO,12,var,recession,20,9.286283543411715,7.225941894018092,6.3070118576205445,0.35,0.45,5.730555934373056,7.355088914503588,0.1440159564043742,0.04356014133880566,1.620351595515894e-06,0.0950954989997673
first_release,UNRATE,1,arima,all,237,1.0074462928080987,0.2567924906394632,0.2394932739648778,0.9156118143459916,0.9620253164556962,1.1091981118300787,1.4236403639958999,0.47467622406073706,0.043492147572854446,2.6812966612682018e-08,252.78169296100336
first_release,UNRATE,1,arima,expansion,217,0.7846074316011946,0.20650022635672904,0.19544653838245354,0.9585253456221198,0.9861751152073732,1.153807906117148,1.4808964151010016,0.44580680229950664,0.0324983361113496,8.385893084103328e-12,233.34685640200357
first_release,UNRATE,1,arima,high_volatility,98,1.557249891979034,0.4640011820791406,0.416853353053867,0.8469387755102041,0.9285714285714286,1.335654896475438,1.7142945004241883,0.4664162402919743,0.057391833944011456,0.00046330493967031925,107.99856141900011
first_release,UNRATE,1,arima,normal_volatility,139,0.14419250823331323,0.11070290962443882,0.11444803834818039,0.9640287769784173,0.9856115107913669,0.9495379327275953,1.2187187426291926,0.4804998097394331,0.033954627458191264,6.838624765390799e-07,144.78313154200325
first_release,UNRATE,1,arima,recession,20,2.3125264266762398,0.8024635581071283,0.7174003550341812,0.45,0.7,0.6251818438153766,0.8024122095055439,0.7879094501700866,0.05796567926742546,3.298985685943382e-05,19.43483655899979
first_release,UNRATE,1,autoreg,all,237,1.3237158640531863,0.3688976679614763,0.343096890679896,0.810126582278481,0.8523206751054853,1.0757684753190433,1.3807338900457238,0.4756149601216005,0.0715480160199271,0.0002587536169304741,2.652182853999295
first_release,UNRATE,1,autoreg,expansion,217,1.1887533446473737,0.3352227677140189,0.3121207859731352,0.8387096774193549,0.880184331797235,1.1404290090341616,1.4637247865975407,0.4520306060999604,0.0628180352472535,3.1465445967721246e-06,2.4660757979994976
first_release,UNRATE,1,autoreg,high_volatility,98,2.0518126375262855,0.7373694197355463,0.6661538355534641,0.6938775510204082,0.7551020408163265,1.3838659351793967,1.7761726986983293,0.4600100037121934,0.08915000530663811,0.025956320059022618,1.0953936859997904
first_release,UNRATE,1,autoreg,normal_volatility,139,0.1394587296314324,0.10911182858119699,0.1153301237906179,0.8920863309352518,0.920863309352518,0.8585486834750526,1.1019353055280596,0.4866170157195997,0.059399214074115955,0.009029871752748421,1.5567891679995047
first_release,UNRATE,1,autoreg,recession,20,2.3305238102815045,0.7342703356463909,0.6791876267482512,0.5,0.55,0.3742016845100081,0.48028266245851403,0.7315052012563956,0.09928103875702343,0.0006542366688799817,0.1861070559997973
first_release,UNRATE,1,bvar_niw,all,237,0.7431421615111462,0.2217439669229636,0.19507455688212066,0.8776371308016878,0.9071729957805907,0.9242132115292635,1.1862148148633918,0.46902731556674043,0.05705828069978599,4.672425954957112e-06,18.102474758999385
first_release,UNRATE,1,bvar_niw,expansion,217,0.2715392668733543,0.16114016983707743,0.13957064565872498,0.9308755760368663,0.9631336405529954,0.9679237244623924,1.2423166508464119,0.4374469599130646,0.04158889890624176,4.874884324873427e-10,16.58273749599953
first_release,UNRATE,1,bvar_niw,high_volatility,98,1.141986155378565,0.3733201958084033,0.32288611689668256,0.8061224489795918,0.8469387755102041,1.1354679665126026,1.457357357455835,0.4320530974657981,0.06956352679811013,0.0005625432012610153,7.51640907299804
first_release,UNRATE,1,bvar_niw,normal_volatility,139,0.14887374220900826,0.11487727317639461,0.10496280953372454,0.9280575539568345,0.9496402877697842,0.7752710101741042,0.9950495690068487,0.4950954693357503,0.047026520216195807,0.0012988794234145057,10.586065686001344
first_release,UNRATE,1,bvar_niw,recession,20,2.396721709705988,0.8792951653048287,0.7972919936559641,0.3,0.3,0.4499541462048189,0.5775098944476242,0.8116741744091243,0.10094718371542527,1.7569592895598096e-07,1.5197372629998531
first_release,UNRATE,1,dynamic_factor,all,237,0.7225976122816936,0.2108672164491959,0.18365064242641096,0.8607594936708861,0.8987341772151899,0.826018850133243,1.0601837164426333,0.46090258709558235,0.062262439340093574,6.604254765371923e-08,1578.0442156529982
first_release,UNRATE,1,dynamic_factor,expansion,217,0.26233889602721416,0.1546538163492774,0.1313624191255147,0.9078341013824884,0.9447004608294931,0.86387900974814,1.1087767052335769,0.4293791028457105,0.04810415505419512,4.9908040084806665e-11,1468.956535375998
first_release,UNRATE,1,dynamic_factor,high_volatility,98,1.1108807534191352,0.35491912809304343,0.3037124523281241,0.7959183673469388,0.8367346938775511,1.027460440961283,1.3187311991977035,0.4678914852992491,0.07429096865061909,0.0007953745792752785,652.7248814780002
first_release,UNRATE,1,dynamic_factor,normal_volatility,139,0.14221828301125672,0.10930543701684291,0.09900274767556282,0.9064748201438849,0.9424460431654677,0.683995282499085,0.8778984408311448,0.4559751624627814,0.05419963835043446,7.403440197483752e-05,925.3193341749982
first_release,UNRATE,1,dynamic_factor,recession,20,2.3325372900148755,0.8207826075333109,0.7509778652411352,0.35,0.4,0.4152361183116097,0.5329497880608944,0.8029323912066924,0.09200584377329414,2.4534668165176924e-07,109.08768027700012
first_release,UNRATE,1,elastic_net,all,237,0.9798458384952108,0.3480014336682583,0.285878095753507,0.7848101265822784,0.8523206751054853,1.068785497456995,1.3717713349897125,0.4254360661901818,0.07046076252152085,3.48118320766881e-08,7.301835082000924
first_release,UNRATE,1,elastic_net,expansion,217,0.6798783109735939,0.29405533682852875,0.23430097360624466,0.8294930875576036,0.8986175115207373,1.1209397821167115,1.4387106346558465,0.39808145046156185,0.05604407321415351,1.3046659383854058e-11,6.766228475001118
first_release,UNRATE,1,elastic_net,high_volatility,98,1.5023813046196703,0.5968771211830056,0.49997427008242473,0.6428571428571429,0.7653061224489796,1.3052005301475713,1.6752067444121135,0.4264276811470274,0.09649479434315936,0.011132306145684324,3.156563193999314
first_release,UNRATE,1,elastic_net,normal_volatility,139,0.21361121228881108,0.17253512160750106,0.1349325915503852,0.8848920863309353,0.9136690647482014,0.9021043952722728,1.1578384564041346,0.42473694197600287,0.05267087391805761,1.6847738270381322e-07,4.145271888001609
first_release,UNRATE,1,elastic_net,recession,20,2.522283728908905,0.9333165843793229,0.8454898710513037,0.3,0.35,0.5029115088990762,0.6454799336121562,0.7222336468457082,0.13679307304220883,2.8155602165891874e-05,0.5356066069998053
first_release,UNRATE,1,hist_gradient_boosting,all,237,0.946091289090062,0.38241409137541293,0.31044537624306756,0.8059071729957806,0.8649789029535865,1.0912494235301164,1.4006034719636475,0.41078114759589385,0.0695276625747932,1.3524798201526224e-10,70.7424897730003
first_release,UNRATE,1,hist_gradient_boosting,expansion,217,0.6330205876591621,0.31753035238062416,0.24665248846686602,0.8617511520737328,0.9170506912442397,1.1498033041153135,1.475756564076423,0.3769249541104421,0.05157461309601429,2.5576204650328403e-14,66.2733249600004
first_release,UNRATE,1,hist_gradient_boosting,high_volatility,98,1.4528382668786848,0.7084820141798714,0.5632901675667965,0.6938775510204082,0.7959183673469388,1.3562057537907324,1.7406712402299411,0.44233180583701254,0.1023211065626204,6.295478077986521e-05,29.587409633999755
first_release,UNRATE,1,hist_gradient_boosting,normal_volatility,139,0.19496547299817024,0.15252447673629832,0.13218070322346012,0.8848920863309353,0.9136690647482014,0.904445679893135,1.1608434626823758,0.38853679862014107,0.04577571578315055,7.904407890732652e-11,41.155080139000546
first_release,UNRATE,1,hist_gradient_boosting,recession,20,2.501807940203948,1.086402659468871,1.0025982086148542,0.2,0.3,0.45593981918072685,0.5851924225400335,0.7781208469130452,0.12215307191181199,1.461781783476011e-08,4.469164812999906
first_release,UNRATE,1,mean,all,237,2.1792924341938695,1.8143259676795047,1.2329375592991167,0.8312236286919831,0.8776371308016878,4.702579164138735,6.035695013858438,0.4405925967250504,0.10324723098992547,4.264704704189644e-13,0.06469993100019308
first_release,UNRATE,1,mean,expansion,217,2.1185797130452175,1.8106067708601852,1.209976894659371,0.8571428571428571,0.9032258064516129,4.892325572412494,6.2792318923120805,0.41464478094401297,0.09673911132122061,9.866458875918858e-16,0.059295988000104397
first_release,UNRATE,1,mean,high_volatility,98,2.859500647150312,2.3942351105385775,1.739321015653139,0.5918367346938775,0.7040816326530612,4.987465378688868,6.40134251168045,0.6409392308173564,0.11623224109080366,1.3300984145062855e-09,0.026519512000158296
first_release,UNRATE,1,mean,normal_volatility,139,1.5273687101130666,1.4054691619227488,0.8759190073372876,1.0,1.0,4.50172413517533,5.77790037510623,0.29934101297651816,0.04626731824994865,3.200044442452544e-26,0.0381804190000348
first_release,UNRATE,1,mean,recession,20,2.7532645771956257,1.8546792531691225,1.482060770640355,0.55,0.6,2.643830634368432,3.3933198826364235,0.7221263979493073,0.09154574207353287,0.0026299503857699635,0.005403943000088701
first_release,UNRATE,1,naive_drift,all,237,0.7310006846729133,0.20995326510808038,0.186926192556065,0.8607594936708861,0.9029535864978903,0.8277918396935869,1.062459323907277,0.4672189984921238,0.06318143224336817,1.0731702099562386e-06,0.0686492550009796
first_release,UNRATE,1,naive_drift,expansion,217,0.2858424142653099,0.15455794827882202,0.135616136520219,0.9078341013824884,0.9493087557603687,0.8658937398073926,1.1113625832695353,0.43653532849180215,0.050013230273350376,1.5730109565905899e-09,0.0629915550010654
first_release,UNRATE,1,naive_drift,high_volatility,98,1.1240759007500414,0.355894092463835,0.31127698012344085,0.7959183673469388,0.8367346938775511,1.0300048714204457,1.3219969403366494,0.4592368945576792,0.07469727221289468,0.0012912170110848781,0.0284534150008489
first_release,UNRATE,1,naive_drift,normal_volatility,139,0.14233976051242103,0.10705973215222458,0.09925441427115245,0.9064748201438849,0.9496402877697842,0.6852243784760897,0.8794759684390865,0.47284666889194804,0.05546765515017812,0.00020315273021149919,0.0401958400001307
first_release,UNRATE,1,naive_drift,recession,20,2.3335982625345135,0.8109924527055338,0.7436403005449935,0.35,0.4,0.41438622345879733,0.5318589598267749,0.8001368179956128,0.08878799838498018,6.117692274780346e-07,0.0056576999999142
first_release,UNRATE,1,naive_last,all,237,0.7299789026487248,0.20801687763713084,0.18633842519090513,0.8607594936708861,0.9029535864978903,0.8276910740145244,1.06232999255836,0.4692593366753327,0.06295149815902243,3.8637754034935177e-07,0.070069169001118
first_release,UNRATE,1,naive_last,expansion,217,0.28300559340517895,0.15207373271889402,0.13467105482948588,0.9078341013824884,0.9493087557603687,0.8657412402716879,1.111166852234471,0.4385847078320131,0.04973125098516524,1.1699617210353414e-09,0.06428394200124299
first_release,UNRATE,1,naive_last,high_volatility,98,1.1225881175358368,0.35306122448979593,0.3102216456260896,0.7959183673469388,0.8367346938775511,1.0305248000245824,1.3226642614755433,0.4676816391284654,0.07455953804238379,0.0010588539722139049,0.0289695190007769
first_release,UNRATE,1,naive_last,normal_volatility,139,0.14167548286857243,0.10575539568345323,0.09899629855314913,0.9064748201438849,0.9496402877697842,0.6846860010002391,0.8787849684296989,0.4703716701975844,0.05524538013034081,0.00017378379783816224,0.041099650000341104
first_release,UNRATE,1,naive_last,recession,20,2.333559512847273,0.8150000000000001,0.7469293936123039,0.35,0.4,0.41484677012430016,0.5324500650725563,0.8020790596253505,0.08921271387255296,4.391650733737543e-07,0.005785226999875001
first_release,UNRATE,1,random_forest,all,237,1.0245189702670832,0.42420891947571676,0.3437209140674264,0.7805907172995781,0.8565400843881856,1.1552312908501385,1.482723309627569,0.44390119642089815,0.07874338180444868,1.3804505662305009e-05,166.54189720999904
first_release,UNRATE,1,random_forest,expansion,217,0.7454737075686548,0.35775200944069147,0.2793381739000952,0.8341013824884793,0.9124423963133641,1.215154892675516,1.5596344199195546,0.4009639657728558,0.06015572475625892,9.767145992384823e-10,156.33872514599886
first_release,UNRATE,1,random_forest,high_volatility,98,1.576272741585771,0.80561444777914,0.636995036611639,0.6428571428571429,0.7857142857142857,1.439903977551245,1.8480967474223657,0.46805423455571177,0.11433899989870609,0.0031215007448714936,69.70866642500062
first_release,UNRATE,1,random_forest,normal_volatility,139,0.19471742057538435,0.1553043023984831,0.13695210824488793,0.8776978417266187,0.9064748201438849,0.9545268067011575,1.22512189305282,0.42687243572153316,0.053587520949424525,2.7924354026544174e-07,96.83323078499842
first_release,UNRATE,1,random_forest,recession,20,2.5315097667288637,1.1452663933557412,1.04227364488297,0.2,0.25,0.5050602110447936,0.6482377629595217,0.9097701489521576,0.04468744665866157,1.7882556921368185e-11,10.20317206400017
first_release,UNRATE,1,ridge,all,237,0.9414251943860319,0.3270126915214445,0.27657194118555967,0.7763713080168776,0.8481012658227848,1.0137330976133685,1.3011123447549409,0.4879292696788864,0.07799280973338765,0.029136450255977997,6.7959843100000406
first_release,UNRATE,1,ridge,expansion,217,0.6099903721836197,0.26949119709129,0.22239193786482178,0.8202764976958525,0.8940092165898618,1.063015566985741,1.3643657094042392,0.47104584744210937,0.06702415032364924,0.0024607178462013406,6.219083176999949
first_release,UNRATE,1,ridge,high_volatility,98,1.4457835510337256,0.5790822698840253,0.4865712074964648,0.6530612244897959,0.7551020408163265,1.2458414319216429,1.5990201666461257,0.488674533551715,0.10175475375575964,0.2833694678789375,2.7078899589989147
first_release,UNRATE,1,ridge,normal_volatility,139,0.1934217353104965,0.14929457152480485,0.12851490450592865,0.8633093525179856,0.9136690647482014,0.8500883727053763,1.0910766142129544,0.4874038318404893,0.06185506649260222,0.03261027152672603,4.088094351001126
first_release,UNRATE,1,ridge,recession,20,2.542690895961069,0.9511209060886209,0.864424977215565,0.3,0.35,0.47901830492312747,0.6148133383100546,0.6711144009479176,0.16821552328610098,0.00012190463237672026,0.5769011330000912
first_release,UNRATE,1,seasonal_naive,all,237,1.9534671113879194,1.1451476793248945,0.9062249884859415,0.8312236286919831,0.8523206751054853,3.388427083906964,4.348999079296903,0.4481470033866006,0.07138639590580013,4.3615334076298553e-10,0.0643901150005652
first_release,UNRATE,1,seasonal_naive,expansion,217,1.7781054485533516,1.0377880184331796,0.8108567691004563,0.8894009216589862,0.9078341013824884,3.5290257695353167,4.529455538652972,0.402401187588199,0.05223512228196986,2.6712807250973224e-16,0.0590314330005586
first_release,UNRATE,1,seasonal_naive,high_volatility,98,2.961435807309746,2.0887755102040817,1.6305455164184373,0.6530612244897959,0.6938775510204082,3.8902183426354044,4.993041187381157,0.48993902613724866,0.12171069164074871,0.00031363279412473157,0.026750996999960298
first_release,UNRATE,1,seasonal_naive,normal_volatility,139,0.568539717233495,0.4798561151079136,0.39555296159828257,0.9568345323741008,0.9640287769784173,3.0346461964581364,3.8949262261152007,0.41868212403722277,0.03441602374922549,1.4131963398455015e-11,0.037639118000604904
first_release,UNRATE,1,seasonal_naive,recession,20,3.3039370454050725,2.31,1.9409701688184549,0.2,0.25,1.8629313448393432,2.391046495283562,0.9444891047992579,0.009641152699178382,1.1779625550377126e-11,0.005358682000006599
first_release,UNRATE,1,state_space,all,237,1.075854304831768,0.26649128003035516,0.252396552263478,0.9240506329113924,0.9578059071729957,1.1367010095509034,1.4589399510621053,0.49607190327306605,0.04407570650090723,2.123637742597263e-05,66.59169922699635
first_release,UNRATE,1,state_space,expansion,217,0.874317004854298,0.22446971851497272,0.2149863539541494,0.9400921658986175,0.967741935483871,1.187666724130188,1.5243537375454341,0.4800606631591528,0.03859126914227847,2.269280228708428e-06,62.08751689199653
first_release,UNRATE,1,state_space,high_volatility,98,1.6650173481069548,0.4866521878900697,0.4477468748533023,0.8673469387755102,0.9081632653061225,1.3762286231923992,1.7663703148850538,0.46150952203527706,0.055628442548678506,0.006366055502881236,26.809613179998962
first_release,UNRATE,1,state_space,normal_volatility,139,0.1376811452329331,0.1112699205321392,0.11466754784763067,0.9640287769784173,0.9928057553956835,0.9678254258324385,1.242190485920746,0.5204396252968311,0.03482829613660939,1.3676434548472944e-05,39.78208604699739
first_release,UNRATE,1,state_space,recession,20,2.3284893190461733,0.7224252224722543,0.6582972039196937,0.75,0.85,0.5837230063656648,0.7492003677179901,0.6697938585090253,0.07404927189973858,0.053019098840716206,4.5041823349998245
first_release,UNRATE,1,var,all,237,1.6438843028083758,0.31078087123892606,0.30633460677015023,0.8185654008438819,0.8776371308016878,1.215159956717478,1.559640919547047,0.4794531363034879,0.0675289117880014,0.002747095482912394,1.1632172360017012
first_release,UNRATE,1,var,expansion,217,1.576667241861686,0.2703185465763489,0.2709902727970221,0.8709677419354839,0.9170506912442397,1.293891275288475,1.6606914729449072,0.4538973019063577,0.05572198221271834,3.528201194146472e-05,1.0711584560017569
first_release,UNRATE,1,var,high_volatility,98,2.549157152373324,0.5760492090455989,0.5640566088331507,0.7653061224489796,0.826530612244898,1.60644944048989,2.0618555349203382,0.48722650232438774,0.07523892871718077,0.018889737128261797,0.4828589110000454
first_release,UNRATE,1,var,normal_volatility,139,0.16170100899460965,0.12375715105868178,0.12463132474012115,0.8561151079136691,0.9136690647482014,0.9392867954966408,1.205561550434942,0.4739726336412707,0.06252572777898585,0.05161926465067464,0.6803583250016558
first_release,UNRATE,1,var,recession,20,2.24746975589467,0.749797093827888,0.6898206303785898,0.25,0.45,0.360925150222163,0.4632424151802647,0.7567339395123516,0.1169189106153652,1.2159310255314348e-05,0.09205877999994419
first_release,UNRATE,3,arima,all,237,2.320332690413859,0.5773393516276498,0.5595478894852308,0.8987341772151899,0.9240506329113924,2.291127557273302,2.940630384067293,0.4653841775014595,0.043802676855291524,5.602625156418737e-12,223.84348508299928
first_release,UNRATE,3,arima,expansion,217,2.290879944842426,0.5136111438150265,0.5119788819038328,0.9585253456221198,0.9723502304147466,2.405271805147622,3.0871329401559637,0.4244309978972591,0.026299210233668133,1.5156196874800495e-18,207.1596318149994
first_release,UNRATE,3,arima,high_volatility,98,3.597650407338287,1.142061112597402,1.0392986528157822,0.8061224489795918,0.8469387755102041,2.7114691934488526,3.480133033364325,0.45315475886009515,0.06957411015192305,0.00010616367252295691,95.41470816700013
first_release,UNRATE,3,arima,normal_volatility,139,0.23339858134969438,0.17919019641156558,0.22130634411548988,0.9640287769784173,0.9784172661870504,1.9947715835667985,2.560261609742767,0.47400635755076664,0.025824295405787907,2.459160713852316e-09,128.42877691599915
first_release,UNRATE,3,arima,recession,20,2.618685445231389,1.2687904063946127,1.075671621743401,0.25,0.4,1.0526624678369347,1.3510776505052082,0.9097261762070337,0.018108512501558833,3.1404924308644133e-10,16.683853267999893
first_release,UNRATE,3,autoreg,all,237,3.7956285996829813,0.8894950357205564,0.8706965509112158,0.7932489451476793,0.8438818565400844,2.6093306564207888,3.3490396403249783,0.4733594977449341,0.07295439414516575,0.00019276900702417662,2.505764570000881
first_release,UNRATE,3,autoreg,expansion,217,3.8910826907347134,0.8788469790126727,0.8674055564183539,0.8433179723502304,0.8894009216589862,2.7950727607765344,3.5874370503404815,0.43481391098008215,0.059304107283312736,8.033413184336021e-08,2.330785168000947
first_release,UNRATE,3,autoreg,high_volatility,98,5.897076508756196,1.9111569559263224,1.756532233125869,0.6428571428571429,0.7040816326530612,3.2766963751178535,4.20559426708747,0.44838527251301563,0.10682137248469013,0.0011873711910935939,1.0302129359990273
first_release,UNRATE,3,autoreg,normal_volatility,139,0.21475517771114888,0.16918663154670707,0.2461505303569993,0.8992805755395683,0.9424460431654677,2.138813818778254,2.745137817139912,0.4909672248868621,0.04892279465828293,0.005640734237522508,1.4755516340018535
first_release,UNRATE,3,autoreg,recession,20,2.538867314216907,1.0050264510010956,0.9064038411587626,0.25,0.35,0.594028824160952,0.7624277416567646,0.8915791141435756,0.03089402547567821,6.114328431080515e-09,0.17497940199993353
first_release,UNRATE,3,bvar_niw,all,237,1.2359000911817235,0.4655225475754342,0.414017671124007,0.8565400843881856,0.8945147679324894,1.6519784389001235,2.12029137174499,0.4637885421134489,0.058013631071141096,4.65934918804748e-08,23.62845616400086
first_release,UNRATE,3,bvar_niw,expansion,217,1.0078495674312506,0.3882888059353308,0.34523221673685817,0.9170506912442397,0.9539170506912442,1.735348278627244,2.2272954025935205,0.42292040317846424,0.040356694567389155,5.215739728935224e-13,21.642725770001114
first_release,UNRATE,3,bvar_niw,high_volatility,98,1.9004966994929016,0.8705891695211633,0.7446987510788233,0.7448979591836735,0.7959183673469388,1.9640759856304508,2.520864236313169,0.40072690952642537,0.0801170629296969,5.398508301624458e-06,9.76891782200067
first_release,UNRATE,3,bvar_niw,normal_volatility,139,0.2405094460669803,0.17993600836189874,0.18087561475298544,0.935251798561151,0.9640287769784173,1.431938441924785,1.8378730931285754,0.5082492614913504,0.03808238690773359,8.802331243398482e-05,13.859538342000185
first_release,UNRATE,3,bvar_niw,recession,20,2.6606891824467627,1.3035086443705561,1.1603398512245726,0.2,0.25,0.7474156778608649,0.959297637038431,0.9072078495580325,0.035753832877818935,3.39904261681124e-11,1.9857303939997442
first_release,UNRATE,3,dynamic_factor,all,237,1.2146851863183465,0.4614417299676739,0.39715062814461755,0.8734177215189873,0.890295358649789,1.5090236419947438,1.9368108763035121,0.44446732044038634,0.0591742010772894,9.07143374228048e-09,1450.4082892869992
first_release,UNRATE,3,dynamic_factor,expansion,217,0.9896881935023525,0.3868492233119066,0.32900139238229903,0.9354838709677419,0.9539170506912442,1.5859449419438243,2.035538295950727,0.39887983902406726,0.03857207821405352,1.089287467997836e-14,1351.7862461359991
first_release,UNRATE,3,dynamic_factor,high_volatility,98,1.8690572616627892,0.8602463617251941,0.7194037365816164,0.7755102040816326,0.8061224489795918,1.8169495631240276,2.3320295173783556,0.4469714598693659,0.08710217004803052,9.740449566182321e-05,595.4363664319997
first_release,UNRATE,3,dynamic_factor,normal_volatility,139,0.22968996148266757,0.1802701190882712,0.1699505948581001,0.9424460431654677,0.9496402877697842,1.291924791126616,1.6581675178478668,0.44270181206599785,0.03996487799874591,2.1447526904332729e-07,854.9719228549998
first_release,UNRATE,3,dynamic_factor,recession,20,2.6185520218570977,1.2707704271827494,1.1365698361657723,0.2,0.2,0.6744275375472205,0.8656183731312286,0.9390914938074484,0.015237247168162408,2.7307052930355624e-13,98.62204315100013
first_release,UNRATE,3,elastic_net,all,237,1.413290527591678,0.5717584881745653,0.48992835401976953,0.7721518987341772,0.8312236286919831,1.5418452429807068,1.9789369451060363,0.41323665383550345,0.0687728683755701,3.3335684087570035e-10,7.067486662000891
first_release,UNRATE,3,elastic_net,expansion,217,1.2337065397197744,0.5178535832518353,0.43794304870798034,0.8110599078341014,0.8663594470046083,1.629468593763688,2.0914002982913455,0.3911708964039645,0.05536236581302402,7.821078517799832e-13,6.674777247000794
first_release,UNRATE,3,elastic_net,high_volatility,98,2.1739054078417626,1.1044459677401692,0.9265015374555734,0.6020408163265306,0.6938775510204082,1.832836652535472,2.3524203758835394,0.42560908753450993,0.11018712975281579,0.0010255669084811279,2.874819951000229
first_release,UNRATE,3,elastic_net,normal_volatility,139,0.27150943072598216,0.1961946536606863,0.18212855562618124,0.8920863309352518,0.9280575539568345,1.3366858319277068,1.7156176917521138,0.4045136430261321,0.03997584895460418,2.221285348889836e-09,4.192666711000662
first_release,UNRATE,3,elastic_net,recession,20,2.6748883254369096,1.1566267065861853,1.0539689166526816,0.35,0.45,0.5911318869853606,0.7587095630454362,0.652650121967701,0.15895226085719205,0.0002600955533604209,0.3927094150000971
first_release,UNRATE,3,hist_gradient_boosting,all,237,1.3795457582905877,0.6953604744307067,0.5472622906974857,0.6962025316455697,0.8016877637130801,1.5181902117878372,1.948576041261557,0.380684317894348,0.08586778753332987,3.3859123391917493e-11,69.61163078399935
first_release,UNRATE,3,hist_gradient_boosting,expansion,217,1.1923327034118123,0.6381518524542029,0.487067388315424,0.7373271889400922,0.8387096774193549,1.6002627170628858,2.053914961367585,0.3323766888980913,0.06357997368878239,2.1619940598375397e-16,65.47644776599941
first_release,UNRATE,3,hist_gradient_boosting,high_volatility,98,2.1032099613717072,1.2865012176141608,1.0127909689988885,0.46938775510204084,0.673469387755102,1.7967909517660707,2.3061562198085066,0.38859511619178116,0.13305407098098224,8.464946146267005e-08,28.767391349999627
first_release,UNRATE,3,hist_gradient_boosting,normal_volatility,139,0.3552635098253716,0.2785849864308614,0.21904782685908672,0.8561151079136691,0.8920863309352518,1.321766668493831,1.6964691527896067,0.3751069205335678,0.05324707346359583,1.6934587753478008e-09,40.84423943399972
first_release,UNRATE,3,hist_gradient_boosting,recession,20,2.6697012145918615,1.3160740228757724,1.200376981542855,0.25,0.4,0.6277035295535583,0.8056487581111529,0.9048220925037332,0.027932544340221105,2.436352006471232e-09,4.135183017999935
first_release,UNRATE,3,mean,all,237,2.194576209733421,1.8295913625304927,1.2497443844343243,0.8312236286919831,0.8776371308016878,4.756838452882539,6.105336057017031,0.4420230560917007,0.10269629949446293,9.405678965782548e-13,0.0619391930021489
first_release,UNRATE,3,mean,expansion,217,2.1347909792913144,1.8264181864760665,1.2258682040278517,0.8571428571428571,0.9032258064516129,4.955738854230247,6.360621958384452,0.4161887880351025,0.09623788635384074,2.2814341834001283e-15,0.0568023930020051
first_release,UNRATE,3,mean,high_volatility,98,2.8779413448973843,2.4106983392577197,1.7657666490403032,0.5918367346938775,0.7040816326530612,4.972473411211181,6.382100529739337,0.6418107425219701,0.11636820218337265,1.7872713162037053e-09,0.025455140000355803
first_release,UNRATE,3,mean,normal_volatility,139,1.5402080999266592,1.4198900408091382,0.885930125935145,1.0,1.0,4.6048080506076685,5.910207148191235,0.3011655505509352,0.04550038419385707,2.0217379728540417e-25,0.036484053001793096
first_release,UNRATE,3,mean,recession,20,2.7612486801764096,1.8640203227210184,1.508800941844552,0.55,0.6,2.5987690982599,3.33548402718052,0.7223248645057911,0.09119649006068885,0.002784807061215422,0.0051368000001438
first_release,UNRATE,3,naive_drift,all,237,1.2492253148418333,0.45505729536511663,0.4080281220438088,0.8565400843881856,0.890295358649789,1.5206599364234068,1.9517458985139748,0.458618587135984,0.06137912044421054,1.8900658164606348e-07,0.059430342000556
first_release,UNRATE,3,naive_drift,expansion,217,1.035070310127097,0.380431488659325,0.34180135805514245,0.9170506912442397,0.9539170506912442,1.5982806338800462,2.0513709851438677,0.41339302306810466,0.04178773690217029,2.591085974403235e-13,0.0544931440003363
first_release,UNRATE,3,naive_drift,high_volatility,98,1.923063334585933,0.8501971282366055,0.7430140846975818,0.7448979591836735,0.8061224489795918,1.8309827379211403,2.350040902236573,0.4376521777082144,0.08643163977676555,0.0005126049801321908,0.0247112359996275
first_release,UNRATE,3,naive_drift,normal_volatility,139,0.2312419949391578,0.17646949952766391,0.17185096851812715,0.935251798561151,0.9496402877697842,1.301871198676804,1.6709335937311351,0.473400659969951,0.04368225122874188,2.55770627481723e-05,0.0347191060009285
first_release,UNRATE,3,naive_drift,recession,20,2.620746387935547,1.2647472981229555,1.1265885113208387,0.2,0.2,0.6784753690188723,0.8708137085796348,0.949315957272475,0.010515882408767328,1.3690627642221038e-13,0.0049371980002196995
first_release,UNRATE,3,naive_last,all,237,1.2439219316950314,0.4489451476793248,0.4050784009682467,0.8607594936708861,0.8860759493670886,1.5183866354588784,1.9488281483139913,0.46057418782785275,0.06036693682032336,1.6909316954992822e-07,0.064357026999064
first_release,UNRATE,3,naive_last,expansion,217,1.027995230314026,0.37327188940092165,0.33800087984055793,0.9216589861751152,0.9493087557603687,1.5959656832339604,2.048399778156336,0.41574218872655,0.04101028389532785,3.5149579757781667e-13,0.058913816999367596
first_release,UNRATE,3,naive_last,high_volatility,98,1.915351515667928,0.8428571428571427,0.7380081787502879,0.7448979591836735,0.8061224489795918,1.8306252696204783,2.34958209663977,0.4489607718794449,0.08606628009657408,0.0010588539722139049,0.0266685599988199
first_release,UNRATE,3,naive_last,normal_volatility,139,0.22759297254326444,0.17122302158273375,0.1703509317406206,0.9424460431654677,0.9424460431654677,1.2982471667694053,1.6662821991346652,0.4687620638202554,0.042577041866271224,5.442196682505034e-06,0.0376884670002441
first_release,UNRATE,3,naive_last,recession,20,2.6210684844162313,1.27,1.1328695052036704,0.2,0.2,0.6766539670992421,0.8684759645245477,0.9470013780769871,0.011578814358430509,1.4024613927498563e-13,0.0054432099996963995
first_release,UNRATE,3,random_forest,all,237,1.5851324025406106,0.7983054592189268,0.6478244520985026,0.6919831223628692,0.7848101265822784,1.603034635280556,2.0574726798835856,0.3966157798562199,0.09222127737230897,6.38064753080093e-09,172.17191073099792
first_release,UNRATE,3,random_forest,expansion,217,1.434892847563492,0.7364847925041283,0.5847915341772096,0.7419354838709677,0.8387096774193549,1.688594379549749,2.167287422782688,0.3454594821831752,0.06855336689292418,9.300854036928215e-15,162.08241032599759
first_release,UNRATE,3,random_forest,high_volatility,98,2.3582913075328,1.437871723607042,1.1682898950525538,0.5102040816326531,0.6632653061224489,1.8513614717429523,2.376196723930132,0.43373696183517707,0.13799333232339694,8.340308146322988e-05,71.83050011999882
first_release,UNRATE,3,random_forest,normal_volatility,139,0.6025490727401431,0.3473882368445725,0.28087759303737314,0.8201438848920863,0.8705035971223022,1.42795528295455,1.8327607639370997,0.37044401126673915,0.05904794441423094,4.740915144066693e-11,100.3414106109991
first_release,UNRATE,3,random_forest,recession,20,2.726826982353884,1.469059693074491,1.331731611544532,0.15,0.2,0.6747114099598127,0.8659827194283244,0.9516616096087548,0.011962892352612787,2.5291954921219694e-13,10.089500405000337
first_release,UNRATE,3,ridge,all,237,1.432798466304606,0.6065014446673367,0.5107380834518511,0.7510548523206751,0.8059071729957806,1.5295422568626924,1.9631462333761112,0.4569294884269338,0.08096855627004555,0.0014664696947261054,5.980229029999709
first_release,UNRATE,3,ridge,expansion,217,1.2522767347673847,0.552318705182464,0.45735524311370146,0.7972350230414746,0.8433179723502304,1.616765874439834,2.0750965345461,0.44096719833381814,0.06994224123249636,5.4063309623660146e-05,5.528162620999598
first_release,UNRATE,3,ridge,high_volatility,98,2.19010781043441,1.123026020655966,0.9547516015803746,0.5816326530612245,0.6632653061224489,1.8235033925805035,2.340441266418922,0.47328638680366947,0.11802423579200078,0.027932191495541003,2.4283380429994237
first_release,UNRATE,3,ridge,normal_volatility,139,0.34428462779082203,0.24233303857463423,0.19769258146195676,0.8705035971223022,0.9064748201438849,1.322289082040063,1.6971396633171512,0.4453972866936957,0.055184948178460605,0.0003764531739153875,3.551890987000285
first_release,UNRATE,3,ridge,recession,20,2.704082645188735,1.1943841680782057,1.089941901120774,0.25,0.4,0.5831660061507093,0.748485465681729,0.6301203359372382,0.17609806996295516,0.00022082556339931954,0.4520664090001095
first_release,UNRATE,3,seasonal_naive,all,237,1.9524516666357001,1.1426160337552747,0.9167400402999353,0.8270042194092827,0.8565400843881856,3.408216783329063,4.3743988835231855,0.4539818749485184,0.07065829155842039,1.0322109543005771e-09,0.055394672000548
first_release,UNRATE,3,seasonal_naive,expansion,217,1.776886937579342,1.0350230414746544,0.8186784829066696,0.8847926267281107,0.9124423963133641,3.5683461721798553,4.579922729082081,0.4084319588551821,0.05168149257769695,5.694336167014332e-16,0.050825879000459595
first_release,UNRATE,3,seasonal_naive,high_volatility,98,2.9604363991596556,2.086734693877551,1.6499561061322507,0.6428571428571429,0.7040816326530612,3.8353417590744225,4.922607854902157,0.49203917401324165,0.1215532558653538,0.00020260572438925788,0.0228201890002942
first_release,UNRATE,3,seasonal_naive,normal_volatility,139,0.5662574344009873,0.47697841726618695,0.3997963392095256,0.9568345323741008,0.9640287769784173,3.1070783112208233,3.9878918389538383,0.4271501101402962,0.033642606832487786,1.2574273343889006e-11,0.0325744830002538
first_release,UNRATE,3,seasonal_naive,recession,20,3.3039370454050725,2.31,1.9807079380168673,0.2,0.25,1.6708129142979633,2.1444651592091715,0.9481984645612167,0.009311746224246378,7.648200756760314e-12,0.0045687930000884005
first_release,UNRATE,3,state_space,all,237,2.687408215569982,0.6206113809861842,0.6182386672648331,0.8987341772151899,0.9282700421940928,2.4059973455263934,3.0880641611505837,0.506411448285309,0.04664255467193869,1.654688087335876e-06,56.903299701001316
first_release,UNRATE,3,state_space,expansion,217,2.701010560149897,0.5912282503512831,0.6000669466945149,0.9308755760368663,0.9447004608294931,2.5385630979901133,3.258210462409119,0.4791202187624261,0.038952406882701,1.3617673099982135e-07,53.12684884700124
first_release,UNRATE,3,state_space,high_volatility,98,4.1712973765507035,1.253509313857566,1.17505208087605,0.7755102040816326,0.8469387755102041,2.8607579145149815,3.671743032454933,0.4527103367013938,0.07265587630534817,0.0009958697825485537,22.845979728001225
first_release,UNRATE,3,state_space,normal_volatility,139,0.21591156264999806,0.1743955721991669,0.22566518140944294,0.9856115107913669,0.9856115107913669,2.085374786095591,2.6765495612381645,0.5442726636466305,0.025204036411697016,6.665163081708934e-09,34.05731997300009
first_release,UNRATE,3,state_space,recession,20,2.535135256399904,0.9394183483748592,0.8154018354527871,0.55,0.75,0.967658931295041,1.2419767924954723,0.8025212886085888,0.03571990699282174,0.00012560115937806725,3.776450854000074
first_release,UNRATE,3,var,all,237,11.025947253386473,1.1748452798039728,1.472271058504889,0.8481012658227848,0.9029535864978903,6.011347028675083,7.7154803823896945,0.4937598095782844,0.057548698943066155,5.5186165472398706e-05,1.0255558539992675
first_release,UNRATE,3,var,expansion,217,11.495929279932017,1.1777253560417487,1.5129693767599204,0.9078341013824884,0.9585253456221198,6.5124520694002515,8.358641739201891,0.46335722060567985,0.042834658762837666,2.0730693685286785e-08,0.9453639659994091
first_release,UNRATE,3,var,high_volatility,98,17.142403236322185,2.520744370489807,2.882558851052564,0.7448979591836735,0.826530612244898,7.8482893260392075,10.073170296362026,0.4972447920620274,0.07746148357249358,0.0019298514610531163,0.4226803199994672
first_release,UNRATE,3,var,normal_volatility,139,0.3170644072916309,0.22593800723410426,0.4779674349820676,0.920863309352518,0.9568345323741008,4.716236631972318,6.053224184049495,0.4913027715681634,0.04395434547806159,0.002992062235694128,0.6028755339998004
first_release,UNRATE,3,var,recession,20,2.5933753080797866,1.1435964526241058,1.0306943054377946,0.2,0.3,0.5743573368070083,0.7371796609773773,0.8236278999310436,0.10275634935829965,4.9123430416760134e-09,0.08019188799985849
first_release,UNRATE,6,arima,all,237,3.8110254193544897,0.9474776246297993,0.9145858853366905,0.8860759493670886,0.8945147679324894,3.62569499166062,4.653529142011891,0.4586491410760944,0.04855430582583659,1.1882331740808045e-17,224.2141349319989
first_release,UNRATE,6,arima,expansion,217,3.884739663414483,0.8691060024126969,0.8586878965765261,0.9447004608294931,0.9493087557603687,3.8304443711180793,4.916322125510411,0.4145785694220529,0.029112859424416365,9.900592067075242e-26,208.0054867179989
first_release,UNRATE,6,arima,high_volatility,98,5.9107979836028415,1.889616222422312,1.6909950038009547,0.7653061224489796,0.7857142857142857,4.0118273007473375,5.149124595336107,0.4684944776000808,0.08355217899884446,8.045165529584358e-07,94.55593914899967
first_release,UNRATE,6,arima,normal_volatility,139,0.36273918271970435,0.2832360233084596,0.3671895284338283,0.9712230215827338,0.9712230215827338,3.3534578241030775,4.304116520243738,0.4517078246778881,0.024188828462251802,9.405720410030303e-15,129.65819578299923
first_release,UNRATE,6,arima,recession,20,2.892895662111116,1.7978097256853611,1.5210790633844737,0.25,0.3,1.4041642245471844,1.8022252710529407,0.9368148435224448,0.009269949592627566,8.605372342789125e-11,16.208648213999993
first_release,UNRATE,6,autoreg,all,237,9.183251645824017,1.4650730922398996,1.5988614952324334,0.810126582278481,0.8607594936708861,5.499954029765312,7.059114574200876,0.4728046595663139,0.07076221638822078,1.3830278160601432e-09,2.536377091001295
first_release,UNRATE,6,autoreg,expansion,217,9.562260351800418,1.4625043465317145,1.6241353017127862,0.8755760368663594,0.9170506912442397,5.932826373811404,7.614700212932963,0.4274600723002561,0.0524733369443877,4.8649046281456726e-15,2.3545493020011996
first_release,UNRATE,6,autoreg,high_volatility,98,14.2757740796424,3.187347568433163,3.1208628118714175,0.6632653061224489,0.7244897959183674,6.296817251785426,8.081877447083816,0.48129372464848313,0.10729516417938201,0.0015714538497019932,1.0329793220004952
first_release,UNRATE,6,autoreg,normal_volatility,139,0.32334972494548686,0.25080763420436053,0.5257958187531504,0.9136690647482014,0.9568345323741008,4.938136794096452,6.338029958787007,0.4668195633213313,0.04550877301930058,8.60259186438569e-08,1.5033977690007991
first_release,UNRATE,6,autoreg,recession,20,2.691836349290274,1.4929439831737057,1.3246406949206109,0.1,0.25,0.8032890968651965,1.0310103939577355,0.9647934314030412,0.004126457862879648,1.0394975205883068e-14,0.1818277890000949
first_release,UNRATE,6,bvar_niw,all,237,1.6008158704223683,0.7650466589379618,0.6614093106379373,0.8312236286919831,0.8776371308016878,2.3833436946519964,3.0589885150304768,0.4651461261778909,0.06866089842253632,1.6811855868211258e-08,37.064960496999745
first_release,UNRATE,6,bvar_niw,expansion,217,1.4148710884243934,0.6685886399793807,0.5734717376381867,0.8986175115207373,0.9308755760368663,2.5171090685153006,3.2306745136863904,0.41873439838685655,0.04908599050430579,1.5367491234408253e-14,33.94613910899994
first_release,UNRATE,6,bvar_niw,high_volatility,98,2.4564146887423854,1.4880214336275572,1.2202931440763893,0.7142857142857143,0.7653061224489796,2.6818685452027573,3.4421410126476135,0.3970968287438836,0.10610659928134962,6.303768867565405e-06,15.380079566000175
first_release,UNRATE,6,bvar_niw,normal_volatility,139,0.3393767862709615,0.2553234364949379,0.2673761043288129,0.9136690647482014,0.9568345323741008,2.1728729367097332,2.788852221746452,0.5131233286853205,0.03723094754031135,6.078743565065615e-06,21.68488093099957
first_release,UNRATE,6,bvar_niw,recession,20,2.9405378008761356,1.8116161646385673,1.6155319776852306,0.1,0.3,0.9319893882351511,1.1961954296138084,0.9687133727106139,0.003282638092968857,4.3091794560866366e-16,3.118821387999815
first_release,UNRATE,6,dynamic_factor,all,237,1.5341621893474005,0.7301092788244434,0.61735877876183,0.8607594936708861,0.8776371308016878,2.2087314540612897,2.8348761305056325,0.4314584413691529,0.061168259855823116,7.195063571623253e-16,1449.617327722001
first_release,UNRATE,6,dynamic_factor,expansion,217,1.3441639076629477,0.6347699142100044,0.528128663868468,0.9262672811059908,0.9354838709677419,2.3328938679504114,2.9942368634698058,0.38249603017247547,0.037825147928178905,1.1411247998294816e-23,1351.3371106000009
first_release,UNRATE,6,dynamic_factor,high_volatility,98,2.3487725532634056,1.3637886756524498,1.1250509448696948,0.7448979591836735,0.7653061224489796,2.5208480393569936,3.2354734308079274,0.45834438917677545,0.09827274613062861,0.0003543175666699297,589.8688947600002
first_release,UNRATE,6,dynamic_factor,normal_volatility,139,0.35152415332427006,0.28334250983779175,0.2594175393476519,0.9424460431654677,0.9568345323741008,1.9886780342125199,2.5524406238176827,0.4125028810443542,0.03465557026511826,2.3714694687306912e-15,859.7484329620006
first_release,UNRATE,6,dynamic_factor,recession,20,2.8787617493453,1.7645413848911076,1.5855055253548076,0.15,0.25,0.8615692633643153,1.1058121778443433,0.9627006028531024,0.0053102498743717265,5.2378434059439904e-14,98.28021712200007
first_release,UNRATE,6,elastic_net,all,237,1.5645342820361152,0.8211626625982025,0.6458691604918193,0.7468354430379747,0.8059071729957806,1.8411422622991107,2.3630805106069985,0.3937524624732596,0.08124779440232639,9.87404644775804e-08,7.613239915001019
first_release,UNRATE,6,elastic_net,expansion,217,1.4220066012947168,0.7925665166077904,0.6087744177949403,0.7649769585253456,0.8202764976958525,1.9482616795818855,2.500566794242901,0.36720906420918986,0.07164256721001554,6.357980963885685e-10,7.105102831000824
first_release,UNRATE,6,elastic_net,high_volatility,98,2.3325504333079996,1.4330118198377864,1.1463390228283374,0.5714285714285714,0.6428571428571429,2.029856286068187,2.605292337894075,0.41074979712618803,0.128511971592166,4.929302274391668e-07,2.9705707170009767
first_release,UNRATE,6,elastic_net,normal_volatility,139,0.5810145729064367,0.38978699778180537,0.29301990503154013,0.8705035971223022,0.920863309352518,1.7080920872676768,2.1923124597139516,0.38176873012802953,0.04826480686131155,1.1710170509819722e-09,4.642669198000043
first_release,UNRATE,6,elastic_net,recession,20,2.6582381399680513,1.131430846594173,1.0483471187529543,0.55,0.65,0.6788965847810091,0.8713543331574574,0.681748333638416,0.09936656543617021,0.004812344402013169,0.5081370840001955
first_release,UNRATE,6,hist_gradient_boosting,all,237,1.661533595164461,0.9725014039624534,0.7705995299362723,0.6708860759493671,0.7510548523206751,1.9491652782792126,2.5017265506152286,0.3611719731981501,0.0920953676802059,2.7011581504107172e-14,68.86093631800172
first_release,UNRATE,6,hist_gradient_boosting,expansion,217,1.5075766765250156,0.9118090564560345,0.704535216444817,0.7096774193548387,0.7926267281105991,2.054420517606399,2.636820187748273,0.3098301255895767,0.06733184019565398,1.1063194278835547e-19,64.85241411700177
first_release,UNRATE,6,hist_gradient_boosting,high_volatility,98,2.4097232279373078,1.634945878049629,1.3127892388397857,0.5102040816326531,0.6224489795918368,2.1808534919134783,2.7990951534589876,0.4108677484353322,0.14290790068807824,7.385148929279188e-08,27.978526477001196
first_release,UNRATE,6,hist_gradient_boosting,normal_volatility,139,0.7830092291935395,0.5054542207930778,0.38833628193235636,0.7841726618705036,0.841726618705036,1.7858167535586513,2.292070988898046,0.32613466403812236,0.05405633714988422,9.145165416384226e-13,40.88240984100052
first_release,UNRATE,6,hist_gradient_boosting,recession,20,2.83804138357048,1.6310133744070978,1.4873973313185638,0.25,0.3,0.8071459315792409,1.0359605877216924,0.9182310197511716,0.021711834199687082,3.384132417060454e-10,4.0085222009999475
first_release,UNRATE,6,mean,all,237,2.216187732758621,1.8528462879124552,1.2741516573260572,0.8270042194092827,0.8776371308016878,4.833721904246886,6.204014898531656,0.4440141836667554,0.10214744636800775,1.4341624537794733e-12,0.062200609000450796
first_release,UNRATE,6,mean,expansion,217,2.15827148332272,1.8510708611538707,1.2506335130177293,0.8525345622119815,0.9032258064516129,5.039605390048694,6.468263491764507,0.41854741989491406,0.09592501739482609,3.5695744439512995e-15,0.0565575050004228
first_release,UNRATE,6,mean,high_volatility,98,2.9016374549235935,2.433597649135715,1.8020650446546131,0.5816326530612245,0.7040816326530612,4.944221071640378,6.345839044472335,0.6437694908434598,0.11652926249741179,1.2808508745980453e-09,0.025444367000540497
first_release,UNRATE,6,mean,normal_volatility,139,1.5614779931200353,1.4433956879133223,0.9019537295692334,1.0,1.0,4.755816016444282,6.104023774055495,0.30317950666447463,0.04446422103858439,2.340169684347879e-25,0.0367562419999103
first_release,UNRATE,6,mean,recession,20,2.767735574134042,1.8721096682431004,1.5293235230714153,0.55,0.6,2.5998860832972612,3.3369176619552343,0.7203285705912342,0.09048758488247625,0.003809984193433591,0.005643104000028
first_release,UNRATE,6,naive_drift,all,237,1.6071934877092713,0.7311665678456565,0.6422197293968084,0.8354430379746836,0.8776371308016878,2.2431573041980126,2.8790612308017827,0.4521792698551682,0.06529937079537174,2.648829085849983e-11,0.06023397700095011
first_release,UNRATE,6,naive_drift,expansion,217,1.4321661634227527,0.6337379770391148,0.5537902057768543,0.9078341013824884,0.9400921658986175,2.369792006345859,3.041595111393071,0.4035030883662559,0.04300859763793718,3.595342195939875e-18,0.054853157001094
first_release,UNRATE,6,naive_drift,high_volatility,98,2.462131639678358,1.3743115866753395,1.174644500919464,0.7244897959183674,0.7755102040816326,2.5587604997889377,3.28413354697082,0.4468402194926544,0.09944441679286731,0.00021491433400675988,0.0247130069997707
first_release,UNRATE,6,naive_drift,normal_volatility,139,0.36088189597693376,0.2777261948578226,0.26684111350313744,0.9136690647482014,0.9496402877697842,2.020645698673475,2.5934706769559863,0.45594349241291193,0.04173753624062517,2.0252798794163903e-09,0.0355209700011794
first_release,UNRATE,6,naive_drift,recession,20,2.8904940959886547,1.7882667780966344,1.6016800606733095,0.05,0.2,0.8691707858938802,1.115568626386307,0.9803158390098673,0.001477698659013897,2.7869769559254614e-18,0.0053808199998561
first_release,UNRATE,6,naive_last,all,237,1.593181674543511,0.7156118143459914,0.633811637167644,0.8481012658227848,0.8734177215189873,2.2330427987695813,2.866079403627543,0.45398058358229976,0.06324061711236142,9.684637857276698e-12,0.06455833400090119
first_release,UNRATE,6,naive_last,expansion,217,1.4152721970366935,0.6170506912442395,0.5446666177551233,0.9216589861751152,0.9354838709677419,2.3593388288784998,3.028178603362786,0.40585717871759125,0.041331565264948945,1.1540620846779583e-18,0.0589244860008431
first_release,UNRATE,6,naive_last,high_volatility,98,2.4426482784561716,1.3510204081632653,1.1618594685579346,0.7448979591836735,0.7653061224489796,2.5514982607618553,3.2748125640898795,0.45993693865794183,0.09740304856330252,0.0006598809322422685,0.0263301710005754
first_release,UNRATE,6,naive_last,normal_volatility,139,0.348067635865058,0.2676258992805755,0.26151892151117995,0.920863309352518,0.9496402877697842,2.0085202428325815,2.5779078228699253,0.4497811389965953,0.0396432011310773,5.104049144880315e-10,0.0382281630003258
first_release,UNRATE,6,naive_last,recession,20,2.8888579058167605,1.7850000000000001,1.6010350977934933,0.05,0.2,0.8627308720878147,1.1073030865001603,0.9761195263643859,0.0022128397428298223,2.582202449283769e-17,0.0056338480000581006
first_release,UNRATE,6,random_forest,all,237,2.0305060770861254,1.2023890958484091,0.9728335126675783,0.6371308016877637,0.759493670886076,2.1702844263813352,2.785529904707841,0.3744155299866299,0.10043939063640686,1.0449751924371856e-13,174.58001738699977
first_release,UNRATE,6,random_forest,expansion,217,1.9265223710696915,1.1379344396095306,0.9044639395943932,0.6820276497695853,0.8064516129032258,2.2830734381949123,2.930293034143836,0.32033717534824013,0.07426937949802784,5.197602842427383e-19,164.62018718500002
first_release,UNRATE,6,random_forest,high_volatility,98,2.8132016468799996,1.961602884082387,1.5933881318620158,0.45918367346938777,0.6632653061224489,2.356152705816967,3.0240892586851493,0.4340211315100893,0.1503743277993794,4.150028718769804e-06,71.79125465200036
first_release,UNRATE,6,random_forest,normal_volatility,139,1.2041838771968492,0.6671160652949569,0.535320184026896,0.762589928057554,0.8273381294964028,2.039240603469882,2.617336978882112,0.33239143682620537,0.061766173068064714,3.4949337233954253e-13,102.78876273499942
first_release,UNRATE,6,random_forest,recession,20,2.930420834628472,1.9017221160402413,1.714643380511636,0.15,0.25,0.9465236482040209,1.2148499503272938,0.9611656778131585,0.007441360398059271,2.98244029372164e-13,9.95983020199975
first_release,UNRATE,6,ridge,all,237,1.6707301129709278,0.891361037280572,0.7058269585104813,0.6835443037974683,0.7637130801687764,1.8935566188539623,2.4303536089367856,0.4198373823093424,0.09173644682344313,0.000551573555421037,5.843537706999026
first_release,UNRATE,6,ridge,expansion,217,1.537217544229384,0.8581144529416544,0.6650466237451983,0.7096774193548387,0.7972350230414746,2.0076979107540636,2.5768523710736218,0.4031633476547408,0.08285740101236597,0.00011321562122802182,5.339630229998873
first_release,UNRATE,6,ridge,high_volatility,98,2.456491122790868,1.5022770582920275,1.2297510554109594,0.5306122448979592,0.6530612244897959,2.0997689975843556,2.6950243316734386,0.4548114115788673,0.13147604741643537,0.0004356210450121606,2.4173426449999864
first_release,UNRATE,6,ridge,normal_volatility,139,0.7105636773473393,0.4606432670710571,0.336441624005108,0.7913669064748201,0.841726618705036,1.7481694741375695,2.24375122887785,0.3951794336157206,0.06298723867938726,4.18118750070842e-06,3.4261950619990396
first_release,UNRATE,6,ridge,recession,20,2.7273445993651406,1.2520864773578286,1.1482935907138017,0.4,0.4,0.6551236017378625,0.8408420397521128,0.6007506583117703,0.15987786727958309,0.0014638319440382075,0.5039074770001538
first_release,UNRATE,6,seasonal_naive,all,237,1.9523111912146005,1.1438818565400846,0.9354619376584761,0.8227848101265823,0.8481012658227848,3.4454841139775336,4.422230984573202,0.45995126019154037,0.0706407227714067,9.243389705515016e-10,0.05608591299893291
first_release,UNRATE,6,seasonal_naive,expansion,217,1.776718354326053,1.036405529953917,0.8351594197770708,0.880184331797235,0.9032258064516129,3.627300894006934,4.655590295359039,0.414785317154948,0.05207678248690989,4.567220448707036e-16,0.0513423329992221
first_release,UNRATE,6,seasonal_naive,high_volatility,98,2.959384933338931,2.0897959183673467,1.6802100477649264,0.6326530612244898,0.6836734693877551,3.748708476308337,4.811415240259331,0.4941329692614529,0.12266634044595018,8.890572949210587e-05,0.0231103679998575
first_release,UNRATE,6,seasonal_naive,normal_volatility,139,0.5692984449517321,0.47697841726618695,0.4103877305330654,0.9568345323741008,0.9640287769784173,3.2317000311831547,4.147842084880824,0.43585192573937187,0.03316916865758315,1.0496193753608932e-11,0.0329755449990754
first_release,UNRATE,6,seasonal_naive,recession,20,3.3039370454050725,2.31,2.0237442566717236,0.2,0.25,1.4727720506585467,1.8902824625468895,0.9500017421385684,0.009313906141877895,3.964726215335244e-12,0.0047435799997108
first_release,UNRATE,6,state_space,all,237,4.941784857671656,1.0506335120915178,1.0858978486733044,0.8481012658227848,0.890295358649789,4.037827919370584,5.182496028055051,0.51347064692136,0.05101305262281468,3.379464328721336e-07,57.00895369799949
first_release,UNRATE,6,state_space,expansion,217,5.099926523243218,1.0214256337477898,1.0824326764398462,0.8940092165898618,0.9262672811059908,4.282142697931687,5.496070651533664,0.478375636114668,0.03970753931600182,1.0988613557807171e-10,53.323912096999436
first_release,UNRATE,6,state_space,high_volatility,98,7.676858499102731,2.2160237417568847,2.080808482029996,0.6632653061224489,0.7448979591836735,4.4581399048567505,5.721960621104261,0.47118919908659246,0.09358388687053575,0.04234985841454277,22.559341547999765
first_release,UNRATE,6,state_space,normal_volatility,139,0.2973017464135755,0.22899147966557554,0.38445006400455806,0.9784172661870504,0.9928057553956835,3.741492850466668,4.80215408475417,0.5432805885602611,0.019295121861248897,1.3007776291207761e-11,34.44961214999972
first_release,UNRATE,6,state_space,recession,20,2.6816593615377755,1.367538992120964,1.1234949674063273,0.35,0.5,1.3870125719826192,1.780211363312094,0.8942515141739689,0.015531598757402912,1.693696534911762e-08,3.685041601000051
first_release,UNRATE,6,var,all,237,114.08388880034106,8.207215586285155,12.547494511404793,0.8649789029535865,0.9029535864978903,52.75221481471655,67.70673471171376,0.5197279731195903,0.056815116778839915,4.982340876948965e-06,1.0206591769996247
first_release,UNRATE,6,var,expansion,217,119.22231840079355,8.819876239888462,13.572653265267972,0.9170506912442397,0.9539170506912442,57.54303671985206,73.85568805749038,0.4879379401516411,0.04550945704659201,3.757082084633419e-06,0.9355799889994749
first_release,UNRATE,6,var,high_volatility,98,177.4118480620289,19.299777823172818,24.17503462511486,0.7448979591836735,0.7857142857142857,60.709487201151774,77.91978325175185,0.5202756475514664,0.08842486141419413,0.009536866223024703,0.41814728500019777
first_release,UNRATE,6,var,normal_volatility,139,0.5379647882371063,0.38656019624924787,4.349660474400571,0.9496402877697842,0.9856115107913669,47.142051549460035,60.50616811514014,0.5193418429445985,0.0350080136476844,4.546301829030372e-06,0.6025118919994272
first_release,UNRATE,6,var,recession,20,2.8026916345894275,1.5598474946892744,1.424522031989278,0.3,0.35,0.7717971439961294,0.9905909100375098,0.8646498308218383,0.05155797551434391,9.556969560454815e-09,0.0850791880001499
first_release,UNRATE,12,arima,all,235,5.69134070103649,1.5412454118607926,1.4124052416283464,0.8553191489361702,0.8553191489361702,5.449711678569938,6.994629214569514,0.4544032177564627,0.0608175602342776,1.036211478039893e-20,256.5685026199993
first_release,UNRATE,12,arima,expansion,215,5.861765496377055,1.4633937774756722,1.353237879886022,0.9023255813953488,0.9023255813953488,5.734468860076848,7.360111100273487,0.41400304903610546,0.04505713499397735,2.458758704240317e-29,238.5453618509993
first_release,UNRATE,12,arima,high_volatility,98,8.78095527463275,2.9457871818652634,2.5131237811899654,0.6836734693877551,0.6836734693877551,5.059884295814542,6.494291185535367,0.5012100841012752,0.11678750824629662,4.786503834601949e-06,108.40976168199927
first_release,UNRATE,12,arima,normal_volatility,137,0.6374112604597711,0.5365367004707333,0.6250299359565312,0.9781021897810219,0.9781021897810219,5.728566302730733,7.3525352499370085,0.4209209338017794,0.01863697506826098,1.4793961289382304e-21,148.15874093800005
first_release,UNRATE,12,arima,recession,20,3.350417819231323,2.3781504815008376,2.0484543803583355,0.35,0.35,2.388571977370657,3.0656989432518036,0.8887050315003038,0.024515977193149366,6.094460081085421e-08,18.02314076899998
first_release,UNRATE,12,autoreg,all,235,24.600631868855803,3.0786083454340303,3.6525901337272657,0.7659574468085106,0.8,12.232134677732294,15.699774890818956,0.47356155089991403,0.08201721862520711,2.101602770067696e-09,2.761770853000402
first_release,UNRATE,12,autoreg,expansion,215,25.701114393918562,3.1590647695968053,3.804952331354759,0.8232558139534883,0.8558139534883721,13.266340023192752,17.027163081219506,0.4289262046123514,0.06502987170262861,8.08626206873855e-15,2.568487439000425
first_release,UNRATE,12,autoreg,high_volatility,98,38.08835005394845,6.701865869037079,6.798961143094843,0.5510204081632653,0.5816326530612245,9.987141641542372,12.818357523513441,0.516378829827081,0.13370386433101905,1.0435104965764439e-05,1.1219113520005477
first_release,UNRATE,12,autoreg,normal_volatility,137,0.5987188145529391,0.48678909497345535,1.401901382500823,0.9197080291970803,0.9562043795620438,13.838042105079827,17.760934759402467,0.44293313239726906,0.043489480270074,3.0157541260352407e-12,1.6398595009998544
first_release,UNRATE,12,autoreg,recession,20,3.1799396797705675,2.2137017856842083,2.0146965092317073,0.15,0.2,1.1144272140323603,1.4303518440130674,0.9533915234912126,0.0127659485411227,3.264696934037655e-13,0.1932834139999775
first_release,UNRATE,12,bvar_niw,all,235,2.049961328377562,1.3297342333715587,1.0662505923049543,0.7787234042553192,0.8170212765957446,3.7797536327775374,4.851261267208657,0.468353431293695,0.08272335813301339,0.00010659892907291251,82.8900773670006
first_release,UNRATE,12,bvar_niw,expansion,215,1.8798758185517919,1.2265114232043322,0.9633180723447791,0.8372093023255814,0.8744186046511628,4.004139886806976,5.139257906361864,0.4223427401615542,0.06496036809321844,2.8511738355654673e-09,75.83783975900062
first_release,UNRATE,12,bvar_niw,high_volatility,98,3.07270613150195,2.453256430068989,1.8896163881475714,0.5510204081632653,0.6224489795918368,3.8550768522135157,4.9479375727229655,0.42919635668985434,0.14635810515641887,4.393154745898895e-09,34.65352285400007
first_release,UNRATE,12,bvar_niw,normal_volatility,137,0.6742445847420421,0.526046822595295,0.4772735996584106,0.9416058394160584,0.9562043795620438,3.7258727896773487,4.782105953775065,0.49636360144826713,0.03604987108225311,5.018365656524433e-06,48.23655451300053
first_release,UNRATE,12,bvar_niw,recession,20,3.3745712706241062,2.4393794426692437,2.1727751818768395,0.15,0.2,1.367601401961077,1.755297396311682,0.9629683609642086,0.005669313839406956,7.714731615522803e-14,7.0522376079999844
first_release,UNRATE,12,dynamic_factor,all,235,1.8666971377530888,1.1616088312301256,0.9347421133977207,0.8212765957446808,0.8425531914893617,3.28804587130131,4.220161187735331,0.4321396214557149,0.07354384168625921,1.0654525847749957e-17,1587.6463929709996
first_release,UNRATE,12,dynamic_factor,expansion,215,1.679734660496413,1.0611597261688464,0.8326346494402277,0.8744186046511628,0.8976744186046511,3.4838582251063754,4.471483622990831,0.3857805280889243,0.05364686891260004,5.9309819099199305e-25,1482.0197649819993
first_release,UNRATE,12,dynamic_factor,high_volatility,98,2.80176315455691,2.042442550192887,1.6530023403998402,0.6224489795918368,0.673469387755102,3.401323092156078,4.365550926691928,0.5027407939116516,0.12960487713694477,7.235261473201538e-07,645.2390268390002
first_release,UNRATE,12,dynamic_factor,normal_volatility,137,0.6015991711128155,0.5315233972275664,0.4209501261991244,0.9635036496350365,0.9635036496350365,3.207015450543884,4.116159768627691,0.3816365929835848,0.027938795676210652,1.1460412032892184e-19,942.4073661319995
first_release,UNRATE,12,dynamic_factor,recession,20,3.257659006731408,2.2414367106388773,2.0323973509407707,0.25,0.25,1.1830630678968528,1.518445008738707,0.930499875148713,0.015763135128644284,4.710612060751947e-11,105.62662798900027
first_release,UNRATE,12,elastic_net,all,235,2.0083079746869483,1.3823905133286876,1.059427549377976,0.5234042553191489,0.6127659574468085,2.391327905010743,3.0692361380836672,0.29041088213651134,0.093957457296514,5.717688134559243e-26,9.031320471001411
first_release,UNRATE,12,elastic_net,expansion,215,1.9425287123361528,1.3912085090290842,1.0543318619213338,0.5348837209302325,0.6325581395348837,2.4878701391639098,3.1931467541448733,0.2686807445293223,0.08212366936582742,5.234526833896908e-28,8.01568923000156
first_release,UNRATE,12,elastic_net,high_volatility,98,2.560347723211488,1.794649256379614,1.424928990517437,0.4387755102040816,0.5510204081632653,2.382979624495948,3.0585212360440184,0.3917784201272192,0.14918683419422613,2.74638344325482e-09,3.6333484219997234
first_release,UNRATE,12,elastic_net,normal_volatility,137,1.4930457554847072,1.0874900985915288,0.7979739637453689,0.583941605839416,0.656934306569343,2.3972996677147576,3.076900812535387,0.21789979656651579,0.04255594550402427,3.1487237508442268e-18,5.397972049001689
first_release,UNRATE,12,elastic_net,recession,20,2.6128613611910634,1.2875970595494235,1.114206189536878,0.4,0.4,1.3534988878642065,1.7371970154257088,0.5240098614137938,0.16940459691671347,0.06308588184941477,1.0156312409998511
first_release,UNRATE,12,hist_gradient_boosting,all,235,2.429143532030344,1.8361938091535153,1.412138182375688,0.5191489361702127,0.6212765957446809,2.9951264025156683,3.8442031197257824,0.341879290492977,0.12239300879331136,2.4858787505144367e-27,68.61260285700062
first_release,UNRATE,12,hist_gradient_boosting,expansion,215,2.327212698227541,1.7855318810875238,1.340557881843122,0.5627906976744186,0.6744186046511628,3.1759029187683523,4.076227266408884,0.28269875553612434,0.09172218512884374,1.2257612179552083e-34,64.50072959100048
first_release,UNRATE,12,hist_gradient_boosting,high_volatility,98,2.9718202343405618,2.37090696848026,1.9037256334996082,0.41836734693877553,0.5306122448979592,3.121054250403997,4.005829762696866,0.500466706724258,0.16461131992837524,6.307678661994996e-08,27.731700303000594
first_release,UNRATE,12,hist_gradient_boosting,normal_volatility,137,1.9504171008154603,1.4536982645256253,1.0604916844914243,0.5912408759124088,0.6861313868613139,2.9050466281137988,3.7285869809581467,0.22843719713045474,0.06209486200145866,2.9807237191821102e-33,40.88090255400003
first_release,UNRATE,12,hist_gradient_boosting,recession,20,3.3335486168118633,2.380809535862928,2.1816264131007737,0.05,0.05,1.0517788527993202,1.3499435428824447,0.9780700412791423,0.008612675422234714,1.3634846327762628e-23,4.111873266000145
first_release,UNRATE,12,mean,all,235,2.2612353874841378,1.900559457114514,1.3233102558108754,0.8297872340425532,0.8723404255319149,4.975614681807277,6.386132306900821,0.4495636981966253,0.10154515208857785,1.0813180517050584e-11,0.0640855089990022
first_release,UNRATE,12,mean,expansion,215,2.208340677872566,1.9030290280166977,1.3045781202844071,0.8558139534883721,0.8976744186046511,5.186620195681328,6.656954951992751,0.42516012882139953,0.09592748010936142,2.9780104024664955e-14,0.058555895998754395
first_release,UNRATE,12,mean,high_volatility,98,2.939914197800098,2.4701974319217883,1.8650632871943968,0.5918367346938775,0.6938775510204082,4.873720677577532,6.255352768310281,0.6481273026785299,0.11600094866514299,1.1886375719578452e-09,0.026528580000496897
first_release,UNRATE,12,mean,normal_volatility,137,1.608769827835481,1.4930811977633252,0.9357788902956549,1.0,1.0,5.04850236366505,6.479682633775804,0.3075254993701534,0.0432472326171283,2.3012198666789116e-24,0.0375569289985053
first_release,UNRATE,12,mean,recession,20,2.76670696935856,1.874011569916037,1.524680712720406,0.55,0.6,2.707305407661229,3.474788872162578,0.7119020689803023,0.09097981984163862,0.0060641499269005195,0.0055296130002478
first_release,UNRATE,12,naive_drift,all,235,2.005656679314159,1.1967919961802496,0.9955956606195547,0.8085106382978723,0.8425531914893617,3.397690356829187,4.360888361377476,0.4570933823921328,0.07707999543543345,2.57958560395899e-09,0.0677801390010762
first_release,UNRATE,12,naive_drift,expansion,215,1.8325167533727955,1.0874214136415261,0.8881467971592629,0.8651162790697674,0.8976744186046511,3.6058828591461523,4.6281005452232655,0.4108765347613874,0.05836804755059929,2.363368586848266e-15,0.06207514400073419
first_release,UNRATE,12,naive_drift,high_volatility,98,3.020120379672841,2.1725795749274845,1.7743431878140197,0.6020408163265306,0.673469387755102,3.4975097950190666,4.489005223282372,0.4842241208296723,0.1327289837120879,1.6569244984983771e-06,0.0283915160006771
first_release,UNRATE,12,naive_drift,normal_volatility,137,0.6128451152498061,0.49878336320777517,0.43853538569212736,0.9562043795620438,0.9635036496350365,3.3262866711167187,4.269242722934557,0.43768599285287096,0.03704611295310879,6.291721087138409e-11,0.039388623000399095
first_release,UNRATE,12,naive_drift,recession,20,3.3416276201945254,2.3725257584715287,2.1506709428176918,0.2,0.25,1.1596209569218163,1.4883573850352456,0.9539244944226464,0.007889174861846749,5.296487079972898e-12,0.005704995000342001
first_release,UNRATE,12,naive_last,all,235,1.9684641383143833,1.1544680851063829,0.9718386303256377,0.8212765957446808,0.8382978723404255,3.3562116825616735,4.307651059309911,0.45936105943736355,0.07460046260666461,8.750197067257292e-10,0.070682971999122
first_release,UNRATE,12,naive_last,expansion,215,1.7920236709400081,1.0446511627906976,0.865195199371456,0.8790697674418605,0.8930232558139535,3.5608153799493647,4.570257061896166,0.41394659639788695,0.0563567154720339,3.0508536960150863e-16,0.06478302999913821
first_release,UNRATE,12,naive_last,high_volatility,98,2.9717376212909374,2.1061224489795918,1.7400898355526087,0.6326530612244898,0.6632653061224489,3.4622975677764694,4.443810818897704,0.4980434295532411,0.1291300193271133,1.026777159717548e-06,0.0294972560001508
first_release,UNRATE,12,naive_last,normal_volatility,137,0.573947783682593,0.47372262773722623,0.4222866733019649,0.9562043795620438,0.9635036496350365,3.280325428904374,4.210252107196014,0.4316904589165169,0.034407064255299075,4.076050762198434e-12,0.0411857159989712
first_release,UNRATE,12,naive_last,recession,20,3.3177552652358187,2.335,2.11825551308309,0.2,0.25,1.1567219356439942,1.4846365315076633,0.9475665371117374,0.00978145146782835,1.606909066838673e-11,0.0058999419999837995
first_release,UNRATE,12,random_forest,all,235,2.3986872808642277,1.8823105314764887,1.4208513813961667,0.5319148936170213,0.5957446808510638,3.119774462903675,4.004187173223116,0.34357592437143425,0.12524642432548022,1.5979566791094052e-31,169.43615041100162
first_release,UNRATE,12,random_forest,expansion,215,2.3027445615635598,1.8421402708291696,1.3596639566187898,0.5767441860465117,0.6372093023255814,3.2926015225582526,4.2260083028218975,0.285705171647423,0.0961642257609907,1.0930776149939114e-40,159.87208906000154
first_release,UNRATE,12,random_forest,high_volatility,98,3.026422712750317,2.5176365616186946,1.9943849878695534,0.35714285714285715,0.46938775510204084,3.2360898585944295,4.1534763673656325,0.5024648008555261,0.17744974647890666,6.160578141965785e-09,67.80273547900015
first_release,UNRATE,12,random_forest,normal_volatility,137,1.821434990197504,1.4278437361922829,1.0105864658166634,0.656934306569343,0.6861313868613139,3.0365707491978795,3.8973963628146002,0.22991818790836108,0.05772929869027856,7.173647376221996e-42,101.63341493200149
first_release,UNRATE,12,random_forest,recession,20,3.256176184383995,2.314140833435167,2.078616197752968,0.05,0.15,1.2618835716169636,1.619610030036209,0.9656865161545551,0.014107739297583218,5.750211747704013e-20,9.564061351000106
first_release,UNRATE,12,ridge,all,235,2.1045918268046,1.4415136708112248,1.116600243516186,0.5191489361702127,0.5914893617021276,2.343629551791355,3.0080159645051014,0.31085886107885585,0.10544390969110022,1.461821935946907e-22,6.46768719099774
first_release,UNRATE,12,ridge,expansion,215,2.0517289304166795,1.4552865383729894,1.1178754102425068,0.5302325581395348,0.6093023255813953,2.45248355334778,3.1477285629538256,0.2973696064958585,0.0967792325624511,5.320137466416947e-22,5.929439665997938
first_release,UNRATE,12,ridge,high_volatility,98,2.573636859217988,1.8253745329974458,1.4484060143879742,0.4387755102040816,0.5306122448979592,2.3070723527011285,2.9610953074426654,0.3966109318943606,0.15407574080145464,5.4278761980617794e-09,2.6202172059987516
first_release,UNRATE,12,ridge,normal_volatility,137,1.691053386249736,1.1669270686634168,0.8792501300458553,0.5766423357664233,0.635036496350365,2.3697799569799844,3.0415796461994,0.249517963707181,0.06244413529985494,7.382475772065607e-15,3.847469984998988
first_release,UNRATE,12,ridge,recession,20,2.6060016611756387,1.2934553445222554,1.1028922012082336,0.4,0.4,1.1734490350597901,1.5061055311813192,0.45586834784607844,0.18439171982231564,0.04643900527493505,0.5382475249998027
first_release,UNRATE,12,seasonal_naive,all,235,1.9684641383143833,1.1544680851063829,0.9756378662169192,0.8,0.8468085106382979,3.5420577001364864,4.546181840498193,0.4668160099774213,0.06955330271064403,1.232820683055687e-09,0.06338781500197671
first_release,UNRATE,12,seasonal_naive,expansion,215,1.7920236709400081,1.0446511627906976,0.8724036844736952,0.8511627906976744,0.8930232558139535,3.7368045921910062,4.796136770401678,0.4240468322716186,0.05314616600356162,8.706141805844543e-16,0.0579901190021026
first_release,UNRATE,12,seasonal_naive,high_volatility,98,2.9717376212909374,2.1061224489795918,1.7393391702298315,0.5714285714285714,0.6632653061224489,3.585411901817495,4.601826355940135,0.5006589968172172,0.12690897012685481,1.8280804062229107e-06,0.026422770999767697
first_release,UNRATE,12,seasonal_naive,normal_volatility,137,0.573947783682593,0.47372262773722623,0.4293405830543984,0.9635036496350365,0.9781021897810219,3.5110452055033563,4.50637773456162,0.4426071580774213,0.027740935777684522,1.2555794131741586e-11,0.036965044002209
first_release,UNRATE,12,seasonal_naive,recession,20,3.3177552652358187,2.335,2.085405319956579,0.25,0.35,1.4485286105504052,1.8591663440357222,0.9265846703147991,0.014798438853127106,8.283712832507619e-10,0.005397695999874099
first_release,UNRATE,12,state_space,all,235,9.157773042714132,1.8735376606950849,1.9318378846386792,0.8,0.8382978723404255,6.8614181819950195,8.806534895760706,0.5212974117602446,0.06158969625189668,2.0653360281214252e-07,67.62236798800049
first_release,UNRATE,12,state_space,expansion,215,9.524430959366148,1.8453025035013266,1.9457435814051822,0.8418604651162791,0.8790697674418605,7.262728041606224,9.321610524287886,0.48634254527303217,0.05132461064007161,1.8717162592849798e-08,62.97512253700029
first_release,UNRATE,12,state_space,high_volatility,98,14.168102254084687,3.9011472781177816,3.586599856874244,0.5510204081632653,0.6326530612244898,6.075061107090754,7.797256516715864,0.4890021857470186,0.12311742538249955,0.0006384066340646265,26.625175947000315
first_release,UNRATE,12,state_space,normal_volatility,137,0.5139496672359828,0.42313078107884905,0.7481395395358662,0.9781021897810219,0.9854014598540146,7.423921783021427,9.528500451573803,0.5443991062806544,0.01686964092700339,1.6093540856820352e-10,40.997192041000176
first_release,UNRATE,12,state_space,recession,20,3.1980530991137646,2.1770656005279867,1.7823516443987693,0.35,0.4,2.547337191174566,3.269471889093519,0.8970622264977776,0.017991691972579004,1.9667743271488534e-08,4.6472454510002015
first_release,UNRATE,12,var,all,235,10622.863141709095,694.3201486974293,1075.9042395667552,0.8212765957446808,0.8382978723404255,4193.977368639248,5382.911676462372,0.5408904395955239,0.06637561732430537,3.0862193159856196e-05,1.209322502998421
first_release,UNRATE,12,var,expansion,215,11105.964622591715,758.7036936594031,1175.8025300393065,0.8790697674418605,0.8976744186046511,4584.014923622517,5883.519458630607,0.5033617712303714,0.054876735536110825,1.4189444181290628e-05,1.1128433019985133
first_release,UNRATE,12,var,high_volatility,98,16449.870310703325,1663.8412697376755,1945.3930478061839,0.6326530612244898,0.673469387755102,3098.6547368859237,3977.080298342309,0.5292521015594284,0.11155543448371334,5.548546972956926e-07,0.5021946369984629
first_release,UNRATE,12,var,normal_volatility,137,1.0620879873899893,0.7940913109760596,453.93414316190893,0.9562043795620438,0.9562043795620438,4977.492827849656,6388.542881248985,0.5492156741030958,0.03447240966184909,4.771024985894593e-08,0.707127865999958
first_release,UNRATE,12,var,recession,20,3.311589916150355,2.1970403562135603,1.9976169868333424,0.2,0.2,1.073652569112079,1.3780181538300416,0.9443236245209132,0.012121060583559495,1.0689116507993397e-12,0.0964792009999078
latest,CPIAUCSL,1,arima,all,237,0.42495787135118485,0.3093792530393431,0.22931159254195987,0.8649789029535865,0.9156118143459916,1.157912745258545,1.4861649191013928,0.5214540002247655,0.06561024682024968,0.045640503442218705,262.18349579600033
latest,CPIAUCSL,1,arima,expansion,217,0.3943308893133656,0.2932580423138808,0.21636388523488137,0.8847926267281107,0.9262672811059908,1.1488773303002635,1.4745680895514048,0.5327192965307609,0.06191054130609871,0.017408682917934907,242.63657879700042
latest,CPIAUCSL,1,arima,high_volatility,102,0.5545343317154432,0.4222235452340945,0.30645482749097075,0.7647058823529411,0.8431372549019608,1.2004194877044492,1.540721732390701,0.5349535072627958,0.09169143052627378,0.553992583507193,102.37010760399951
latest,CPIAUCSL,1,arima,normal_volatility,135,0.29102360155171497,0.22411912115886443,0.17102559280270724,0.9407407407407408,0.9703703703703703,1.1257965398549727,1.4449442157272485,0.5112543726849202,0.046198143654882756,0.005178584896299411,159.81338819200084
latest,CPIAUCSL,1,arima,recession,20,0.6729346958086607,0.48429438941060965,0.3697942168237617,0.65,0.8,1.255946997555898,1.6119905197187603,0.3992255353047146,0.09394771459159658,0.2180712121138766,19.546916998999933
latest,CPIAUCSL,1,autoreg,all,237,0.43852972657719963,0.31961004669163295,0.2370655773776058,0.8438818565400844,0.890295358649789,1.1329172331050312,1.4540835265701877,0.5240902991913373,0.07046736484608063,0.06623446928320853,2.5257850190023445
latest,CPIAUCSL,1,autoreg,expansion,217,0.4024929249017936,0.2987694103098245,0.2217085105978829,0.8571428571428571,0.9032258064516129,1.1303064455042846,1.4507326169620651,0.5387644258966472,0.0654835859109072,0.0074234911862300105,2.348678817002483
latest,CPIAUCSL,1,autoreg,high_volatility,102,0.5708282646745784,0.43516651314946203,0.31817160440548775,0.7156862745098039,0.7941176470588235,1.1347847447455148,1.4564804518112866,0.5495238717284316,0.09996489026502647,0.10893566334802585,1.0071833370007064
latest,CPIAUCSL,1,autoreg,normal_volatility,135,0.302347500686461,0.23230071647905096,0.1757854680676506,0.9407407407407408,0.9629629629629629,1.1315062243099991,1.4522725163880241,0.5048738221633107,0.04789561148446727,0.01480793187626536,1.5186016820016381
latest,CPIAUCSL,1,autoreg,recession,20,0.7219055253785572,0.5457309514342538,0.4036897519375996,0.7,0.75,1.161244278573133,1.4904408958183197,0.36487602443872497,0.10169122275783082,0.05998853543011884,0.17710620199986166
latest,CPIAUCSL,1,bvar_niw,all,237,0.44954268475716436,0.3237679540381253,0.2406912162572153,0.869198312236287,0.919831223628692,1.2397013488955835,1.5911394553999068,0.5127961662891197,0.06341747377553422,0.03077315495573807,18.673089449000038
latest,CPIAUCSL,1,bvar_niw,expansion,217,0.41097315839913895,0.30344229369845094,0.2249914926819315,0.8894009216589862,0.9354838709677419,1.232661951933146,1.5821044872125005,0.5252663476418483,0.059132791640909774,0.00935614634991589,17.106100075000207
latest,CPIAUCSL,1,bvar_niw,high_volatility,102,0.5985585452070553,0.45539972368564763,0.3280916296807649,0.7647058823529411,0.8431372549019608,1.2753341749578977,1.6368736925253722,0.5315420963538192,0.09227980814122733,0.2662820467981996,8.052979480999749
latest,CPIAUCSL,1,bvar_niw,normal_volatility,135,0.2899709609484877,0.22431283919333078,0.1746553483372001,0.9481481481481482,0.9777777777777777,1.2127787692040575,1.5565846984606664,0.49863257468468,0.041666696943369635,0.0018312241621372973,10.620109968000289
latest,CPIAUCSL,1,bvar_niw,recession,20,0.7497978031308392,0.5443013687235927,0.4110332170490447,0.65,0.75,1.3160788059380302,1.689168860233267,0.3774946986120137,0.09441928403650036,0.19590434689744263,1.5669893739998308
latest,CPIAUCSL,1,dynamic_factor,all,237,0.47173701025842135,0.3295161241812742,0.24944506966805147,0.8860759493670886,0.9071729957805907,1.2931460960977863,1.6597350458080775,0.5121020495259282,0.06101406428701588,0.015611229902447234,1544.844016895
latest,CPIAUCSL,1,dynamic_factor,expansion,217,0.427617409827289,0.30820240045667857,0.23241174141630716,0.9032258064516129,0.9262672811059908,1.285745613607601,1.6502366293631654,0.5259675122867586,0.05723341561780321,0.004379946326860139,1439.8660847689998
latest,CPIAUCSL,1,dynamic_factor,high_volatility,102,0.627002651247078,0.4543001920941382,0.33779519793935553,0.7843137254901961,0.8235294117647058,1.3343605422165004,1.7126332147181638,0.5262411140951113,0.08699259113078837,0.6693272655695872,608.8144228520001
latest,CPIAUCSL,1,dynamic_factor,normal_volatility,135,0.30600761436232105,0.2352348284248881,0.1826916394186217,0.9629629629629629,0.9703703703703703,1.2620062923636461,1.6197675404093461,0.5014192007403233,0.04162141557230905,0.004151402507265719,936.029594043
latest,CPIAUCSL,1,dynamic_factor,recession,20,0.8081179786765222,0.5607700265931375,0.4342566811994769,0.7,0.7,1.373441331116294,1.7627928642353745,0.36166177857091825,0.08118617980509472,0.08532306857473715,104.97793212600013
latest,CPIAUCSL,1,elastic_net,all,237,0.6706418292944687,0.4914098253491955,0.36119497894367353,0.8143459915611815,0.8987341772151899,1.6423130111876463,2.1078859295791497,0.4795299255155331,0.07688973161976428,0.33859560394550003,7.7370970599993605
latest,CPIAUCSL,1,elastic_net,expansion,217,0.604696309021259,0.46189369547165154,0.3366107002640462,0.8294930875576036,0.9124423963133641,1.6535243885815234,2.122275576679775,0.4962364547867302,0.07373417269992652,0.5252103218567896,7.259453063999349
latest,CPIAUCSL,1,elastic_net,high_volatility,102,0.8706016132390869,0.6698828454602475,0.48009130504915676,0.696078431372549,0.803921568627451,1.5684021409055147,2.013022354578918,0.5188026237793998,0.11166537697416337,0.023971340016485786,3.1619646909987815
latest,CPIAUCSL,1,elastic_net,normal_volatility,135,0.4657341360719785,0.3565635434875117,0.27136219921953064,0.9037037037037037,0.9703703703703703,1.6981567798452568,2.1795606306904345,0.44985722016061147,0.04919097791423696,0.00022943276740654755,4.575132369000579
latest,CPIAUCSL,1,elastic_net,recession,20,1.167165903053879,0.811659834520546,0.627934402617629,0.65,0.75,1.5206695664640772,1.9517582585373638,0.2982640829230434,0.07903593595590232,0.002144686680694785,0.47764399600001095
latest,CPIAUCSL,1,hist_gradient_boosting,all,237,0.8810093232795894,0.6433745999402127,0.49004893182058734,0.6582278481012658,0.7637130801687764,1.4704757890774243,1.8873352427145496,0.47483294624160766,0.10595341487998353,0.015204253913771554,74.66784815199925
latest,CPIAUCSL,1,hist_gradient_boosting,expansion,217,0.84742826848326,0.613440697707823,0.4670959882472051,0.6820276497695853,0.7926267281105991,1.4753375427885524,1.8935752360477058,0.4870576983726041,0.10137645765475317,0.020133527874325746,69.99059356999935
latest,CPIAUCSL,1,hist_gradient_boosting,high_volatility,102,1.0946994510064756,0.8525736107429696,0.6595143016882041,0.5,0.5980392156862745,1.4312318182113073,1.83696615141101,0.5726673450643468,0.13613550421422252,4.924513727267011e-05,28.303441373999604
latest,CPIAUCSL,1,hist_gradient_boosting,normal_volatility,135,0.6761581438225059,0.48531312511146346,0.36200843014283235,0.7777777777777778,0.8888888888888888,1.5001267892873789,1.9253918894772242,0.4009136226866494,0.07120426062874549,0.00021669778000438217,46.36440677799965
latest,CPIAUCSL,1,hist_gradient_boosting,recession,20,1.185723975626144,0.9681574391616433,0.7390883695917843,0.4,0.45,1.4177257613116818,1.8196313150498054,0.3421943856202968,0.1433369385496531,0.0007467976630538553,4.677254581999903
latest,CPIAUCSL,1,mean,all,237,1.936527862184836,1.3580508272850842,1.034696212837512,0.7257383966244726,0.8016877637130801,3.692998290635319,4.739911991052607,0.46626463986704564,0.09146567029449683,0.004773365574129186,0.05803733899820689
latest,CPIAUCSL,1,mean,expansion,217,1.8867838709252562,1.278371957654025,0.9781764202491829,0.7788018433179723,0.8387096774193549,3.7671169490022125,4.835042259172372,0.464226753688596,0.08103883505323964,0.0008049014695372785,0.0531774499981061
latest,CPIAUCSL,1,mean,high_volatility,102,2.476489068014423,1.8983485915816973,1.4408267221559554,0.5294117647058824,0.6274509803921569,3.541648627155794,4.545656801011627,0.6139883513760761,0.1227364104410769,1.4732265701449065e-06,0.0250669309997084
latest,CPIAUCSL,1,mean,normal_volatility,135,1.396337568105359,0.9498258498165316,0.7278420502413547,0.8740740740740741,0.9333333333333333,3.8073513697087376,4.886682579083568,0.35465116894911125,0.039416978512470835,1.0878107324189013e-12,0.0329704079984985
latest,CPIAUCSL,1,mean,recession,20,2.4111546576240688,2.222566562782077,1.6479359624208834,0.15,0.4,2.888810847354517,3.707748581953152,0.48837570490322346,0.21425424407285512,0.0032759453506200353,0.0048598890001008005
latest,CPIAUCSL,1,naive_drift,all,237,0.47184942783130257,0.3317706611669432,0.24851886664295467,0.8818565400843882,0.9113924050632911,1.2645164913633897,1.6229893459457807,0.5101263012074275,0.06329713110788898,0.05076477819684089,0.06507427600108612
latest,CPIAUCSL,1,naive_drift,expansion,217,0.42795629480815756,0.3113163664138999,0.23159146237180397,0.8986175115207373,0.9308755760368663,1.257433811872858,1.613898825234985,0.5234467251205384,0.05977636302047015,0.022862451712193477,0.0595852010011582
latest,CPIAUCSL,1,naive_drift,high_volatility,102,0.6241395874715425,0.44857701385715215,0.33384465039472017,0.7647058823529411,0.8333333333333334,1.2944119590821361,1.6613597633590622,0.5084789975497612,0.08919644160272179,0.8234815550181044,0.027932679999191003
latest,CPIAUCSL,1,naive_drift,normal_volatility,135,0.3106981773347987,0.24351697246767431,0.1840504966971762,0.9703703703703703,0.9703703703703703,1.2419288046425592,1.59399836390019,0.5113709306376641,0.044244749422445155,0.007268461982079602,0.0371415960018951
latest,CPIAUCSL,1,naive_drift,recession,20,0.8069484517425622,0.553699759237463,0.4321812029849389,0.7,0.7,1.3413635638356598,1.7216214956579154,0.3655997017501743,0.08264035045246737,0.09279108182964513,0.0054890749999279
latest,CPIAUCSL,1,naive_last,all,237,0.47092861877110304,0.3306059958368992,0.24794468285109902,0.8776371308016878,0.9113924050632911,1.2630493698246115,1.621106315836717,0.5030018723888328,0.06321897638753113,0.05197484265929231,0.0658035599982605
latest,CPIAUCSL,1,naive_last,expansion,217,0.42583930815075227,0.3093131872255309,0.23058434751099058,0.8940092165898618,0.9308755760368663,1.256002300390999,1.6120615001391678,0.5163003407809651,0.05975696729094124,0.029521670455527227,0.060284915998312795
latest,CPIAUCSL,1,naive_last,high_volatility,102,0.6226754577080489,0.44775472445287945,0.33297409771185343,0.7549019607843137,0.8333333333333334,1.2930771938600554,1.659646610743361,0.5029742835131567,0.08920939399724839,0.8003198645668931,0.028162210999334993
latest,CPIAUCSL,1,naive_last,normal_volatility,135,0.3104651235646101,0.24209362310482527,0.1837002360674179,0.9703703703703703,0.9703703703703703,1.2403616805533875,1.5919869819072527,0.5030227173171213,0.044100966398801233,0.004423421921924875,0.0376413489989255
latest,CPIAUCSL,1,naive_last,recession,20,0.8127051682872329,0.5616329692702449,0.4363043212912753,0.7,0.7,1.3395100731793084,1.7192425661551258,0.3587134903341963,0.08196918204910682,0.0736347840069278,0.0055186439999477
latest,CPIAUCSL,1,random_forest,all,237,0.8679371676118132,0.6292334100619463,0.4752289255902506,0.7088607594936709,0.8059071729957806,1.692486515641716,2.172282925374689,0.5032132935611658,0.09290542989005125,0.20381526098880176,187.68725787899922
latest,CPIAUCSL,1,random_forest,expansion,217,0.8065528763431102,0.5815289874179612,0.43895018884952147,0.7511520737327189,0.8294930875576036,1.6897024978234312,2.168709677189425,0.5162644195810557,0.08582155817004518,0.1807947630620087,176.27172022699904
latest,CPIAUCSL,1,random_forest,high_volatility,102,1.1329892840991982,0.8826714867469866,0.6693003292594818,0.5098039215686274,0.6666666666666666,1.6746489071240735,2.1493886026995677,0.5443816838821202,0.13026323980658494,0.0013130563012985134,72.35753173199994
latest,CPIAUCSL,1,random_forest,normal_volatility,135,0.5938065307600237,0.4377468632332495,0.32859719837349827,0.8592592592592593,0.9111111111111111,1.7059638198550457,2.189580858062558,0.4721082875408893,0.06317616071467572,0.006629131551253797,115.32972614699929
latest,CPIAUCSL,1,random_forest,recession,20,1.366952102184166,1.1468263957491867,0.8688532192271612,0.25,0.55,1.722693108970109,2.2110526681847964,0.3616085762453618,0.15527499735718803,0.00019410049773002817,11.415537652000182
latest,CPIAUCSL,1,ridge,all,237,0.6431524556715288,0.46536785348619497,0.34425573231373824,0.8059071729957806,0.9071729957805907,1.5706935939102538,2.0159634026702857,0.4694774466229097,0.0739811669130306,0.045115576955689796,6.607562835000142
latest,CPIAUCSL,1,ridge,expansion,217,0.5912025830853649,0.4437432731575848,0.3236243843445361,0.8248847926267281,0.9262672811059908,1.5841356570278746,2.033216103901495,0.4780193045999731,0.07134691168380998,0.05872759885336443,6.046540582000337
latest,CPIAUCSL,1,ridge,high_volatility,102,0.8375452048515861,0.62331532955392,0.45778616633796126,0.6666666666666666,0.8137254901960784,1.488422320018731,1.910369365806945,0.4914698103990278,0.10673019955561691,0.15206369506134793,2.8920705349995286
latest,CPIAUCSL,1,ridge,normal_volatility,135,0.4429089304910585,0.34602976045724715,0.258477182162103,0.9111111111111111,0.9777777777777777,1.6328541119616262,2.095745563855921,0.4528609939920649,0.049202963616032894,0.0005432659194236344,3.715492300000614
latest,CPIAUCSL,1,ridge,recession,20,1.0532790941020809,0.6999945500516148,0.5681058577795803,0.6,0.7,1.4248472090840643,1.8287715943116627,0.37679828757177214,0.09794741542330386,0.1791814318713041,0.5610222529998047
latest,CPIAUCSL,1,seasonal_naive,all,237,2.3278037941484238,1.7385306937640324,1.2837867929747215,0.7679324894514767,0.8270042194092827,5.104278882021783,6.55127102006037,0.5004350027001656,0.08856349901758806,0.35738814529508944,0.0613618939991501
latest,CPIAUCSL,1,seasonal_naive,expansion,217,2.219136691082269,1.6346683778789939,1.2044251834784936,0.8064516129032258,0.8571428571428571,5.193731363682625,6.666082037311259,0.5034645442277044,0.08017637213416984,0.4360421881130878,0.0562217159994019
latest,CPIAUCSL,1,seasonal_naive,high_volatility,102,3.277240062673981,2.7794623784164294,2.018074042172539,0.49019607843137253,0.6274509803921569,4.831348224977379,6.2009683141720116,0.5376165660667847,0.15442073571143594,2.0987224672116627e-06,0.02636298399994
latest,CPIAUCSL,1,seasonal_naive,normal_volatility,135,1.1823205736991205,0.9520489764711105,0.7289919824697034,0.9777777777777777,0.9777777777777777,5.310493156233109,6.815944175620463,0.4723422659342758,0.03773833886256507,0.0001834641786064329,0.0349989099992101
latest,CPIAUCSL,1,seasonal_naive,recession,20,3.2832432791809283,2.865436821116698,2.144860256008794,0.35,0.5,4.133719456001642,5.305571482888206,0.4675644771263703,0.18733096345763128,0.0037004703610450385,0.005140177999748201
latest,CPIAUCSL,1,state_space,all,237,0.4808859797828048,0.3428168422453002,0.2568762874914571,0.8945147679324894,0.9493670886075949,1.404830834766236,1.8030808560064062,0.5151081442306238,0.05757763014738261,0.006481732709138703,54.53802562999921
latest,CPIAUCSL,1,state_space,expansion,217,0.435973882319846,0.320201365604407,0.23967682132624027,0.9124423963133641,0.9631336405529954,1.3965969579948054,1.7925127895817021,0.5272284318028639,0.05361072637899416,0.0015784732617704917,49.811644908999185
latest,CPIAUCSL,1,state_space,high_volatility,102,0.6392507636794719,0.47414862197587204,0.34511918661655594,0.7941176470588235,0.9117647058823529,1.4653460608475009,1.8807513078100822,0.5168326793835606,0.08284148910660039,0.8235645710483004,22.92064406600015
latest,CPIAUCSL,1,state_space,normal_volatility,135,0.3118062930438629,0.2435883864488681,0.19020387481916023,0.9703703703703703,0.9777777777777777,1.3591082195048358,1.744396514643629,0.5138051621150714,0.038961177364926755,0.0020627138387626677,31.61738156399906
latest,CPIAUCSL,1,state_space,recession,20,0.823428020522495,0.5881947637989914,0.4434904953840597,0.7,0.8,1.4941683977362563,1.917744376714446,0.3836030240718178,0.08582390983626245,0.10665484660787616,4.726380721000027
latest,CPIAUCSL,1,var,all,237,0.451014542324137,0.3297892932790373,0.2433435429642006,0.8312236286919831,0.890295358649789,1.1427529867176152,1.4667075796621012,0.5152697742876027,0.07250974725420366,0.18371935139291729,1.1544416439996064
latest,CPIAUCSL,1,var,expansion,217,0.4276718969744699,0.31861951121477095,0.23372837162766255,0.8387096774193549,0.9032258064516129,1.135123556250533,1.4569153116701208,0.5248159381661691,0.07046072286403181,0.12810889995471697,1.0621479779999876
latest,CPIAUCSL,1,var,high_volatility,102,0.5748083179970825,0.4428369565673117,0.321318713160904,0.696078431372549,0.8137254901960784,1.176894665778925,1.5105279503315743,0.5160315098745091,0.10074048426250631,0.4344817705772085,0.48349849900004405
latest,CPIAUCSL,1,var,normal_volatility,135,0.32781969267424427,0.2443755032390078,0.1844289699266915,0.9333333333333333,0.9481481481481482,1.116957051426848,1.4335988551562773,0.5146942407330513,0.05177169805700376,0.03443646897565314,0.6709431449995622
latest,CPIAUCSL,1,var,recession,20,0.6526538230073697,0.4509814286763282,0.347668151965639,0.75,0.75,1.2255323072854587,1.572953687375086,0.411693896205158,0.08728683772786183,0.44715898296716405,0.0922936659996187
latest,CPIAUCSL,3,arima,all,237,1.0490498636460912,0.7398975579136705,0.5623492904006949,0.8143459915611815,0.8818565400843882,2.479246103294285,3.182077923938979,0.530136065874171,0.07227307214853033,0.018840195909882704,266.4532932320003
latest,CPIAUCSL,3,arima,expansion,217,0.9486170308774945,0.6759691065463901,0.515220057739516,0.8433179723502304,0.8986175115207373,2.480413446552679,3.1835761927906496,0.5418214167305051,0.06543793877223386,0.0007745054827460685,247.03232652800048
latest,CPIAUCSL,3,arima,high_volatility,100,1.4591353653681043,1.1313480406721095,0.8451650502376785,0.64,0.76,2.506371568504269,3.2168930816220245,0.5553608322894613,0.11388107212941932,0.007928356789882128,102.05438256000016
latest,CPIAUCSL,3,arima,normal_volatility,137,0.5913749267335794,0.4541672785279487,0.3559144292058165,0.9416058394160584,0.9708029197080292,2.4594464936519604,3.1566654000827405,0.5117238276148348,0.041706952656195666,0.000814095996780357,164.39891067200017
latest,CPIAUCSL,3,arima,recession,20,1.8103468483248366,1.4335212552486627,1.0737014647744876,0.5,0.7,2.466580428940713,3.165821706898344,0.40335000908294394,0.1353013356405974,0.03153019861295647,19.420966703999852
latest,CPIAUCSL,3,autoreg,all,237,1.1404696398667928,0.8151498609173543,0.6197037726812478,0.7890295358649789,0.8354430379746836,2.6074879005354714,3.346674488751649,0.5356742320160299,0.07708398537957203,0.009490490856613337,2.608124426998858
latest,CPIAUCSL,3,autoreg,expansion,217,1.0262517530294855,0.7422214596588175,0.5625303917483883,0.8294930875576036,0.8663594470046083,2.6312285059409244,3.377145225908908,0.5521130811153627,0.06837557869035,0.0003836174271556897,2.4253372829988855
latest,CPIAUCSL,3,autoreg,high_volatility,100,1.5793341622207737,1.2487406716489824,0.9323821539408332,0.58,0.67,2.515181624252335,3.2282006657571127,0.5883726893767024,0.12090634174936167,0.00044272060931313984,1.0210686350002285
latest,CPIAUCSL,3,autoreg,normal_volatility,137,0.6552950373339177,0.49866021804755317,0.3914713776012582,0.9416058394160584,0.9562043795620438,2.6748647445377607,3.433151731813354,0.49720820474546606,0.04221816136601109,0.0006182492286430317,1.5870557919986297
latest,CPIAUCSL,3,autoreg,recession,20,1.9964495926790702,1.6064230145724814,1.240034955802773,0.35,0.5,2.3499023318863066,3.0160669905953905,0.35731271928826813,0.1435683056923938,0.0037871667465972925,0.18278714399997295
latest,CPIAUCSL,3,bvar_niw,all,237,1.0820947350070496,0.7509670789081283,0.5798067117772832,0.8227848101265823,0.8860759493670886,2.6950506989785223,3.459060123850045,0.5172740821797419,0.06698576374301815,0.0030253729488392386,31.435084221999425
latest,CPIAUCSL,3,bvar_niw,expansion,217,0.9657030501959863,0.6768778732590646,0.5256509050578733,0.8571428571428571,0.9078341013824884,2.708498054194021,3.4763196174153457,0.5288861193272565,0.05922529807466776,7.132208920364212e-05,28.811288597999514
latest,CPIAUCSL,3,bvar_niw,high_volatility,100,1.508718311797572,1.1467486762000145,0.8656209255501102,0.65,0.77,2.70105043688352,3.4667607040835056,0.5498741578289944,0.10714799639529408,0.08485445085790881,13.27842292199966
latest,CPIAUCSL,3,bvar_niw,normal_volatility,137,0.6034395466505705,0.4620754020527369,0.3711831980744897,0.948905109489051,0.9708029197080292,2.690671328244948,3.453439262365767,0.4934784065233534,0.036890720767148104,0.0001433692231704458,18.15666129999976
latest,CPIAUCSL,3,bvar_niw,recession,20,1.9382956426891522,1.5548349602004696,1.1673972146828806,0.45,0.65,2.549146894890362,3.2717946186665343,0.3912834791292094,0.14048647720137364,0.016237927795401008,2.6237956239999103
latest,CPIAUCSL,3,dynamic_factor,all,237,1.044173617719295,0.705052416038123,0.5501873267245777,0.8523206751054853,0.8945147679324894,2.631040756998464,3.376904252750071,0.5129561496097734,0.06376800300754298,0.0032407227857723596,1577.5679363790002
latest,CPIAUCSL,3,dynamic_factor,expansion,217,0.9253938084682983,0.6466758600152439,0.50290574139445,0.8709677419354839,0.9124423963133641,2.635182320186847,3.38221989155448,0.5258962197601823,0.05871855071429835,0.00028217691892887947,1471.3512052550002
latest,CPIAUCSL,3,dynamic_factor,high_volatility,100,1.4575892912035278,1.062453350164731,0.8125647409800218,0.7,0.78,2.6526155885787728,3.404595249296633,0.5382434963638904,0.10007761188546338,0.25396587550385824,608.6351164930009
latest,CPIAUCSL,3,dynamic_factor,normal_volatility,137,0.5791013723827616,0.44417582178512427,0.35867096595418074,0.9635036496350365,0.9781021897810219,2.6152927047500634,3.3566918465117035,0.494498232271002,0.036992242403842204,0.00025537152956121276,968.9328198859994
latest,CPIAUCSL,3,dynamic_factor,recession,20,1.9048884724695831,1.338438048886362,1.0631925275564644,0.65,0.7,2.586104796404505,3.3192295717222238,0.3725563884778365,0.10186653904266553,0.1359895819271696,106.21673112400009
latest,CPIAUCSL,3,elastic_net,all,237,1.2100705295914498,0.8542488252173548,0.6499685627482323,0.810126582278481,0.869198312236287,2.7915842830515194,3.582959637653547,0.4679404331967773,0.07683728241767288,0.00466270359021973,10.71834343399873
latest,CPIAUCSL,3,elastic_net,expansion,217,1.0414397264830628,0.7724204638191468,0.5807932670396556,0.8341013824884793,0.8894009216589862,2.812526501265318,3.6098386837344876,0.47842636701689095,0.0720884414210328,0.006310014079510097,9.9586107259989
latest,CPIAUCSL,3,elastic_net,high_volatility,100,1.6423760108271248,1.2957498556864733,0.9472735435589135,0.62,0.72,2.656021372158401,3.4089665251970165,0.5227456000301782,0.12867574249439964,0.008482311888363452,4.479625568998496
latest,CPIAUCSL,3,elastic_net,normal_volatility,137,0.7511172050152365,0.5319852993274875,0.4329576278499248,0.948905109489051,0.9781021897810219,2.8905353129005107,3.709961909519628,0.4279366617855357,0.035846310116512584,1.308669132802775e-09,6.238717865000234
latest,CPIAUCSL,3,elastic_net,recession,20,2.3629924669277313,1.7420865463879136,1.4005205211862894,0.55,0.65,2.5643612154318114,3.2913219876753432,0.3541680512485438,0.11998694802057418,0.0386758623697403,0.75973270799983
latest,CPIAUCSL,3,hist_gradient_boosting,all,237,1.4025475844807465,1.0532073070495553,0.8033811218239739,0.6582278481012658,0.7088607594936709,2.1415582590256794,2.7486602680629146,0.498048510199159,0.11908068810476014,0.005639146790844827,74.87642940900022
latest,CPIAUCSL,3,hist_gradient_boosting,expansion,217,1.3564426988054383,1.0128968248278336,0.7685011882209563,0.6820276497695853,0.7373271889400922,2.1599916670666475,2.772319291147467,0.5076773198980532,0.1141033315752334,0.01051182873794653,70.22987092700006
latest,CPIAUCSL,3,hist_gradient_boosting,high_volatility,100,1.7925363121587667,1.4586233271648503,1.1490827605944502,0.41,0.46,2.0366933665977274,2.6140676357510864,0.5864874021647313,0.1597358606284595,7.35613944207924e-08,28.004333340999864
latest,CPIAUCSL,3,hist_gradient_boosting,normal_volatility,137,1.028404874241746,0.7572832047756174,0.5510441592177869,0.8394160583941606,0.8905109489051095,2.218101976126374,2.846903065370818,0.4334945744578653,0.08041279834116478,0.08058418155323491,46.87209606800036
latest,CPIAUCSL,3,hist_gradient_boosting,recession,20,1.8295604757663517,1.490576039155234,1.1818284014167164,0.4,0.4,1.9415557817811693,2.4919598675955235,0.3935759249661567,0.16938491675412823,0.0011113469046202251,4.6465584820001595
latest,CPIAUCSL,3,mean,all,237,1.9454740886309052,1.357616674090935,1.0462702386485323,0.729957805907173,0.7932489451476793,3.717456744657818,4.771304076935189,0.4628823400461679,0.09059895772502546,0.0014738976955859342,0.059080138999962
latest,CPIAUCSL,3,mean,expansion,217,1.8947502820581756,1.2764032665337477,0.9871974856645006,0.783410138248848,0.8294930875576036,3.806215886951729,4.885225202742718,0.4601524218012991,0.07962800846497428,0.00020422782209127585,0.054055335999993695
latest,CPIAUCSL,3,mean,high_volatility,100,2.511479068542997,1.9265288610439086,1.479027141101856,0.53,0.6,3.526251154996024,4.525894359445635,0.6075518211326324,0.12570435911586428,1.2081649529431441e-06,0.024896080000383597
latest,CPIAUCSL,3,mean,normal_volatility,137,1.3940995147868347,0.942352304052268,0.7303892879526752,0.8759124087591241,0.9343065693430657,3.8570228684985444,4.950435257584499,0.35728417866918655,0.03908833436649627,5.287004090581461e-13,0.034184058999578396
latest,CPIAUCSL,3,mean,recession,20,2.4286518049588564,2.238782146086416,1.6872096085252715,0.15,0.4,2.754420050768886,3.535259861923509,0.4925019530029934,0.2190810833053148,0.00348260395229949,0.0050248029999683
latest,CPIAUCSL,3,naive_drift,all,237,1.063582547634131,0.7224813128873492,0.5588582799751756,0.8523206751054853,0.8987341772151899,2.6206045257314625,3.363509494932474,0.5134211580779006,0.0657116881580699,0.019872095581921875,0.06654994200214279
latest,CPIAUCSL,3,naive_drift,expansion,217,0.9464165420684237,0.66749432744701,0.5122885567109134,0.8709677419354839,0.9170506912442397,2.6255077193773735,3.3698026758461057,0.5260011670487298,0.06113540552859795,0.0045019405830820656,0.0609663890021354
latest,CPIAUCSL,3,naive_drift,high_volatility,100,1.472739647789706,1.0548152399941026,0.8155875956185688,0.69,0.79,2.6139370330075264,3.3549518606674975,0.5217073748227938,0.10139245433059034,0.3468012917336019,0.028094320999964104
latest,CPIAUCSL,3,naive_drift,normal_volatility,137,0.6113288745856027,0.4799018040503028,0.3714646189216041,0.9708029197080292,0.9781021897810219,2.6254713087416355,3.36975594330107,0.5073728246874675,0.040134025791469616,0.0008142739363603891,0.0384556210021787
latest,CPIAUCSL,3,naive_drift,recession,20,1.9200056017613472,1.3190901049150283,1.0641397773924202,0.65,0.7,2.5674048746733398,3.295228482019568,0.37692806074440394,0.09977693741869896,0.08506680207468453,0.005583553000007399
latest,CPIAUCSL,3,naive_last,all,237,1.0574123610733532,0.718247736195672,0.5553794535088299,0.8481012658227848,0.8987341772151899,2.610076017067434,3.349996300358006,0.5030436756430746,0.06554703602986417,0.056013263721048756,0.0670412490000719
latest,CPIAUCSL,3,naive_last,expansion,217,0.9367900337498763,0.6607720640026277,0.5076085423203841,0.8663594470046083,0.9170506912442397,2.6152585912270814,3.35664806227897,0.5154739465965568,0.061011272176180624,0.012835503003722104,0.0614523019998673
latest,CPIAUCSL,3,naive_last,high_volatility,100,1.4625882028172694,1.0503397239761392,0.8093451762564308,0.69,0.79,2.605062644891194,3.3435617068316508,0.5134865841625964,0.10121567792222706,0.5072007044297389,0.028369793999525494
latest,CPIAUCSL,3,naive_last,normal_volatility,137,0.6106011667231108,0.47584482540700984,0.3700030135470775,0.9635036496350365,0.9781021897810219,2.613735412816514,3.354693083953887,0.4954211146799201,0.03992560870757708,0.0004732618387384674,0.038671455000546404
latest,CPIAUCSL,3,naive_last,recession,20,1.930812724072948,1.3418587794902026,1.0736938399034686,0.65,0.7,2.553845087435257,3.277824683515548,0.36817523579779415,0.09964982982420659,0.07648087245002244,0.005588947000204601
latest,CPIAUCSL,3,random_forest,all,237,1.4527117546901207,1.0663102813888319,0.8129532450428526,0.679324894514768,0.7468354430379747,2.4329200756208333,3.1226191111298744,0.5219693856928704,0.10631508612383314,0.019527313168240662,186.2638159079998
latest,CPIAUCSL,3,random_forest,expansion,217,1.379880488833101,1.0002177815964866,0.7599717991829377,0.7142857142857143,0.7788018433179723,2.4578598178217423,3.1546289237018463,0.5310449694491386,0.09851247827388507,0.03338844008977426,175.25299874400014
latest,CPIAUCSL,3,random_forest,high_volatility,100,1.9344405664987172,1.5952050438568381,1.223805825487358,0.44,0.52,2.312017644348688,2.9674425205564545,0.5540399029536114,0.16099304555198682,8.298236475632715e-06,70.2287834870013
latest,CPIAUCSL,3,random_forest,normal_volatility,137,0.9588314103782624,0.680255710244302,0.5130608505578123,0.8540145985401459,0.9124087591240876,2.5211700254545155,3.235886695490034,0.4985602490061984,0.06598619629135208,0.17337709450016622,116.0350324209985
latest,CPIAUCSL,3,random_forest,recession,20,2.0853633536341456,1.7834139041357808,1.3878019326229283,0.3,0.4,2.1623238727409673,2.775312644723974,0.42349930193736124,0.1894665473851005,0.0006437369611391741,11.010817163999661
latest,CPIAUCSL,3,ridge,all,237,1.197841028983637,0.860787611615762,0.6449157698841338,0.7848101265822784,0.8649789029535865,2.7281544858862965,3.5015483743621814,0.4679501935051557,0.07911674222476979,0.012112779022285912,6.519684225001658
latest,CPIAUCSL,3,ridge,expansion,217,1.0526458074877239,0.7876380090638729,0.5823715120759083,0.8110599078341014,0.8894009216589862,2.7574545632446004,3.5391546165209085,0.4725576213753948,0.07384788744529601,0.0044609112143823015,5.973557446001809
latest,CPIAUCSL,3,ridge,high_volatility,100,1.6102021416255226,1.2674965120298243,0.9258413266381728,0.58,0.71,2.5508647094993786,3.2739994098478173,0.4906973134252231,0.13028041278292526,0.03777465111815891,2.784180365000192
latest,CPIAUCSL,3,ridge,normal_volatility,137,0.7678674055355178,0.5639198010945488,0.4398606189687771,0.9343065693430657,0.9781021897810219,2.8575630817891557,3.6676425090441995,0.45134645633722326,0.04179616494869304,3.5406893740725837e-07,3.735503860001466
latest,CPIAUCSL,3,ridge,recession,20,2.2316290960099923,1.6544607993037566,1.323520967103381,0.5,0.6,2.4102486465486916,3.0935206469399925,0.4179596011130614,0.14030630154393386,0.08342406734871555,0.546126778999848
latest,CPIAUCSL,3,seasonal_naive,all,237,2.3266454007916493,1.732873609034297,1.2909520621663937,0.7637130801687764,0.8227848101265823,5.140664935322627,6.597972013880236,0.49710435424224664,0.08767684092073151,0.3382265218619892,0.062499704997650694
latest,CPIAUCSL,3,seasonal_naive,expansion,217,2.218619168933913,1.6289760430028568,1.210843697517143,0.8018433179723502,0.8525345622119815,5.242072641944428,6.728127396248188,0.49986638965845687,0.07918880429744155,0.45336271317579835,0.057274855997764204
latest,CPIAUCSL,3,seasonal_naive,high_volatility,100,3.307220343764423,2.817317042094709,2.0599337829377924,0.47,0.61,4.835687219754547,6.206537353677271,0.5310133456149325,0.15646600351139373,4.693169615590021e-06,0.026192361000193495
latest,CPIAUCSL,3,seasonal_naive,normal_volatility,137,1.1750957108463576,0.9413090593551645,0.7296515360558841,0.9781021897810219,0.9781021897810219,5.363276406540201,6.883690743955394,0.47235326564904506,0.03678448305232517,0.00011304615811100831,0.036307343997457206
latest,CPIAUCSL,3,seasonal_naive,recession,20,3.2773027777867196,2.8601622004754224,2.160127818610767,0.35,0.5,4.04039131847607,5.18578611518798,0.46713626997636537,0.18775450259747117,0.003942771118676025,0.005224848999886501
latest,CPIAUCSL,3,state_space,all,237,1.1051362639146738,0.7594931602051626,0.584946453079202,0.8776371308016878,0.9113924050632911,2.9310625642270507,3.7619780734626733,0.5173774730059817,0.06135532650539311,0.0075498669892841395,56.1540052550007
latest,CPIAUCSL,3,state_space,expansion,217,0.9887134505588997,0.7006832319360113,0.5378355657222414,0.8940092165898618,0.9262672811059908,2.9389988115059706,3.772164136569362,0.5282996145585195,0.05642726040654658,0.00147776256819711,51.27210877200048
latest,CPIAUCSL,3,state_space,high_volatility,100,1.5373141623504019,1.125277373909599,0.8502354496341327,0.75,0.81,2.9681198073168504,3.809540530050346,0.5232076317638292,0.09661332811584465,0.6216451848253761,23.302258647000258
latest,CPIAUCSL,3,state_space,normal_volatility,137,0.6226902838470396,0.49249738377856667,0.391304849754435,0.9708029197080292,0.9854014598540146,2.904013481679751,3.727260951865831,0.5131218826717865,0.03609748102914933,0.0005108682934725581,32.85174660800044
latest,CPIAUCSL,3,state_space,recession,20,1.9662784645565794,1.397580881925454,1.096099580902223,0.7,0.75,2.8449542812507715,3.6514592887550847,0.3988722371609477,0.10446380893645484,0.26044911504514967,4.881896483000219
latest,CPIAUCSL,3,var,all,237,1.528536000805559,0.8572059980888588,0.6585668226036856,0.8227848101265823,0.8776371308016878,2.727427038013012,3.5006147051248617,0.5137885398788841,0.0715819422635899,0.018884156297919803,1.1308111150028313
latest,CPIAUCSL,3,var,expansion,217,1.4875882715325701,0.795647330762995,0.6133926851855923,0.847926267281106,0.9032258064516129,2.7451939597042028,3.523418302240438,0.5208511343766757,0.06470337083019358,0.0017177631109935249,1.0407328230025041
latest,CPIAUCSL,3,var,high_volatility,100,1.530899135444531,1.1941289047569073,0.8756343722130125,0.66,0.76,2.7926186363941357,3.5842872157962398,0.5389453713052932,0.11004572806619792,0.0758735205167483,0.46736006900115484
latest,CPIAUCSL,3,var,normal_volatility,137,1.526808775770153,0.6112768691340789,0.5001233557355637,0.9416058394160584,0.9635036496350365,2.6798419297056237,3.439539879817286,0.4954258892026731,0.04330389755993823,0.001646495524717347,0.663451046001676
latest,CPIAUCSL,3,var,recession,20,1.9174030957173185,1.5251175385744808,1.1487062135899966,0.55,0.6,2.5346559376636035,3.253195676420848,0.4371593895778455,0.1467971436348678,0.11637448107058734,0.090078292000327
latest,CPIAUCSL,6,arima,all,237,1.6021664691311093,1.1254114005463534,0.8735627149819039,0.7679324894514767,0.8270042194092827,3.433346820134341,4.406652936575683,0.5325098513101315,0.08190504892075844,0.018644486186763894,148.75075323800064
latest,CPIAUCSL,6,arima,expansion,217,1.4811093335242287,1.024503839327794,0.7961866253341112,0.815668202764977,0.8709677419354839,3.488186889595241,4.477039403714598,0.5370493984614838,0.07201787707771025,0.003190859622971367,138.03673737300056
latest,CPIAUCSL,6,arima,high_volatility,97,2.2801360317899673,1.904351144097901,1.4130830864850523,0.4948453608247423,0.6082474226804123,3.335922185220823,4.281609771399707,0.5650831748489485,0.14790452418097852,1.3623579807018408e-05,55.620677547000184
latest,CPIAUCSL,6,arima,normal_volatility,140,0.8621368436010672,0.5857174353713528,0.4997521718690085,0.9571428571428572,0.9785714285714285,3.500848174324421,4.493289986733322,0.5099411914296654,0.03565848870701927,0.00010931578763884573,93.13007569100046
latest,CPIAUCSL,6,arima,recession,20,2.572300025419817,2.2202584397677194,1.7130932876604557,0.25,0.35,2.83833206648358,3.642959768118442,0.4832557647179601,0.1958283668749135,0.006332310534810093,10.714015865000079
latest,CPIAUCSL,6,autoreg,all,237,1.7340266742719437,1.221159308045378,0.9529628237730249,0.7510548523206751,0.8016877637130801,3.6724227786100845,4.71350360726923,0.5399218485597119,0.0836289270217791,0.001505221260298169,1.9135169240013172
latest,CPIAUCSL,6,autoreg,expansion,217,1.6157830705446354,1.1279651589764197,0.8772335413424747,0.783410138248848,0.8294930875576036,3.7559644291068857,4.820728154853299,0.5488987307501899,0.07476368474211283,0.00012569170666589736,1.7809473160014484
latest,CPIAUCSL,6,autoreg,high_volatility,97,2.44314455018357,2.0102200239584884,1.5166264304043835,0.4639175257731959,0.5463917525773195,3.3670939807148415,4.321618337777711,0.6081320806025731,0.14427706974173002,3.8406374256255315e-07,0.7258957309998053
latest,CPIAUCSL,6,autoreg,normal_volatility,140,0.9770013625872774,0.6744529548770088,0.5624244677498694,0.95,0.9785714285714285,3.883972017151788,4.985024115416924,0.49266190207287225,0.03684771264600186,3.750755352743193e-05,1.1876211930015113
latest,CPIAUCSL,6,autoreg,recession,20,2.7026771555237707,2.2323158254435738,1.774625538144495,0.4,0.5,2.7659958707197925,3.5501172659820774,0.44252267679302504,0.17790800430625134,0.0027688573991649923,0.13256960799986828
latest,CPIAUCSL,6,bvar_niw,all,237,1.616385143161959,1.1152457443836394,0.8795627871715835,0.7721518987341772,0.8438818565400844,3.5748974400938494,4.588331190418464,0.5094347841367955,0.07771384472742646,0.0261848518748955,29.007398810000204
latest,CPIAUCSL,6,bvar_niw,expansion,217,1.4777672043594041,1.0070592223172221,0.7954181647703464,0.815668202764977,0.8847926267281107,3.647806043890963,4.681908370311875,0.5137589606347146,0.06782662228268523,0.004564352389215753,26.566732287000256
latest,CPIAUCSL,6,bvar_niw,high_volatility,97,2.2881147753524327,1.8740035407139253,1.4053511773285428,0.5257731958762887,0.6494845360824743,3.4617723729721677,4.443136738664076,0.5512763109808998,0.13953714960454258,0.0004050304522597022,11.913046800999663
latest,CPIAUCSL,6,bvar_niw,normal_volatility,140,0.8919064885808718,0.5895349854976559,0.5152665454199762,0.9428571428571428,0.9785714285714285,3.653276950885301,4.68893020341972,0.4804445833948089,0.03350662844179428,2.0472262488146555e-06,17.094352009000538
latest,CPIAUCSL,6,bvar_niw,recession,20,2.6956113232847585,2.2890695088042667,1.7925319402250064,0.3,0.4,2.7838390888951716,3.573018788574955,0.46251746913437286,0.19167550940285916,0.003214769904723136,2.440666522999947
latest,CPIAUCSL,6,dynamic_factor,all,237,1.547481636986158,1.068771703069029,0.8373325028950748,0.8143459915611815,0.8481012658227848,3.663583304245442,4.702158264748542,0.5080144934782473,0.07302384877914626,0.012553651371716913,1015.8901889529992
latest,CPIAUCSL,6,dynamic_factor,expansion,217,1.3773629610759146,0.9685977340087224,0.7558204525920154,0.8387096774193549,0.8755760368663594,3.7265120032607917,4.782926375527408,0.5157922139950503,0.06579182909992136,0.002974465448826587,947.8550560639992
latest,CPIAUCSL,6,dynamic_factor,high_volatility,97,2.227249811098799,1.7946241900250615,1.3332784984090917,0.5979381443298969,0.6597938144329897,3.5543586066960784,4.56196988314378,0.5415465484017549,0.13183170263929603,0.0030513742352612943,378.9028591790003
latest,CPIAUCSL,6,dynamic_factor,normal_volatility,140,0.7854094239083826,0.5658596228209207,0.4937127774317917,0.9642857142857143,0.9785714285714285,3.73926041611893,4.799288786288985,0.4847815697098171,0.03160539970743031,2.2738270079826484e-06,636.9873297739989
latest,CPIAUCSL,6,dynamic_factor,recession,20,2.7916556747189554,2.155659267373354,1.7217382486832686,0.55,0.55,2.9808069199289022,3.825824262797852,0.4236262258709352,0.1508967718364898,0.029252273984518018,68.03513288900001
latest,CPIAUCSL,6,elastic_net,all,237,1.8295185840511925,1.3561182734181516,1.021009537535071,0.7468354430379747,0.8059071729957806,3.8836349497121923,4.984591494041825,0.46507195274982577,0.09048105494099484,0.00950973713796429,10.80561327399828
latest,CPIAUCSL,6,elastic_net,expansion,217,1.598395282531852,1.2177756227489929,0.9044079173862203,0.7880184331797235,0.8294930875576036,3.9444328121400827,5.062624705669103,0.46719405385680757,0.08240245390857123,0.0112333922492635,10.392606181998236
latest,CPIAUCSL,6,elastic_net,high_volatility,97,2.512150642615375,2.1041783694624296,1.5674118468095442,0.4536082474226804,0.5567010309278351,3.5208237049788966,4.518928302764196,0.5326422623984794,0.15992275580260676,8.328895133848671e-05,3.949151116999185
latest,CPIAUCSL,6,elastic_net,normal_volatility,140,1.137397978280161,0.8378194925874736,0.6424307946806148,0.95,0.9785714285714285,4.135011312134548,5.307229562284181,0.4182553810646873,0.03777853367519514,1.508213077978712e-08,6.856462156999093
latest,CPIAUCSL,6,elastic_net,recession,20,3.455904527865029,2.85713603317853,2.2861371161501003,0.3,0.55,3.223978142369588,4.137931147885859,0.442047155739074,0.18647467775427276,0.002729291239812248,0.41300709200004226
latest,CPIAUCSL,6,hist_gradient_boosting,all,237,1.76146747179501,1.2977106496958288,0.9942661663485618,0.6244725738396625,0.70042194092827,2.5217001195187487,3.23656706385571,0.506730360867541,0.12508477277984073,0.0006611446445092819,56.66405771500024
latest,CPIAUCSL,6,hist_gradient_boosting,expansion,217,1.7277067274965265,1.2473233094115854,0.9523985379437631,0.663594470046083,0.7327188940092166,2.5610288136808537,3.2870448963324033,0.5091019254666259,0.11832985763320002,0.0020889864808868418,53.293247248000455
latest,CPIAUCSL,6,hist_gradient_boosting,high_volatility,97,2.32677970616043,1.9038112845816297,1.5101619368620463,0.32989690721649484,0.3917525773195876,2.3344698831808004,2.996259657118951,0.5883287770873985,0.17599696179875957,1.1990278582272404e-09,20.348530694999795
latest,CPIAUCSL,6,hist_gradient_boosting,normal_volatility,140,1.2253491203573663,0.8777694955249525,0.6368240967785049,0.8285714285714286,0.9142857142857143,2.6514239261243273,3.4030657670947506,0.45019431534378257,0.08295652786263545,0.08997369798752752,36.315527020000445
latest,CPIAUCSL,6,hist_gradient_boosting,recession,20,2.093051930556254,1.844413291779869,1.4485299345406306,0.2,0.35,2.0949837878599102,2.6888825814835946,0.4809988849674699,0.2076997091097239,0.004180115793535166,3.3708104669997847
latest,CPIAUCSL,6,mean,all,237,1.9571381923095312,1.36024794578367,1.0605150393673624,0.7215189873417721,0.7848101265822784,3.7534739196511477,4.817531620573006,0.45857362315569483,0.08904437441538211,0.0003953835628101147,0.0468767450000082
latest,CPIAUCSL,6,mean,expansion,217,1.9064748546007912,1.2782715156994247,0.9991906182728236,0.7788018433179723,0.8294930875576036,3.8612105205423,4.955810050794366,0.45497561962495586,0.077251290871111,4.264608276908856e-05,0.0429760919999925
latest,CPIAUCSL,6,mean,high_volatility,97,2.5625685984531392,1.9707599650991279,1.531978207389189,0.4948453608247423,0.5670103092783505,3.498751703191201,4.490599195164735,0.5991536739933048,0.12898747756783147,7.727648144682492e-07,0.0192353330006037
latest,CPIAUCSL,6,mean,normal_volatility,140,1.3908550774031168,0.9372503324008179,0.7338584158093829,0.8785714285714286,0.9357142857142857,3.929960026769826,5.044049086748736,0.3611717307896365,0.03875172438230135,5.676293821673286e-13,0.0276414119994045
latest,CPIAUCSL,6,mean,recession,20,2.440124429654664,2.2496922121977363,1.7258850082431105,0.1,0.3,2.584531799982159,3.3172106526712533,0.497611961464213,0.22604760500689652,0.003862398888835439,0.0039006530000156997
latest,CPIAUCSL,6,naive_drift,all,237,1.5913663363978754,1.1390540513644891,0.869515214341953,0.7890295358649789,0.8481012658227848,3.706502753815641,4.757244781897231,0.5147505251659719,0.07843442726290352,0.04308311454952296,0.0451112320003392
latest,CPIAUCSL,6,naive_drift,expansion,217,1.4215725646425588,1.0441827327248636,0.7889195850580285,0.8110599078341014,0.8709677419354839,3.771680383184893,4.840899363535977,0.5226967494076383,0.07192976489822213,0.013820846939857813,0.041405344000156497
latest,CPIAUCSL,6,naive_drift,high_volatility,97,2.2898551323994902,1.8616768289162167,1.383248140101447,0.5257731958762887,0.6288659793814433,3.5261657023388224,4.525784682147497,0.53116071899422,0.1390373028292085,0.002927701139419276,0.0182159699999665
latest,CPIAUCSL,6,naive_drift,normal_volatility,140,0.8087757608329746,0.6383796983465062,0.5135716872085891,0.9714285714285714,1.0,3.8314505680531528,4.9176135652952615,0.5033806051564,0.03682535027578579,0.00033858603389184965,0.026895262000372698
latest,CPIAUCSL,6,naive_drift,recession,20,2.8430742055818228,2.168407858604426,1.7439777920725343,0.55,0.6,2.9993254751592655,3.8495925711168533,0.42853399214389265,0.14796462561092935,0.04927576399552036,0.0037058880001827
latest,CPIAUCSL,6,naive_last,all,237,1.5735056815069282,1.1218166919121526,0.8594284440057549,0.7932489451476793,0.8523206751054853,3.6778462234779563,4.720464523397251,0.5007921704452081,0.07790937435221278,0.1470489329936191,0.0489779670005981
latest,CPIAUCSL,6,naive_last,expansion,217,1.3982746421149812,1.0247299948162716,0.7774901350230711,0.815668202764977,0.880184331797235,3.7428923480777185,4.8039503204916425,0.5083772377652509,0.07157193940435448,0.05382562077835851,0.044881331000556704
latest,CPIAUCSL,6,naive_last,high_volatility,97,2.2595103162128245,1.8315811749194433,1.362656085185383,0.5360824742268041,0.6391752577319587,3.505838832459139,4.499695427103002,0.5212253244186812,0.13790370839914565,0.008448519638362136,0.019864691999482702
latest,CPIAUCSL,6,naive_last,normal_volatility,140,0.8087492302804663,0.6300513001142443,0.5107635783312983,0.9714285714285714,1.0,3.7970227729695663,4.873425968686838,0.4866349137635873,0.03654170932138763,4.51891203150209e-05,0.0291132750011154
latest,CPIAUCSL,6,naive_last,recession,20,2.8506205659421773,2.175207355402461,1.7484590964678755,0.55,0.55,2.972095771570543,3.8146436249231117,0.4184941900227429,0.14626997735332434,0.039534241880580745,0.0040966360000414
latest,CPIAUCSL,6,random_forest,all,237,1.971293234453336,1.4101059853005498,1.0967495049514748,0.6413502109704642,0.6962025316455697,3.044309575750302,3.907329039162034,0.5496451769769986,0.10929110135622477,0.00033632201057657077,148.84081403500045
latest,CPIAUCSL,6,random_forest,expansion,217,1.888492604855919,1.3191103342408135,1.0188941753192777,0.6866359447004609,0.7465437788018433,3.1050417671322217,3.985277962914321,0.5530932165586938,0.09952337220062367,0.004966538809928048,140.48364690500046
latest,CPIAUCSL,6,random_forest,high_volatility,97,2.5821782287446537,2.1447029099012127,1.6853060278823653,0.30927835051546393,0.38144329896907214,2.7725280423871665,3.558501217551271,0.5640045611680076,0.17864618720032052,8.065560781364637e-10,53.5014375950002
latest,CPIAUCSL,6,random_forest,normal_volatility,140,1.399540193763844,0.9011352589700904,0.6889639140636437,0.8714285714285714,0.9142857142857143,3.2326153524376178,4.1490168869923485,0.5396961750732282,0.0619338688036219,0.008433248686179767,95.33937644000025
latest,CPIAUCSL,6,random_forest,recession,20,2.7117481050471133,2.3974087992986846,1.941479831460812,0.15,0.15,2.3853652992564767,3.061583216449711,0.5122339475156064,0.22447787447044334,0.001638662815568459,8.357167129999993
latest,CPIAUCSL,6,ridge,all,237,1.8360271157129269,1.37926147803824,1.0381696836769487,0.7046413502109705,0.7890295358649789,3.844294982852249,4.934099193214093,0.47347190871924755,0.09607624173435098,0.08703570445614439,3.9328634960004254
latest,CPIAUCSL,6,ridge,expansion,217,1.6491526103039957,1.2547603426315082,0.9356795862989761,0.7511520737327189,0.815668202764977,3.8960681414482385,5.00054932287326,0.473646224959353,0.08790851969523211,0.10154852762666733,3.6765634250004275
latest,CPIAUCSL,6,ridge,high_volatility,97,2.498476467992197,2.125678262961228,1.583966231694118,0.3711340206185567,0.5154639175257731,3.4744423785268443,4.459398514741146,0.5243314360862348,0.16759365434410664,9.425064842468182e-06,1.4608600880001128
latest,CPIAUCSL,6,ridge,normal_volatility,140,1.1753863737855603,0.8621012770558837,0.6600106468364814,0.9357142857142857,0.9785714285714285,4.100550001563423,5.262998949013208,0.4382335219006921,0.044318338184639296,4.740066155459736e-06,2.472003408000312
latest,CPIAUCSL,6,ridge,recession,20,3.2307128465968855,2.730098797201281,2.150187240227953,0.2,0.5,3.282556212085764,4.213115286412134,0.471580577514103,0.1939828767719607,0.00487567732434202,0.2563000709999972
latest,CPIAUCSL,6,seasonal_naive,all,237,2.3272426158392245,1.7344684698012554,1.3014932151864278,0.759493670886076,0.8227848101265823,5.195448221779143,6.668285600822038,0.4930997780384415,0.08748439017390065,0.3224248680959414,0.0416381890002976
latest,CPIAUCSL,6,seasonal_naive,expansion,217,2.2186734493373668,1.6307253733493587,1.2209622315318212,0.7972350230414746,0.8525345622119815,5.30638185632764,6.810667379319157,0.4957487317833612,0.07912586624212051,0.41199189917207824,0.0382091980001638
latest,CPIAUCSL,6,seasonal_naive,high_volatility,97,3.3569773222294916,2.8886383516949468,2.123281876781806,0.44329896907216493,0.5979381443298969,4.833085571421466,6.203198174192205,0.5216000882655293,0.16223784482879608,1.1149348032629523e-05,0.0168683110003893
latest,CPIAUCSL,6,seasonal_naive,normal_volatility,140,1.1664476222562385,0.9347936230606262,0.7321110710810589,0.9785714285714285,0.9785714285714285,5.446513772384102,6.990524746415565,0.4733531345239593,0.035525919582797834,5.670937030097798e-05,0.024769877999908298
latest,CPIAUCSL,6,seasonal_naive,recession,20,3.2819256154383707,2.8600810663043377,2.1752543878389115,0.35,0.5,3.9918182869279235,5.12344330412829,0.4643586299060627,0.18616238007282124,0.003348000355935854,0.0034289910001338002
latest,CPIAUCSL,6,state_space,all,237,1.7400871504174915,1.240387631261121,0.9450298036677639,0.8185654008438819,0.8565400843881856,4.304351863795039,5.524575807318306,0.5246958052205435,0.07180901565523008,0.004724571675079697,32.433855796999865
latest,CPIAUCSL,6,state_space,expansion,217,1.5862835819678982,1.1469717220895088,0.8677996470078333,0.847926267281106,0.880184331797235,4.384102948300873,5.626935216123671,0.5316989945210424,0.06525040230321325,0.0029053946310770174,29.613838280000092
latest,CPIAUCSL,6,state_space,high_volatility,97,2.5298187403574026,2.056007361175389,1.5055256380000992,0.5567010309278351,0.6494845360824743,4.141243721419455,5.315228773000739,0.5356610807092981,0.13092541599744192,0.010578337678361242,12.913346415000202
latest,CPIAUCSL,6,state_space,normal_volatility,140,0.831585158637366,0.6752796755348071,0.5566862613089315,1.0,1.0,4.417362505298121,5.669623395381191,0.5170984357747633,0.031354992380400626,5.878143796547086e-05,19.520509381999652
latest,CPIAUCSL,6,state_space,recession,20,2.9289668336553003,2.253950245773116,1.7829770034280117,0.5,0.6,3.4390525969067354,4.413976221780098,0.44871120131013004,0.14351183711629636,0.056423773981793435,2.8200175169997683
latest,CPIAUCSL,6,var,all,237,8.373896413430492,1.7404406517201485,1.560376470510492,0.8523206751054853,0.9029535864978903,6.613963153520045,8.488929805152063,0.48088949402277165,0.06171494255936905,0.002928964556239241,0.7757923759997873
latest,CPIAUCSL,6,var,expansion,217,8.707777286500214,1.6725754934863495,1.5277027938195558,0.9032258064516129,0.9493087557603687,6.944947971899608,8.913744220439474,0.47976063457599655,0.04983474529461214,0.00018495103696997573,0.7137628109997427
latest,CPIAUCSL,6,var,high_volatility,97,2.402822674494014,1.9793886627563337,1.511134433332694,0.6907216494845361,0.7731958762886598,7.652101602674781,9.821366079492924,0.5096852835933006,0.10361122981050193,0.15088615943412406,0.3109403899999228
latest,CPIAUCSL,6,var,normal_volatility,140,10.710112858138102,1.574883815502221,1.5944941676979674,0.9642857142857143,0.9928571428571429,5.894681513748548,7.565741815073037,0.4609381255346195,0.032243800218401876,9.057962838131854e-08,0.4648519859998645
latest,CPIAUCSL,6,var,recession,20,2.870878323693458,2.476777618556872,1.914885862607155,0.3,0.4,3.0227778741017857,3.879693399283627,0.4931376190202822,0.19984971583282138,0.029416872360763846,0.062029565000044605
latest,CPIAUCSL,12,arima,all,234,2.196274573062146,1.4492702611986668,1.178839959469985,0.7735042735042735,0.8034188034188035,4.232291852160954,5.4320877836747785,0.5442010986378641,0.07845706261084506,4.3759530253984105e-05,265.0362329919999
latest,CPIAUCSL,12,arima,expansion,214,2.14370452818546,1.3543620891475812,1.1107464380338747,0.8317757009345794,0.8457943925233645,4.348319068983147,5.581007104243801,0.5467962241904295,0.06657955620954092,4.869315333590503e-06,246.24333929199986
latest,CPIAUCSL,12,arima,high_volatility,91,3.1688212870387376,2.548097774353089,2.001335181403999,0.45054945054945056,0.5274725274725275,3.9727133707081923,5.098922409627041,0.5883498734105799,0.1449470742442532,4.68985145171675e-06,93.30939507299966
latest,CPIAUCSL,12,arima,normal_volatility,143,1.226050479484976,0.7500163891913075,0.6554339091483398,0.9790209790209791,0.9790209790209791,4.397478158539985,5.644102112614249,0.5161064237824995,0.03482407088576479,3.551917043640975e-06,171.72683791900022
latest,CPIAUCSL,12,arima,recession,20,2.6953400506662457,2.4647877021452844,1.9074406388363627,0.15,0.35,2.990800632163494,3.8386510535862435,0.5164332552254127,0.21485199117576478,0.005317618153730663,18.792893700000036
latest,CPIAUCSL,12,autoreg,all,234,2.313516120372421,1.573888833516722,1.2633140926543711,0.7478632478632479,0.7863247863247863,4.418658751929994,5.671287109921584,0.5464917054320073,0.08389537986590208,0.0007438266181437022,2.6787058229984413
latest,CPIAUCSL,12,autoreg,expansion,214,2.250254157322106,1.4738889742612287,1.1847691859438603,0.8037383177570093,0.8457943925233645,4.559563439308649,5.8521363182722075,0.5483629147635046,0.07182300819256944,0.00031059009128787,2.4899830399984966
latest,CPIAUCSL,12,autoreg,high_volatility,91,3.2737052742988877,2.641526938151763,2.080907850285098,0.43956043956043955,0.4835164835164835,3.9676842165001074,5.092467560082106,0.6153851941006008,0.14453168564045285,9.126333087973825e-10,0.9706578139993767
latest,CPIAUCSL,12,autoreg,normal_volatility,143,1.3922643278685711,0.8944827669307867,0.7430271559802717,0.9440559440559441,0.9790209790209791,4.705642547203558,6.039626823455797,0.5026503944610844,0.0410774836601127,0.0014944026095029374,1.7080480089990644
latest,CPIAUCSL,12,autoreg,recession,20,2.9054408706208026,2.643887327550501,2.1037445944568374,0.15,0.15,2.9109785969783983,3.736200580569921,0.5264697655849864,0.22318715249576895,0.0008514800032467518,0.18872278299994505
latest,CPIAUCSL,12,bvar_niw,all,234,2.1305812784896245,1.424144254026342,1.147857970446394,0.7735042735042735,0.8076923076923077,4.087465264894647,5.246204871313964,0.5274313412773834,0.08262850635896955,0.0012194399528991282,85.26558239700172
latest,CPIAUCSL,12,bvar_niw,expansion,214,2.0679421307917663,1.328424734094617,1.0732547674024844,0.8317757009345794,0.8598130841121495,4.230159945601276,5.429351511228716,0.5292320505876746,0.0701787715995219,0.000186801088588831,77.99938274400198
latest,CPIAUCSL,12,bvar_niw,high_volatility,91,3.0330994832459135,2.4423717997576357,1.9164077642925763,0.45054945054945056,0.5384615384615384,3.77324412388108,4.842906402991031,0.5719354448038512,0.15180129180798693,1.1964815632879842e-06,33.19936135700051
latest,CPIAUCSL,12,bvar_niw,normal_volatility,143,1.2544803773834845,0.7761812703791551,0.6587808289079143,0.9790209790209791,0.9790209790209791,4.28742417281237,5.502849351155832,0.49911054812417677,0.037291507785053905,3.739651965318533e-05,52.06622104000121
latest,CPIAUCSL,12,bvar_niw,recession,20,2.7117135197660933,2.4483431172957992,1.9461122430162274,0.15,0.25,2.5606321813337067,3.286535824226128,0.5081637516572688,0.2261181539045283,0.002354041930359596,7.266199652999745
latest,CPIAUCSL,12,dynamic_factor,all,234,2.1959745307670855,1.5467215671995833,1.2178782139326052,0.7735042735042735,0.8247863247863247,4.904351070113049,6.294666451513955,0.5137306682201516,0.07934086040055117,0.019345729045794437,1559.6960020839997
latest,CPIAUCSL,12,dynamic_factor,expansion,214,2.084204643538223,1.4325025848127846,1.1320512864378607,0.8130841121495327,0.8644859813084113,5.030616607877046,6.456726514748188,0.5177788000075347,0.06929658968031634,0.003967172197781671,1456.3782551189995
latest,CPIAUCSL,12,dynamic_factor,high_volatility,91,3.209882913763644,2.7432549358374287,2.052330386360195,0.45054945054945056,0.5824175824175825,4.567395151478636,5.86218821201912,0.5624832621155517,0.15549623425420564,8.637247812191783e-06,555.508344084
latest,CPIAUCSL,12,dynamic_factor,normal_volatility,143,1.1551480139514798,0.7852912417027726,0.6868631951150481,0.9790209790209791,0.9790209790209791,5.118777563789493,6.569879876647033,0.4827062902867152,0.029139647663804887,7.750752179642556e-06,1004.1876579999998
latest,CPIAUCSL,12,dynamic_factor,recession,20,3.1529561012855933,2.7688646787383266,2.1362263381263755,0.35,0.4,3.553309816038284,4.560623774907664,0.4704156580951513,0.19395874589427922,0.0033803884967422704,103.31774696500023
latest,CPIAUCSL,12,elastic_net,all,234,2.4373800788656776,1.7971723474107133,1.373292620222395,0.7649572649572649,0.8076923076923077,4.769720221491078,6.121869628031243,0.4975881384064444,0.09108093619044512,0.003509997220454736,14.929904070999177
latest,CPIAUCSL,12,elastic_net,expansion,214,2.203404646095748,1.6271449890430936,1.2007771554893012,0.8130841121495327,0.8551401869158879,4.975674379845572,6.386208928503454,0.48464291890740746,0.08134358158542537,0.07408574508203125,13.859899049999077
latest,CPIAUCSL,12,elastic_net,high_volatility,91,3.3140665952658894,2.6533471983368635,2.1053306918297907,0.5164835164835165,0.5384615384615384,4.2421468124976505,5.444736488330209,0.5871940822720716,0.1371220868216505,3.3676103116114658e-09,5.550963640000158
latest,CPIAUCSL,12,elastic_net,normal_volatility,143,1.6529182978852313,1.2523338059122544,0.9074502110176885,0.9230769230769231,0.9790209790209791,5.105448754486896,6.552772535113721,0.4405661741283181,0.054121448568698494,4.369493455947962e-05,9.378940430999016
latest,CPIAUCSL,12,elastic_net,recession,20,4.190369735845632,3.616465081944244,3.2192080928664972,0.25,0.3,2.5660107270980026,3.293439112978592,0.6361019870461406,0.1829521939943446,2.9048793888090118e-05,1.0700050210000986
latest,CPIAUCSL,12,hist_gradient_boosting,all,234,2.128396765030667,1.4257021195190722,1.165424759395091,0.6452991452991453,0.6965811965811965,2.853705654717689,3.662691554997722,0.5656423666869794,0.10892757015636938,0.00018883190969721129,70.70274533400143
latest,CPIAUCSL,12,hist_gradient_boosting,expansion,214,2.106841322004311,1.357798398631271,1.0988140916996063,0.6915887850467289,0.7476635514018691,2.981484536287593,3.8266939739786108,0.5655479764527874,0.09863731263261755,0.001879765504832873,66.37824296000153
latest,CPIAUCSL,12,hist_gradient_boosting,high_volatility,91,2.8529304336757626,2.1329188782585256,1.8442534737433092,0.34065934065934067,0.38461538461538464,2.4605993552399172,3.158145081911632,0.5890429634193665,0.1659913369677752,1.2685997781664173e-10,24.28812614800134
latest,CPIAUCSL,12,hist_gradient_boosting,normal_volatility,143,1.4944389580684698,0.9756550912303291,0.7334428502644065,0.8391608391608392,0.8951048951048951,3.103864208930817,3.983766583325234,0.5507510778572786,0.0729532584427298,0.04236991884655528,46.414619186000095
latest,CPIAUCSL,12,hist_gradient_boosting,recession,20,2.346678892728203,2.152271933018541,1.8781589037367787,0.15,0.15,1.486471621919717,1.9078656719022153,0.5666523421928343,0.2300186288441889,4.870955690283812e-05,4.324502373999906
latest,CPIAUCSL,12,mean,all,234,1.9827935373021426,1.3784586226316853,1.0900654152091402,0.7307692307692307,0.782051282051282,3.7746022362692586,4.844649521370005,0.4596845261941588,0.08798324379595046,0.0012046055369127448,0.0626923039999411
latest,CPIAUCSL,12,mean,expansion,214,1.9363509449857532,1.2979587262309829,1.0227665049455208,0.794392523364486,0.8364485981308412,3.9288683123161166,5.042647886416999,0.4557524837086873,0.07525752405525861,0.00013083956776596974,0.057317108000152696
latest,CPIAUCSL,12,mean,high_volatility,91,2.6488769385335504,2.0458824901673895,1.6282831060001866,0.4945054945054945,0.5494505494505495,3.354765493593735,4.305794895864658,0.6018354865841945,0.13035513273612795,4.7007774281129345e-07,0.0242684739997781
latest,CPIAUCSL,12,mean,normal_volatility,143,1.4029391407698484,0.9537343432907832,0.7475632483421107,0.8811188811188811,0.9300699300699301,4.041771072517319,5.187557010327953,0.3692248241277726,0.040557347980823555,5.541741938973544e-12,0.038423830000163
latest,CPIAUCSL,12,mean,recession,20,2.424671764664308,2.239807514119202,1.810163755029868,0.05,0.2,2.1239552225678735,2.726067015367167,0.5017573807887036,0.2332385280935095,0.0009419361627225342,0.0053751959997884
latest,CPIAUCSL,12,naive_drift,all,234,2.3805248385384816,1.7721480684239557,1.3459612627495543,0.7307692307692307,0.7905982905982906,5.101512340924843,6.54772020300411,0.5194958281189874,0.09097689073275161,0.1950361174798676,0.0668057809990357
latest,CPIAUCSL,12,naive_drift,expansion,214,2.2770413946704786,1.6662819881709678,1.2593770231818402,0.780373831775701,0.8364485981308412,5.248484874201651,6.7363574072510355,0.5219129039562855,0.08088876415105344,0.07155885023952813,0.0610714739992808
latest,CPIAUCSL,12,naive_drift,high_volatility,91,3.518941531218932,3.065530676727132,2.302924020175935,0.34065934065934067,0.4945054945054945,4.61491904400384,5.923184467720869,0.546952700057401,0.17519605136383154,2.4514296855264273e-07,0.026169020999968096
latest,CPIAUCSL,12,naive_drift,normal_volatility,143,1.18027449131023,0.9490864085946615,0.7369849625691303,0.9790209790209791,0.9790209790209791,5.411162620783663,6.94515203454799,0.5020232732490876,0.037448671548136254,8.973696202952785e-05,0.04063675999906759
latest,CPIAUCSL,12,naive_drift,recession,20,3.289999261573713,2.9049151271309253,2.272412626124098,0.2,0.3,3.5289062348629896,4.529302117562,0.49363311665989584,0.20808847036722747,0.003651267241055023,0.005734306999754899
latest,CPIAUCSL,12,naive_last,all,234,2.3281198985646827,1.730292517803287,1.3122243916988476,0.7350427350427351,0.7948717948717948,5.018997859318199,6.441814012417831,0.5002186092176666,0.09019316433467381,0.27607223419293103,0.0680395439998196
latest,CPIAUCSL,12,naive_last,expansion,214,2.218611795689354,1.624930832364799,1.226177962559524,0.7757009345794392,0.8364485981308412,5.159619862102809,6.6223003990199585,0.5020013418314861,0.08060350725481909,0.3117875181445895,0.06229496700013171
latest,CPIAUCSL,12,naive_last,high_volatility,91,3.432485674144776,2.967694634464519,2.230428547378427,0.3516483516483517,0.5054945054945055,4.558187690632311,5.850370563962441,0.5351873994595749,0.17233625828228438,2.6844849101614466e-06,0.0265147499992608
latest,CPIAUCSL,12,naive_last,normal_volatility,143,1.171202000867915,0.942854807200685,0.727912656266388,0.9790209790209791,0.9790209790209791,5.3122406939364915,6.818187115980353,0.47796574270008874,0.03748349001643913,0.0002246443327246426,0.0415247940005588
latest,CPIAUCSL,12,naive_last,recession,20,3.278370732053705,2.8576625519951087,2.2329211834896125,0.3,0.35,3.5143424295228813,4.5106096757750676,0.481143370249799,0.20202646467665328,0.0033810114811368974,0.0057445769996879005
latest,CPIAUCSL,12,random_forest,all,234,2.267840878479543,1.607689919545506,1.2768137490988458,0.6025641025641025,0.6752136752136753,3.2019885230760528,4.109707777072932,0.5630774134901495,0.11552051142888974,0.0002723167602193217,174.28711912499912
latest,CPIAUCSL,12,random_forest,expansion,214,2.247481752980964,1.5447952058960395,1.2106446144974645,0.6495327102803738,0.7289719626168224,3.35214124564723,4.302426710089789,0.5636531942943953,0.10546881927242177,0.005252930463844293,164.64057661699914
latest,CPIAUCSL,12,random_forest,high_volatility,91,3.066786187394508,2.46036352246831,2.0384220303487823,0.26373626373626374,0.31868131868131866,2.6954541944728407,3.459578004710349,0.5354515547082745,0.1894103824073813,1.398542077764087e-09,59.366698218999915
latest,CPIAUCSL,12,random_forest,normal_volatility,143,1.5591255669152086,1.0650794449582672,0.7921539337579774,0.8181818181818182,0.9020979020979021,3.5243285503690065,4.523426723121848,0.5806575054422517,0.06870210636661236,0.0011383112625019927,114.92042090599921
latest,CPIAUCSL,12,random_forest,recession,20,2.4752236394701774,2.280663355594801,1.9848234893336305,0.1,0.1,1.5953543915644595,2.0476151937925566,0.5569165588847174,0.23424160996208923,5.225962146755647e-05,9.646542507999982
latest,CPIAUCSL,12,ridge,all,234,2.567102479473051,1.8646946952268382,1.45490062782911,0.7136752136752137,0.7905982905982906,4.949431502066745,6.3525265595245655,0.49751661362731336,0.09586247671925908,0.0026411275269453876,6.174703599001008
latest,CPIAUCSL,12,ridge,expansion,214,2.2868511648131764,1.674248221359461,1.2643912391050898,0.7523364485981309,0.8317757009345794,5.153415302331922,6.614336932767672,0.48123519538440457,0.08712461959913746,0.0223349933934472,5.5969887540008365
latest,CPIAUCSL,12,ridge,high_volatility,91,3.4395694400488765,2.656158756645582,2.179988498438049,0.46153846153846156,0.5384615384615384,4.455489928351384,5.718559413081597,0.5982431270875764,0.13819055849376818,2.168577644053427e-09,2.3554118320009207
latest,CPIAUCSL,12,ridge,normal_volatility,143,1.8041821867204526,1.3610357470512737,0.9934810738052392,0.8741258741258742,0.951048951048951,5.263757958067431,6.75596019817009,0.43341792324350953,0.05907042544233476,1.7652400471428751e-06,3.819291767000088
latest,CPIAUCSL,12,ridge,recession,20,4.598425041716589,3.9024719656077727,3.4933510871761237,0.3,0.35,2.766804839229362,3.5511555658233234,0.671727788826437,0.16393128050346198,5.3651008287113e-06,0.5777148450001722
latest,CPIAUCSL,12,seasonal_naive,all,234,2.3281198985646827,1.730292517803287,1.3186101432387531,0.7307692307692307,0.7905982905982906,5.202252396205694,6.6770186641531035,0.5017316037268958,0.08858235809106242,0.2656981470401385,0.062480187999400104
latest,CPIAUCSL,12,seasonal_naive,expansion,214,2.218611795689354,1.624930832364799,1.2315216925634842,0.7757009345794392,0.8364485981308412,5.369553440189389,6.8917472294234425,0.5031125816399322,0.0784482785622981,0.202983184285903,0.056967276999390304
latest,CPIAUCSL,12,seasonal_naive,high_volatility,91,3.432485674144776,2.967694634464519,2.2241067424370833,0.34065934065934067,0.4945054945054945,4.632288125882477,5.9454774429651,0.5370351268061848,0.17195547824350194,5.347733659726132e-06,0.024325617001276303
latest,CPIAUCSL,12,seasonal_naive,normal_volatility,143,1.171202000867915,0.942854807200685,0.7423850346579975,0.9790209790209791,0.9790209790209791,5.5649569318659236,7.1425448958181965,0.4792657254037119,0.035057079044328754,5.834417962948214e-05,0.03815457099812379
latest,CPIAUCSL,12,seasonal_naive,recession,20,3.278370732053705,2.8576625519951087,2.2504565654641318,0.25,0.3,3.4121312255801675,4.379423015760491,0.4869551400574064,0.20660163707775422,0.0031769082210231225,0.005512911000009799
latest,CPIAUCSL,12,state_space,all,234,2.840360322957504,2.052664289978483,1.5723042792807422,0.7606837606837606,0.8162393162393162,6.37512110872223,8.182379359413858,0.5361833186307164,0.08202634572753427,0.006946607259577567,56.34927792099808
latest,CPIAUCSL,12,state_space,expansion,214,2.795298065092842,1.9788894995894406,1.5210572947613619,0.7897196261682243,0.8457943925233645,6.535413579294539,8.388112518096266,0.543988027173256,0.07413230741829896,0.0005861360420875852,51.15883280099811
latest,CPIAUCSL,12,state_space,high_volatility,91,4.157288272716503,3.4954704482243266,2.5962360042343713,0.45054945054945056,0.5604395604395604,5.702485257548737,7.319060590847453,0.527423680584445,0.1598848783501992,0.00016448963133026156,22.075418685998727
latest,CPIAUCSL,12,state_space,normal_volatility,143,1.484352361956353,1.1345149165493102,0.9207113634011606,0.958041958041958,0.9790209790209791,6.803162104923546,8.731764030319752,0.5417576337510711,0.033176574091689996,7.341453524657966e-08,34.27385923499935
latest,CPIAUCSL,12,state_space,recession,20,3.2840478869056655,2.8420545471412346,2.120647013638112,0.45,0.5,4.659991673598521,5.981034561512098,0.4526729372255451,0.16681273234874697,0.0061888072285720686,5.190445119999964
latest,CPIAUCSL,12,var,all,234,379.371276956711,26.30160253625296,39.064209416609884,0.8205128205128205,0.8547008547008547,150.80686893812677,193.55852078933802,0.4559186162069104,0.06111295661943099,1.2381750749250364e-11,1.1677971590014837
latest,CPIAUCSL,12,var,expansion,214,396.7020920534411,28.52327617214843,42.536834929672935,0.8785046728971962,0.9018691588785047,164.60407121084015,211.26703819137612,0.4509934344028638,0.04749082388175428,5.251986156766711e-13,1.074531649001248
latest,CPIAUCSL,12,var,high_volatility,91,608.3450929274582,66.27522213224393,79.38849741707783,0.5714285714285714,0.6263736263736264,159.35646585407014,204.53180963252748,0.5161600858510017,0.11876573465168294,0.007529709507651571,0.44313631700075984
latest,CPIAUCSL,12,var,normal_volatility,143,1.3456804076414433,0.8638446115314522,13.403298870857551,0.9790209790209791,1.0,145.36621635525375,186.57551879821742,0.4175831355243069,0.021197229020078163,4.193845326402998e-15,0.7246608420007237
latest,CPIAUCSL,12,var,recession,20,2.7814276521311596,2.5296946321713993,1.9071164268352163,0.2,0.35,3.176804620093229,4.077384587530036,0.5086180615102085,0.2138440888329699,0.004680622397503553,0.09326551000023539
latest,INDPRO,1,arima,all,244,2.3097890077333973,1.6265838564726252,1.210960608146333,0.7131147540983607,0.8155737704918032,4.3436911540455405,5.57506723972722,0.3348368841280365,0.06796155648606429,1.0481058939811589e-15,235.0277448660035
latest,INDPRO,1,arima,expansion,224,2.073030704821845,1.4719983540434463,1.0853291416611983,0.75,0.84375,4.377994820535641,5.619095519010699,0.35504106102845584,0.06643460538563163,2.4240863911808604e-12,218.28526480800372
latest,INDPRO,1,arima,high_volatility,102,3.0249498474481147,2.0881119612365064,1.5871688916822302,0.6764705882352942,0.8235294117647058,4.844469800708574,6.217809674295979,0.39825863204866174,0.09021100516343554,0.002418625474305654,95.1365198770012
latest,INDPRO,1,arima,normal_volatility,142,1.6107861836567416,1.29506366854364,0.9407264889867452,0.7394366197183099,0.8098591549295775,3.983976914893221,5.11337901207924,0.2892804173118128,0.04750613220206278,2.5147483440540397e-16,139.8912249890023
latest,INDPRO,1,arima,recession,20,4.117889942664694,3.3579414836794292,2.6180330327798425,0.3,0.5,3.9594900893564087,5.081950511752265,0.10855010284334032,0.030746753381471377,4.3369037548291184e-11,16.742480057999785
latest,INDPRO,1,autoreg,all,244,2.2694321118643996,1.5783475706861436,1.186190280224205,0.7295081967213115,0.8032786885245902,4.126723429347399,5.296592179888729,0.3477474483234498,0.07350620792991154,3.8169985568025e-14,2.6581085559992514
latest,INDPRO,1,autoreg,expansion,224,2.0153282935735004,1.429554343413866,1.0640774637825081,0.7589285714285714,0.8258928571428571,4.1542539419554965,5.3319272102790345,0.3681172018181345,0.0722239411093473,1.0355253539966577e-10,2.4768793269991995
latest,INDPRO,1,autoreg,high_volatility,102,3.0295039926921543,2.0873755411323702,1.6110004471619754,0.696078431372549,0.7745098039215687,4.650554568865492,5.968922168717786,0.41188338543454545,0.09627756915878115,0.01706583006540873,1.1297890779994708
latest,INDPRO,1,autoreg,normal_volatility,142,1.5024237738647632,1.2127077609289953,0.8810449490435535,0.7535211267605634,0.823943661971831,3.750450357299192,4.813650920307294,0.3016779723704093,0.052603014488582046,9.271329926580646e-15,1.5283194779997806
latest,INDPRO,1,autoreg,recession,20,4.164683743164147,3.2448317161356557,2.553853824371214,0.4,0.55,3.818381688136705,4.9008398395173,0.11960620918298101,0.03274513387304338,4.301498808929434e-09,0.18122922900005148
latest,INDPRO,1,bvar_niw,all,244,2.3533769320884614,1.6349159285899135,1.2186616932989254,0.7377049180327869,0.8319672131147541,4.55151364793374,5.841804522896034,0.3448121472460107,0.0679813382800342,4.326978211024691e-15,19.03487932499987
latest,INDPRO,1,bvar_niw,expansion,224,2.0855173222715555,1.4669625918766462,1.0801172064768685,0.7767857142857143,0.8616071428571429,4.600721507505262,5.904962126902658,0.3653989670867386,0.06553120131568091,1.9058738278571643e-12,17.521530226999822
latest,INDPRO,1,bvar_niw,high_volatility,102,3.120507655008394,2.147375379166963,1.630367178151277,0.7156862745098039,0.803921568627451,5.0821042107649665,6.522810137623906,0.39286369501315493,0.08903161341209467,0.0017415385626882646,7.808162871000544
latest,INDPRO,1,bvar_niw,normal_volatility,142,1.5881016873907998,1.2668112528233002,0.92292958446132,0.7535211267605634,0.852112676056338,4.1703852154775065,5.352631475697142,0.31029624673721695,0.05051480774165121,3.6246277644828886e-15,11.226716453999323
latest,INDPRO,1,bvar_niw,recession,20,4.342256140992785,3.515993299778504,2.7703599457059602,0.3,0.5,4.0003856207327,5.134439358021838,0.11423976502985841,0.0393578841040114,8.684563837581005e-10,1.513349098000048
latest,INDPRO,1,dynamic_factor,all,236,2.335439049243866,1.615336488172206,1.1973623804057811,0.7203389830508474,0.8135593220338984,4.320317268625622,5.545067182575747,0.34039332729594846,0.06905568998623712,8.970630348524509e-17,1585.9416785390008
latest,INDPRO,1,dynamic_factor,expansion,222,2.0965761349325716,1.485313900262774,1.0840079394507605,0.7522522522522522,0.8378378378378378,4.367319724028873,5.605394180976945,0.3550053551634976,0.06742849857063736,2.7299309254343523e-14,1511.9161068780008
latest,INDPRO,1,dynamic_factor,high_volatility,94,3.1259818738866327,2.1032442109980636,1.5909954062509892,0.7021276595744681,0.8191489361702128,4.890091207587521,6.2763641161061905,0.416080091837907,0.0929590326645208,0.0071163388868285375,659.3811224160008
latest,INDPRO,1,dynamic_factor,normal_volatility,142,1.6112792112397862,1.2923553195410042,0.9367884055505028,0.7323943661971831,0.8098591549295775,3.943142971002957,5.060969212492212,0.2902908211907084,0.047432356847401755,2.2393203361286807e-16,926.5605561230001
latest,INDPRO,1,dynamic_factor,recession,14,4.716073122545433,3.6771232393074875,2.9948399441211113,0.21428571428571427,0.42857142857142855,3.574992618659805,4.5884533507853416,0.10868831396766944,0.04056680432840037,3.706025763095612e-07,74.02557166100007
latest,INDPRO,1,elastic_net,all,244,2.79735131140053,1.8992990914491357,1.434742088279671,0.7336065573770492,0.7991803278688525,4.745429996623029,6.090693461930818,0.36820870627519425,0.08200325646262838,1.3967350708193786e-10,16.14556324999898
latest,INDPRO,1,elastic_net,expansion,224,2.5281497392092236,1.7590136285931897,1.3169010062607198,0.75,0.8169642857142857,4.778839356961413,6.133573911695137,0.3856434846045453,0.0813317233959662,1.0630030424135654e-07,15.403700916999062
latest,INDPRO,1,elastic_net,high_volatility,102,3.7520856805679514,2.4517224871902052,1.9384249125655106,0.7352941176470589,0.7941176470588235,5.364604538926733,6.885395383418833,0.44125400120733005,0.09390361844641341,0.09858364341558515,6.8586909629995
latest,INDPRO,1,elastic_net,normal_volatility,142,1.8258155699389038,1.50248791986048,1.0729417497081526,0.7323943661971831,0.8028169014084507,4.300670818348536,5.519851236636613,0.31573955076056165,0.0674281232064948,9.970164842391701e-14,9.286872286999476
latest,INDPRO,1,elastic_net,recession,20,4.886907695193044,3.470496275435729,2.7545622068919213,0.55,0.6,4.37124516083313,5.610432424570451,0.1729391889864635,0.050480194763504634,3.4007707889611856e-07,0.7418623329999141
latest,INDPRO,1,hist_gradient_boosting,all,244,3.005742549394955,1.942071994236216,1.4910338686248092,0.7213114754098361,0.7950819672131147,4.9509859565876155,6.354521680302633,0.39791436961881205,0.0864550346177228,9.2485626556599e-09,77.43000263399915
latest,INDPRO,1,hist_gradient_boosting,expansion,224,2.526867444106845,1.676254275091978,1.2525612064955653,0.7633928571428571,0.84375,5.061130408693144,6.495890554100053,0.425371856926339,0.08101858855516299,1.612207312055436e-06,72.88368955099895
latest,INDPRO,1,hist_gradient_boosting,high_volatility,102,4.2548652629887735,2.925157430683004,2.273326623318015,0.6470588235294118,0.7352941176470589,5.679449042969847,7.289493929528432,0.4679788731281985,0.11589072314326358,0.021746594371929516,33.236083071998735
latest,INDPRO,1,hist_gradient_boosting,normal_volatility,142,1.5874054063868737,1.2359120328448612,0.9291052701832108,0.7746478873239436,0.8380281690140845,4.427723739608828,5.682921895647482,0.34758634597122445,0.0598809618808841,4.1689115958623295e-11,44.19391956200042
latest,INDPRO,1,hist_gradient_boosting,recession,20,6.22158301693331,4.919230448651682,4.161927684472338,0.25,0.25,3.717368093005689,4.771190293771515,0.09039051177450964,0.04637542384031627,9.479324121506168e-12,4.546313083000199
latest,INDPRO,1,mean,all,244,4.914548855094989,3.0128954064858267,2.491575793943536,0.8647540983606558,0.9016393442622951,12.144502004172354,15.587299571978967,0.3960054355863148,0.0457857421410315,1.5216392189891563e-16,0.0610824690009394
latest,INDPRO,1,mean,expansion,224,3.7217298342778458,2.380830201112566,1.971018748392962,0.9330357142857143,0.9642857142857143,12.485288798139406,16.02469468673244,0.42856215438178885,0.036365080691484516,2.347736740426196e-14,0.0558989260008398
latest,INDPRO,1,mean,high_volatility,102,7.058909459331245,4.75230728713851,3.822924271535088,0.7450980392156863,0.8137254901960784,13.42134480700981,17.226109567425056,0.40653388012456787,0.07139036501324648,0.0012947265326129515,0.025567849000931103
latest,INDPRO,1,mean,normal_volatility,142,2.3895373300923457,1.7634587034817868,1.5352550565186176,0.9507042253521126,0.9647887323943662,11.227333230303193,14.410126194968393,0.3884427500729218,0.02763177578067861,4.986390523185748e-16,0.035514620000008296
latest,INDPRO,1,mean,recession,20,11.812272699800246,10.092025706666345,8.321814704109968,0.1,0.2,8.327689911741363,10.688474286740089,0.03137018507700613,0.006311499027100242,9.762657047630362e-17,0.0051835430000996005
latest,INDPRO,1,naive_drift,all,244,2.402002139708533,1.6924308840751143,1.250345887500195,0.7049180327868853,0.8073770491803278,4.453027385430093,5.715398773459665,0.33003273810906925,0.06806581389761726,3.7829625585727285e-18,0.06818636300114861
latest,INDPRO,1,naive_drift,expansion,224,2.1536943789076575,1.535021868595027,1.1205713866521003,0.7455357142857143,0.8348214285714286,4.495354054311522,5.769724464831128,0.3503281611145203,0.06666749111849271,1.817043823023126e-14,0.0625368180011667
latest,INDPRO,1,naive_drift,high_volatility,102,3.1697164988266366,2.202128030326897,1.6564290807868185,0.6666666666666666,0.8137254901960784,4.993016111927414,6.408466800663532,0.3900305890348525,0.09294952741970446,0.0005876717198165272,0.028521655000696595
latest,INDPRO,1,naive_drift,normal_volatility,142,1.6422704364129306,1.3263103987393274,0.9586523261252963,0.7323943661971831,0.8028169014084507,4.065148159354553,5.217561176454069,0.2869356902609716,0.04624944912206206,2.647994596589131e-17,0.039664708000452
latest,INDPRO,1,naive_drift,recession,20,4.2940912956217865,3.4554118574520976,2.7038202969988543,0.25,0.5,3.9789686939580866,5.106951030099265,0.1027240004480181,0.02881528808855691,2.436946109244679e-11,0.0056495449999819005
latest,INDPRO,1,naive_last,all,244,2.3968555811892345,1.6864771339076048,1.2461063716633003,0.7049180327868853,0.8073770491803278,4.444974539346081,5.705063057406803,0.3313280698485219,0.06826536425927009,7.171826908248586e-18,0.0688911290022701
latest,INDPRO,1,naive_last,expansion,224,2.145192498053606,1.527220520782078,1.1146889059214993,0.7455357142857143,0.8348214285714286,4.48787852140929,5.760129722225195,0.3518293045233988,0.0667527811454844,3.127858249372672e-14,0.0631375590026444
latest,INDPRO,1,naive_last,high_volatility,102,3.1664409377356417,2.198840248720288,1.6536773603605666,0.6666666666666666,0.8137254901960784,4.986944888087364,6.400674469225743,0.39084899745043117,0.09297106681906461,0.0007023724355297604,0.0288351560016578
latest,INDPRO,1,naive_last,normal_volatility,142,1.6338672510720926,1.3184416570703248,0.9533441121765316,0.7323943661971831,0.8028169014084507,4.055671894475583,5.205398522156578,0.28857360072602367,0.046648780602271796,4.303793879411365e-17,0.040055973000612304
latest,INDPRO,1,naive_last,recession,20,4.306652284414208,3.4701512009135014,2.7179819879714744,0.25,0.5,3.9644499402381412,5.088316411440812,0.10171424148990112,0.029158725078633065,1.972056178361708e-11,0.005753569999625698
latest,INDPRO,1,random_forest,all,244,3.1241392677992565,1.9276220161748305,1.5114990956650156,0.7295081967213115,0.7991803278688525,5.323420598968358,6.832536368741654,0.3863249745571256,0.07421595666061163,4.279921690155231e-09,186.59052484400002
latest,INDPRO,1,random_forest,expansion,224,2.648991269167637,1.6369346272999976,1.2603560206537456,0.78125,0.8526785714285714,5.428470639671596,6.967366636292138,0.41574208148333475,0.0684181945461564,5.984160058138104e-07,175.71772771099995
latest,INDPRO,1,random_forest,high_volatility,102,4.407081782956496,2.8670653954171383,2.260202061628091,0.6764705882352942,0.7843137254901961,6.141539845337481,7.88258105351967,0.44749328183255815,0.09982148482764422,0.1365101902822892,80.40709898900133
latest,INDPRO,1,random_forest,normal_volatility,142,1.6792401457199484,1.2528105747472573,0.9736983736352011,0.7676056338028169,0.8098591549295775,4.73575747833702,6.078278919112375,0.34238717637336424,0.051749878867381985,1.0136564137485267e-10,106.18342585499869
latest,INDPRO,1,random_forest,recession,20,6.362615034242527,5.183320771572959,4.324301535791241,0.15,0.2,4.146860143092104,5.322437372176241,0.056853376983583614,0.02170249412016376,8.171083425154765e-14,10.872797133000063
latest,INDPRO,1,ridge,all,244,2.769692103281338,1.8860200605893114,1.4321689670347433,0.7131147540983607,0.7991803278688525,4.752634041565807,6.099939753513173,0.37028557701363135,0.08278037773512428,3.8110191682357297e-10,6.779696838002951
latest,INDPRO,1,ridge,expansion,224,2.4857515841818887,1.730536916834325,1.304218109532555,0.7366071428571429,0.8214285714285714,4.779186365445929,6.134019292263259,0.38893871192832874,0.08139873431789878,1.9727705274697144e-07,6.313241668002763
latest,INDPRO,1,ridge,high_volatility,102,3.700307544705087,2.4387984564136476,1.930203705084762,0.7156862745098039,0.7745098039215687,5.366018304913395,6.887209932418142,0.4341306568817911,0.09430318755205404,0.032270621141728136,2.7702802400015067
latest,INDPRO,1,ridge,normal_volatility,142,1.8292599832779584,1.4889538889408445,1.0744257044917722,0.7112676056338029,0.8169014084507042,4.31203407775275,5.534435822187071,0.32442502668579826,0.07004670244857482,1.9349094643588693e-11,4.009416598001444
latest,INDPRO,1,ridge,recession,20,4.938036910007945,3.6274312706451597,2.8652185710592506,0.45,0.55,4.4552480141084425,5.718248919512229,0.16137046596902044,0.05330869101302358,2.1874876532105044e-07,0.4664551700001869
latest,INDPRO,1,seasonal_naive,all,244,6.875692994748298,4.4429647673666155,3.537053626666497,0.8278688524590164,0.8811475409836066,15.35340185074303,19.705877936722974,0.4192201539327933,0.06390341976436485,8.215234867437828e-10,0.0649052219997534
latest,INDPRO,1,seasonal_naive,expansion,224,6.417052701116473,4.0375642667993406,3.2075725483124597,0.8839285714285714,0.9241071428571429,15.915540466281044,20.427375038733263,0.4495373562702781,0.056730691732680756,1.2697401225199572e-07,0.059738207999703294
latest,INDPRO,1,seasonal_naive,high_volatility,102,10.009143980024914,7.491551752053725,5.745385338247544,0.6568627450980392,0.7254901960784313,16.524086349801323,21.208435224360173,0.43689899442441105,0.10752338898837253,0.002982429207578405,0.0270511169997524
latest,INDPRO,1,seasonal_naive,normal_volatility,142,3.044824015875812,2.2531346797744645,1.95078718595335,0.9507042253521126,0.9929577464788732,14.512487633109613,18.62657622306808,0.406521268509237,0.032722626467219025,2.0351182511947475e-10,0.037854105000001
latest,INDPRO,1,seasonal_naive,recession,20,10.749741792072319,8.983450373720084,7.227241704231718,0.2,0.4,9.057449356717296,11.62511039420773,0.07966748775296394,0.01925161823474265,1.8059103702150483e-10,0.0051670140000501
latest,INDPRO,1,state_space,all,244,2.4191085586663776,1.670676864525654,1.240441979401643,0.7336065573770492,0.8073770491803278,4.334380255751627,5.563116831143848,0.327836144331237,0.06720503306168284,1.2386945778078332e-18,70.37482053499991
latest,INDPRO,1,state_space,expansion,224,2.2327303630703907,1.5499310725565507,1.1393789142660933,0.75,0.8303571428571429,4.36746902801849,5.6055858105730065,0.34439120399967366,0.06709510614406208,7.711257021302683e-15,65.76871559599994
latest,INDPRO,1,state_space,high_volatility,102,3.2372197158841858,2.1777913541097567,1.6633435747878842,0.7352941176470589,0.803921568627451,4.886856518223938,6.272212437254713,0.38858187723756527,0.08801835524602233,0.00034074044726041546,30.981234544999495
latest,INDPRO,1,state_space,normal_volatility,142,1.5900011193919454,1.3064115269370729,0.9366675939833574,0.7323943661971831,0.8098591549295775,3.9375311094686993,5.053766466190974,0.2842018854830293,0.04818598557412995,8.937549502843497e-17,39.39358599000042
latest,INDPRO,1,state_space,recession,20,3.944933621279515,3.023029734579608,2.3723483089198014,0.55,0.55,3.9637860063627706,5.087464261537273,0.1424194760447451,0.032612414008090056,1.5772823207661775e-07,4.606104938999977
latest,INDPRO,1,var,all,244,3.0273455049224562,1.70520885268159,1.313002542270384,0.7377049180327869,0.819672131147541,4.613067785112168,5.920808402657034,0.34025074164594066,0.06707639206193569,6.490025166572723e-15,1.1710122710006643
latest,INDPRO,1,var,expansion,224,2.9416342094421806,1.5721292238063198,1.2074443688365994,0.7767857142857143,0.8482142857142857,4.6857501755267235,6.0140952408172135,0.3599111137384862,0.06470317643900636,1.4837999601276278e-11,1.0804733460004057
latest,INDPRO,1,var,high_volatility,102,4.253017216744045,2.2227203528141977,1.776848743065655,0.7647058823529411,0.8333333333333334,5.4120413459107395,6.946279866038525,0.3994315614227701,0.07793993050649625,0.002835509688347025,0.4914979770008984
latest,INDPRO,1,var,normal_volatility,142,1.6598498600491498,1.3334752399102807,0.979817243107584,0.7183098591549296,0.8098591549295775,4.039157199186432,5.184202140228073,0.2977405753273731,0.05541686798544823,9.023817620563854e-15,0.6795142939997659
latest,INDPRO,1,var,recession,20,3.8593835553268563,3.195700696084619,2.495254084728775,0.3,0.5,3.799025012469143,4.875995815263012,0.12005457420942922,0.04286553212496342,2.022984317188072e-09,0.0905389250002587
latest,INDPRO,3,arima,all,242,3.857690996578661,2.351788778520441,1.8726357615123246,0.7768595041322314,0.8347107438016529,6.991085682043274,8.972961330315812,0.3900209123546536,0.06720943005760008,2.114382672499302e-10,236.29839561000085
latest,INDPRO,3,arima,expansion,222,3.5673380324469797,2.109992381229852,1.6736191668832279,0.8243243243243243,0.8828828828828829,7.164940300886424,9.196101317854978,0.4171204525095351,0.06217100834140797,1.0958281869840798e-08,219.15216041400055
latest,INDPRO,3,arima,high_volatility,103,5.467342648473837,3.4899864665597895,2.849113531235167,0.7184466019417476,0.7572815533980582,7.909089991176819,10.151207105228286,0.4525763757529351,0.09239305446025163,0.011365310999565763,97.89930022300041
latest,INDPRO,3,arima,normal_volatility,139,1.9388709300299056,1.5083761032107081,1.1490587091277717,0.8201438848920863,0.8920863309352518,6.3108378846277695,8.09987273451736,0.343666863937222,0.0439974922897417,1.7775690717503932e-10,138.39909538700044
latest,INDPRO,3,arima,recession,20,6.229930882808677,5.035728788445979,4.081719961895298,0.25,0.3,5.061299412884304,6.49610746863106,0.08921601663546876,0.025524979350069543,1.3462118426908433e-09,17.146235196000333
latest,INDPRO,3,autoreg,all,242,3.6567263230738307,2.2527085391836894,1.7843783867907825,0.7727272727272727,0.8347107438016529,6.269844989238026,8.047258922889414,0.4286243487766207,0.07867422121082132,0.000704718755197515,2.8011864449993906
latest,INDPRO,3,autoreg,expansion,222,3.381772083848535,2.0415138263004704,1.6043598697862433,0.8153153153153153,0.8738738738738738,6.406365397754705,8.222480970241158,0.4570769754758843,0.0728742079145336,0.005750140566605758,2.610886426999432
latest,INDPRO,3,autoreg,high_volatility,103,5.253253052139764,3.476081971501908,2.831066665632829,0.6699029126213593,0.7572815533980582,7.214815286417146,9.26011516876038,0.4921978112211837,0.10305266411263993,0.11023222182792382,1.2163598029995013
latest,INDPRO,3,autoreg,normal_volatility,139,1.6824996507196084,1.3461800245881756,1.008774842037324,0.8489208633093526,0.8920863309352518,5.569615200680835,7.148523719114523,0.38151595574216035,0.055973647881970075,5.669825226874183e-06,1.5848266419998893
latest,INDPRO,3,autoreg,recession,20,5.903650448810393,4.5969698521874225,3.782583925541169,0.3,0.4,4.754468454702877,6.102294197285053,0.11280019241479562,0.03582467744165174,2.9517329260645492e-08,0.1903000179999586
latest,INDPRO,3,bvar_niw,all,242,3.673874387241422,2.2874559580608347,1.8289649102794292,0.8016528925619835,0.8471074380165289,7.298929140354672,9.368074131509736,0.4191484484270377,0.0685354540106767,4.268654724938692e-08,32.48346036999888
latest,INDPRO,3,bvar_niw,expansion,222,3.3184579087706467,2.033739106906638,1.614254378898208,0.8513513513513513,0.8873873873873874,7.503385435523659,9.630490945396469,0.4456058021016032,0.06206469568586307,1.2339272434720525e-06,29.75864578699898
latest,INDPRO,3,bvar_niw,high_volatility,103,5.229774491644766,3.5284953239240227,2.8365571785236527,0.7087378640776699,0.7475728155339806,8.217026164106235,10.546438904346148,0.4480496481089295,0.09488533058717116,0.10728664409216357,13.623444647000353
latest,INDPRO,3,bvar_niw,normal_volatility,139,1.7977877735744265,1.36783685961545,1.08233179064522,0.8705035971223022,0.920863309352518,6.618612640740202,8.494897357393544,0.39773245154045594,0.04847069043550295,3.190645886583155e-08,18.86001572299852
latest,INDPRO,3,bvar_niw,recession,20,6.4095993131965745,5.1037130058724145,4.212251808610984,0.25,0.4,5.0294642639789044,6.455247497366983,0.1254718226393612,0.048443649064647265,3.947935129745856e-09,2.7248145829998967
latest,INDPRO,3,dynamic_factor,all,234,3.7007685758545024,2.292168452236942,1.8308619028877553,0.7521367521367521,0.8376068376068376,6.872481517997483,8.820734533792516,0.3913876146400642,0.06870991596070967,4.7755707186736393e-11,1571.1015975840005
latest,INDPRO,3,dynamic_factor,expansion,218,3.368956832219215,2.0637209050127425,1.6327351438912712,0.7935779816513762,0.8807339449541285,7.047828830206628,9.045790372525655,0.4141226359256563,0.06414538680885122,2.5489007921780383e-09,1486.5803985070002
latest,INDPRO,3,dynamic_factor,high_volatility,95,5.312632144163558,3.4661631196475664,2.8378695703587584,0.6842105263157895,0.7578947368421053,7.8666905935195794,10.096788067483649,0.4554269688209607,0.09639511918506226,0.026832923626103563,666.1429804550007
latest,INDPRO,3,dynamic_factor,normal_volatility,139,1.9406764298580903,1.4897979960929897,1.1426192524579328,0.7985611510791367,0.8920863309352518,6.192986106669432,7.9486116150827515,0.34761971070348024,0.04559708719415305,2.257605252995939e-10,904.9586171289998
latest,INDPRO,3,dynamic_factor,recession,16,6.75703020116735,5.404766283166662,4.5303389942148495,0.1875,0.25,4.483374389147888,5.754348731053536,0.08162294962387205,0.029461001213364132,1.266050598705805e-09,84.5211990770002
latest,INDPRO,3,elastic_net,all,242,4.002481395890323,2.7353383104544027,2.107521292771425,0.6983471074380165,0.7727272727272727,6.8843925097554886,8.836022126208213,0.4411602092381428,0.0941415428770468,0.006256526919727341,25.075603770000647
latest,INDPRO,3,elastic_net,expansion,222,3.692918256825061,2.5152900025468785,1.9258601697415492,0.7207207207207207,0.8018018018018018,6.954210694370687,8.925632796023654,0.46183046514662945,0.08940031646642434,0.08044985733799959,23.08291213100086
latest,INDPRO,3,elastic_net,high_volatility,103,5.4446728852646675,3.7965517516243716,3.0191293857098813,0.6407766990291263,0.7184466019417476,7.706430337900637,9.891096256246254,0.5260904587359574,0.10861853766638802,0.03827155778954237,9.537791591998907
latest,INDPRO,3,elastic_net,normal_volatility,139,2.4339117954262877,1.9489715159183831,1.4320131375724259,0.7410071942446043,0.8129496402877698,6.275256565158724,8.054204605388659,0.378226283351273,0.07475023504894261,3.530908662613624e-05,15.537812178001738
latest,INDPRO,3,elastic_net,recession,20,6.516318848334008,5.177874528227926,4.123959758403051,0.45,0.45,6.109410660526784,7.841343691256834,0.21172036865394053,0.09383881478593986,1.2707177275590963e-05,1.9926916389997866
latest,INDPRO,3,hist_gradient_boosting,all,242,3.88823334313502,2.4593165938729737,1.9610272339172714,0.7520661157024794,0.8016528925619835,6.672709780718819,8.564330284865108,0.4861390051664693,0.08892335308722198,0.023881301367916885,77.09023270400071
latest,INDPRO,3,hist_gradient_boosting,expansion,222,3.3896365672542044,2.118496313107372,1.6492951148195747,0.8063063063063063,0.8603603603603603,6.918521246766453,8.879825885935903,0.523547750269751,0.07672119814461881,0.008096641640817411,72.50388602200086
latest,INDPRO,3,hist_gradient_boosting,high_volatility,103,5.623870752118987,4.035257848846576,3.197543196859415,0.6504854368932039,0.7087378640776699,7.388298947378493,9.48277903701279,0.5384085027395709,0.11787876740614697,0.10158635985565188,33.68198479099965
latest,INDPRO,3,hist_gradient_boosting,normal_volatility,139,1.6984266397980932,1.291532786230664,1.0447600095788494,0.8273381294964028,0.8705035971223022,6.1424530601004985,7.8837531519786985,0.4474069314252501,0.06461567650916222,0.0014807242941626219,43.40824791300106
latest,INDPRO,3,hist_gradient_boosting,recession,20,7.442928051279797,6.242421710371149,5.421253755901708,0.15,0.15,3.944202507590076,5.0623291129793,0.07090193452004233,0.037686150137595374,1.8408441395460623e-14,4.5863466819998555
latest,INDPRO,3,mean,all,242,4.963029675722753,3.0469647323871945,2.554543149043694,0.859504132231405,0.9008264462809917,12.31805160106222,15.810048068079437,0.3968702586597439,0.045756742856366724,5.377324251436954e-17,0.06646093700244911
latest,INDPRO,3,mean,expansion,222,3.7563475007031473,2.404966293302912,2.008947943378203,0.9324324324324325,0.963963963963964,12.764384652705406,16.382910337973065,0.4300462383490658,0.0359902064367428,9.795216937912664e-15,0.0609875780023578
latest,INDPRO,3,mean,high_volatility,103,7.06520442194129,4.734794103407431,3.8736995385389283,0.7475728155339806,0.8155339805825242,13.388712258102833,17.184226144338986,0.4072267892644456,0.07074188751931036,0.000899269089328248,0.028201137000218493
latest,INDPRO,3,mean,normal_volatility,139,2.4279545363870816,1.7962710258038546,1.5770387740939873,0.9424460431654677,0.9640287769784173,11.524684351600476,14.7917722273979,0.3891959949742455,0.02748165684570064,8.660118569936454e-16,0.0382598000022306
latest,INDPRO,3,mean,recession,20,11.89203525223653,10.173147406222727,8.610649931930642,0.05,0.2,7.3637547278228395,9.451276872260134,0.028616884108270534,0.006157111526336225,6.919463294961073e-17,0.0054733590000913
latest,INDPRO,3,naive_drift,all,242,3.880703593999249,2.500224246132068,1.964077343493471,0.7396694214876033,0.8181818181818182,7.108573946136239,9.123755884755315,0.37735611463082586,0.07109649010809463,5.06650950400992e-13,0.0712040400020742
latest,INDPRO,3,naive_drift,expansion,222,3.5870666736917696,2.2661792834294965,1.7685552721904398,0.7837837837837838,0.8648648648648649,7.290601245997837,9.357385394820561,0.4035778192811542,0.06707304488792581,5.6624684357987494e-11,0.0654587340018533
latest,INDPRO,3,naive_drift,high_volatility,103,5.456735468807058,3.7375284187194024,2.992218849152884,0.6601941747572816,0.7281553398058253,8.022726675373626,10.297058210389574,0.4345472175460463,0.10315603319145783,0.0035390882418448255,0.0303331870007016
latest,INDPRO,3,naive_drift,normal_volatility,139,2.038411939115597,1.5833729527759854,1.2022170910983667,0.7985611510791367,0.8848920863309353,6.431180197132997,8.254330420436407,0.33497709592386393,0.04366523657975111,2.340484590244884e-11,0.0408708530013726
latest,INDPRO,3,naive_drift,recession,20,6.276948731942103,5.098123332130607,4.134372334957116,0.25,0.3,5.088070917672506,6.530468323031101,0.08629519301218012,0.02442840650055589,3.523502474842631e-10,0.0057453060002209
latest,INDPRO,3,naive_last,all,242,3.8591580586605527,2.4759001681195185,1.9483566023152223,0.7396694214876033,0.8264462809917356,7.072002867784593,9.076817413853703,0.3803290052673117,0.07124586726597731,2.2250087115291457e-12,0.07228951399982199
latest,INDPRO,3,naive_last,expansion,222,3.558434480740845,2.23765324340632,1.7490873945572927,0.7837837837837838,0.8738738738738738,7.256088486859379,9.313088748028301,0.4068930611874076,0.06695046570850642,2.0647841569027337e-10,0.0664377620002086
latest,INDPRO,3,naive_last,high_volatility,103,5.433613437213231,3.7111141575216258,2.9756332266138763,0.6601941747572816,0.7281553398058253,7.98849097465818,10.253117164233466,0.4362379968962093,0.10284253531028746,0.006015192235987219,0.0306123800007705
latest,INDPRO,3,naive_last,normal_volatility,139,2.0128051573384766,1.5605977155409796,1.1871372332306074,0.7985611510791367,0.8992805755395683,6.392878587151647,8.205170836234164,0.33890004024733733,0.04434625005866135,6.741875942532937e-11,0.0416771339990515
latest,INDPRO,3,naive_last,recession,20,6.29708345716627,5.120441032436027,4.1602448084282395,0.25,0.3,5.028652496054471,6.454205604515657,0.08546798455424745,0.02519402978652858,4.675889884218751e-10,0.0058517519996134
latest,INDPRO,3,random_forest,all,242,4.238840697145868,2.6853383830739093,2.1514809088645444,0.743801652892562,0.8016528925619835,7.505594132408301,9.633325777157607,0.4869967566312458,0.08556481181408951,0.06898080303458964,186.42436628299882
latest,INDPRO,3,random_forest,expansion,222,3.684046781869385,2.3096827325177314,1.8115701933069621,0.7972972972972973,0.8558558558558559,7.777212073662332,9.98194363056948,0.5253671471733445,0.0731432879198919,0.0041057829939103495,176.04111109499857
latest,INDPRO,3,random_forest,high_volatility,103,6.086978246469027,4.353721051548605,3.463543472556148,0.6019417475728155,0.6796116504854369,8.231450363971083,10.564952164445431,0.5550951088546142,0.1133936997983764,0.03520885321661749,82.14337517100051
latest,INDPRO,3,random_forest,normal_volatility,139,1.9562041508288837,1.4490548229811504,1.179233109870048,0.8489208633093526,0.8920863309352518,6.967729442832999,8.942983921829214,0.43653538771752676,0.05958962998451388,0.0003277230888081208,104.2809911119983
latest,INDPRO,3,random_forest,recession,20,8.170593298213706,6.855116104247495,5.924489851553707,0.15,0.2,4.490634984488545,5.763667604285793,0.06108542161394984,0.02639979082930241,1.2563296401789234e-13,10.383255188000248
latest,INDPRO,3,ridge,all,242,3.9982035237527884,2.697306333439679,2.1030783677073193,0.7024793388429752,0.7768595041322314,6.915839162598995,8.876383468175087,0.4414494038119243,0.09264987756234498,0.006840915807640525,6.841324742000796
latest,INDPRO,3,ridge,expansion,222,3.6524135213377686,2.4566912416763027,1.9037788487171865,0.7297297297297297,0.8063063063063063,6.992302309494513,8.974522854744187,0.46199714044187057,0.087607905793214,0.0508484946971971,6.275388257000561
latest,INDPRO,3,ridge,high_volatility,103,5.448878786946109,3.7608718380986597,3.0267004408120917,0.6407766990291263,0.7281553398058253,7.7367578750825095,9.930021228811766,0.5153895286108617,0.10792785334328045,0.024357812893514463,2.7561281530011237
latest,INDPRO,3,ridge,normal_volatility,139,2.4146196796184323,1.9091966429369822,1.4186677667735668,0.7482014388489209,0.8129496402877698,6.307532490758692,8.095630307415531,0.38665923939256786,0.07492457308361977,4.6841063646973706e-05,4.085196588999673
latest,INDPRO,3,ridge,recession,20,6.734297131659685,5.368133852013164,4.31530302849779,0.4,0.45,6.0670982320587425,7.787036277258079,0.21336952721952168,0.09648074765265836,1.94382872584767e-05,0.5659364850002351
latest,INDPRO,3,seasonal_naive,all,242,6.9343203964430495,4.515485006779359,3.61740722935337,0.8223140495867769,0.8760330578512396,15.530663063130833,19.933390239741378,0.41899706959030886,0.06440853645007724,1.236648252487999e-09,0.0667822670002503
latest,INDPRO,3,seasonal_naive,expansion,222,6.468452277804827,4.101646611713796,3.2688586839963762,0.8783783783783784,0.9234234234234234,16.182881731024743,20.770503837269434,0.4505512202943592,0.05679696516967309,2.281435652476682e-07,0.0614012749999965
latest,INDPRO,3,seasonal_naive,high_volatility,103,9.999911122855863,7.496713009754731,5.8029451867858475,0.6504854368932039,0.7281553398058253,16.41210722360651,21.06471157186233,0.437809426797426,0.10751023636649457,0.004270124090373381,0.0286678619993326
latest,INDPRO,3,seasonal_naive,normal_volatility,139,3.101061005887296,2.3063736088911373,1.997907879601247,0.9496402877697842,0.9856115107913669,14.877506598893463,19.09507299363736,0.4050569775591358,0.032557606125470026,2.05931333453055e-10,0.0381144050009177
latest,INDPRO,3,seasonal_naive,recession,20,10.834775549254303,9.10909119200713,7.4862960828160094,0.2,0.35,8.291035849508424,10.641429307179918,0.06874599677535023,0.015567063110163397,1.0411658902368952e-11,0.005380992000253801
latest,INDPRO,3,state_space,all,242,4.406724330225912,2.542935047787065,2.036128405099565,0.7892561983471075,0.8347107438016529,7.168921779729035,9.201211490625994,0.38571787138576297,0.06800855704775642,1.2412384513961144e-10,71.1721218450012
latest,INDPRO,3,state_space,expansion,222,4.2719978594579455,2.383018991393238,1.9047968876649979,0.8288288288288288,0.8648648648648649,7.341475464366987,9.422681747189538,0.40602367951261237,0.06452335983947309,2.7349675910457374e-09,66.28873961500109
latest,INDPRO,3,state_space,high_volatility,103,6.3473564928547415,3.8122241844965874,3.1770878493475623,0.7184466019417476,0.7572815533980582,8.255268290276334,10.595522141903187,0.44507646961808744,0.09011231971483341,0.018197289774193815,31.926139354000185
latest,INDPRO,3,state_space,normal_volatility,139,1.9886201933268783,1.602382665908785,1.1906692485704744,0.841726618705036,0.8920863309352518,6.363931199970964,8.168017267017712,0.34173272305533536,0.04758527988837689,3.9119442309042816e-10,39.245982491001016
latest,INDPRO,3,state_space,recession,20,5.691918341741517,4.31800327375854,3.4939082486232658,0.35,0.5,5.253575880247775,6.7428916427706485,0.16032340117773355,0.05383210750950753,2.3426366818819351e-07,4.883382230000109
latest,INDPRO,3,var,all,242,19.501968768236,3.534233446396253,3.5321236198457795,0.7851239669421488,0.8347107438016529,14.524220345650605,18.641634996585978,0.3893238869572658,0.06300882937480315,5.720848074247291e-16,1.2055617810004708
latest,INDPRO,3,var,expansion,222,20.282904847574425,3.428163458434024,3.502131885026083,0.8288288288288288,0.8783783783783784,15.415641611473509,19.785761804786144,0.4127132885085816,0.05723058011618298,1.1316189096599748e-13,1.1119466400004852
latest,INDPRO,3,var,high_volatility,103,29.789886126710023,6.086452246483854,6.249291095572115,0.7572815533980582,0.8252427184466019,21.354518438812214,27.408227690749094,0.43901326331709123,0.07131117934440845,2.8435520211756164e-05,0.5153341080014342
latest,INDPRO,3,var,normal_volatility,139,2.1340653979396627,1.6430209542450107,1.5186829723651136,0.8057553956834532,0.841726618705036,9.46292031978265,12.145526741198916,0.3525037015971073,0.05412051558392775,8.639358416562058e-13,0.6902276729990364
latest,INDPRO,3,var,recession,20,5.954491255501022,4.711610312776999,3.8650318763444154,0.3,0.35,4.629444295016377,5.94182742556408,0.12970152973766086,0.056191898683772036,5.142701843751272e-10,0.0936151409999855
latest,INDPRO,6,arima,all,239,4.996537990744786,3.0743754022127106,2.575667925336616,0.7782426778242678,0.8326359832635983,10.09396254927946,12.955460674295306,0.4187384386824659,0.06593113123167305,1.1324206541348932e-12,200.9552848569996
latest,INDPRO,6,arima,expansion,219,4.577024991029953,2.7053093582451493,2.2631512683885573,0.8356164383561644,0.8858447488584474,10.499079162922827,13.475422218727125,0.4501956998433266,0.05756015790495072,8.369731574357126e-11,186.3373441729994
latest,INDPRO,6,arima,high_volatility,104,7.105919379685189,4.9232373976595545,4.079699131787306,0.6346153846153846,0.6923076923076923,10.872073514655053,13.954155286341496,0.45964104691657515,0.10320576971555705,0.015465150537074411,85.71404661000034
latest,INDPRO,6,arima,normal_volatility,135,2.3019207413642113,1.6500669020166239,1.4170068477746032,0.8888888888888888,0.9407407407407408,9.494528916693822,12.186095936126389,0.38722828122804087,0.03547298783493083,3.3297606260048497e-12,115.24123824699927
latest,INDPRO,6,arima,recession,20,8.303201524448804,7.11564858365751,5.997725318917864,0.15,0.25,5.657935629884634,7.261881762766902,0.07428142897104138,0.02914572088466159,5.737445409126318e-13,14.617940684000217
latest,INDPRO,6,autoreg,all,239,4.557975230901468,2.943830837835482,2.3558231144858754,0.7907949790794979,0.8451882845188284,8.9638454895201,11.504971131305297,0.49124893357516913,0.07761881040474149,0.07859687493310474,2.5198884450010395
latest,INDPRO,6,autoreg,expansion,219,4.120679105612631,2.595033750467303,2.0475859910817857,0.8538812785388128,0.8995433789954338,9.319299248354326,11.961191091665265,0.5284309229545202,0.0641739726892381,0.00309823583654245,2.3481731810010693
latest,INDPRO,6,autoreg,high_volatility,104,6.558647925225469,4.80745122527722,3.834407688745343,0.6346153846153846,0.6923076923076923,9.772877573507118,12.54335256943389,0.518292552597796,0.1146266055068152,0.011241908991149685,1.1178467810002055
latest,INDPRO,6,autoreg,normal_volatility,135,1.9082827649437961,1.5081529097322173,1.2167653683896926,0.9111111111111111,0.9629629629629629,8.340591143337512,10.705032838228453,0.4704153307725529,0.048746866276481525,0.0008941689211022948,1.4020416640008337
latest,INDPRO,6,autoreg,recession,20,7.895058084946176,6.7631589445170475,5.731019615760654,0.1,0.25,5.071626830285328,6.509362565363665,0.08410614987127443,0.04554096476001495,2.0718026614362623e-12,0.1717152639999699
latest,INDPRO,6,bvar_niw,all,239,4.727654316639051,3.0249164624855265,2.4738728873819826,0.8117154811715481,0.8702928870292888,10.255217096761656,13.16242864532329,0.45491533797061656,0.06896299549159839,1.5589416679772182e-06,37.482902993999666
latest,INDPRO,6,bvar_niw,expansion,219,4.190553102594167,2.6480481903058943,2.1344820082446136,0.867579908675799,0.9178082191780822,10.738232250877752,13.782371884035475,0.4852877415985545,0.05869172360505627,1.842321690419545e-05,34.32021767299998
latest,INDPRO,6,bvar_niw,high_volatility,104,6.737162842274204,4.859443752298069,3.9194251644794282,0.6634615384615384,0.7307692307692307,10.988993882143525,14.104220953380176,0.45189978509869466,0.10168196908971042,0.0564103578164273,16.179637359999347
latest,INDPRO,6,bvar_niw,normal_volatility,135,2.1453260077039236,1.611650994778086,1.3602622442846906,0.9259259259259259,0.9777777777777777,9.689937202837843,12.436899756153547,0.4572384305534304,0.04431549118004769,3.0285766183797602e-06,21.30326563400031
latest,INDPRO,6,bvar_niw,recession,20,8.648756944657068,7.151624042852491,6.190203013936169,0.2,0.35,4.966201159190392,6.374050181424899,0.12233751824469578,0.06337964747667936,2.379413765806844e-10,3.162685320999685
latest,INDPRO,6,dynamic_factor,all,231,4.731287299247454,2.964649705413818,2.4601946321401797,0.7878787878787878,0.8528138528138528,9.73359481515587,12.492933694932145,0.4098550808010132,0.06567014389597008,2.808251154363562e-12,1391.6783588159985
latest,INDPRO,6,dynamic_factor,expansion,212,4.206896690237592,2.574183635681771,2.1178642688978675,0.8443396226415094,0.9056603773584906,10.135837712451913,13.009206864363062,0.44020969704794616,0.05791247089612523,1.2868171401680098e-10,1303.6408948859985
latest,INDPRO,6,dynamic_factor,high_volatility,96,6.811374362673193,4.80177435722303,3.9432089149764966,0.6458333333333334,0.6979166666666666,10.658435253643377,13.679953546880995,0.4357870182623367,0.10163986516007938,0.006290866444890973,601.7910925939988
latest,INDPRO,6,dynamic_factor,normal_volatility,135,2.3046660854600947,1.6582499530161554,1.4056066976787986,0.8888888888888888,0.9629629629629629,9.07593050334253,11.648830689101853,0.3914145919396276,0.039834942234048064,5.694029791934824e-12,789.8872662219998
latest,INDPRO,6,dynamic_factor,recession,19,8.641946834567385,7.3214290097924435,6.279880790422821,0.15789473684210525,0.2631578947368421,5.2454109084842395,6.732412014966129,0.0711614679404971,0.02831724746129562,7.483464772044588e-13,88.03746392999992
latest,INDPRO,6,elastic_net,all,239,5.356968821210974,4.108671368861986,3.059951621748627,0.6903765690376569,0.7656903765690377,10.507193085618898,13.485836325762895,0.5119681444586809,0.1053043416191176,0.030194188110680642,33.69869476499849
latest,INDPRO,6,elastic_net,expansion,219,4.80699218408572,3.727126881562912,2.72597934695285,0.730593607305936,0.8082191780821918,10.732703778257765,13.775276166246995,0.5287949688886215,0.09545745318180708,0.0584675276542147,30.994431359998284
latest,INDPRO,6,elastic_net,high_volatility,104,6.9777068558082815,5.5619315877125635,4.240146979416746,0.5576923076923077,0.625,11.071873930522749,14.21059634383943,0.5767594539629604,0.12668426191233612,0.00030283435920437857,13.536849321999695
latest,INDPRO,6,elastic_net,normal_volatility,135,3.6464265663078006,2.9891227558215405,2.1507640869524454,0.7925925925925926,0.8740740740740741,10.072179693989263,12.927502682207635,0.46205483935908787,0.08388836314176892,0.32689210970251165,20.16184544299879
latest,INDPRO,6,elastic_net,recession,20,9.481928597388109,8.286583504786837,6.7169480307623814,0.25,0.3,8.037851001223324,10.316470072462014,0.3277144169508325,0.18482693090729385,9.232216073974784e-06,2.7042634050002046
latest,INDPRO,6,hist_gradient_boosting,all,239,4.8753043479223725,3.26479130339882,2.596334104168914,0.7405857740585774,0.8117154811715481,8.700362588802662,11.166794489384065,0.5681503155220728,0.09299218089562136,1.480067478036974e-06,73.00875129999967
latest,INDPRO,6,hist_gradient_boosting,expansion,219,4.123163884357482,2.818312715567819,2.1559745226046543,0.7945205479452054,0.867579908675799,9.17697225318626,11.778516371030193,0.6064917708677691,0.07428089830631769,3.4534820427378776e-10,68.84311139899962
latest,INDPRO,6,hist_gradient_boosting,high_volatility,104,6.64781231402634,4.68040699448451,3.8221959884878824,0.6730769230769231,0.7211538461538461,9.260787651912358,11.886092270662774,0.5372200619399202,0.10458515839280909,0.05913365332740247,32.74022363499989
latest,INDPRO,6,hist_gradient_boosting,normal_volatility,135,2.834416934465586,2.1742429191550294,1.6519664303231902,0.7925925925925926,0.8814814814814815,8.268627725370006,10.612668791213794,0.5919780664298051,0.08346063527155201,2.0337997383293184e-06,40.26852766499978
latest,INDPRO,6,hist_gradient_boosting,recession,20,9.89340283345931,8.153731840148287,7.418271522297556,0.15,0.2,3.481486763802259,4.468439885358945,0.1483113794866979,0.11008757167297983,5.791971234665666e-12,4.1656399010000476
latest,INDPRO,6,mean,all,239,5.03183955372522,3.0983495701531205,2.6481202282563467,0.8577405857740585,0.895397489539749,12.582804419241754,16.149854631417504,0.3978065230656807,0.04600284727084152,2.7388645016061076e-17,0.061942580998570196
latest,INDPRO,6,mean,expansion,219,3.8095453151062233,2.443460375205119,2.0711649929868283,0.9269406392694064,0.958904109589041,13.166630331054245,16.899187076846605,0.43155603851741414,0.036014923073983726,5.822960649581009e-15,0.0568951569987446
latest,INDPRO,6,mean,high_volatility,104,7.0837104780903895,4.729194521033502,3.964057289045179,0.7403846153846154,0.8076923076923077,13.411126499816586,17.21299451212805,0.4065527432380468,0.07018812894494737,0.0007436232365705439,0.0268079179992868
latest,INDPRO,6,mean,normal_volatility,135,2.4836168236088594,1.8419949413267525,1.6343613073523573,0.9481481481481482,0.9629629629629629,11.944689631243367,15.330843167759014,0.3910686941921542,0.027650865457542785,1.9533061814851786e-15,0.0351346629992834
latest,INDPRO,6,mean,recession,20,11.98555723600487,10.26938625483374,8.965780054457566,0.1,0.2,6.189910684894997,7.944664353968887,0.02824932886919949,0.006132973682507793,8.357809728928522e-17,0.0050474239998256
latest,INDPRO,6,naive_drift,all,239,5.145610574891893,3.3617137477969066,2.737296507476379,0.7489539748953975,0.8284518828451883,10.293573934756562,13.211659113913532,0.396442685509375,0.0708252434630903,7.15349938205545e-14,0.0603447690001912
latest,INDPRO,6,naive_drift,expansion,219,4.7405870094412395,3.0127881049047547,2.4339232783787863,0.8036529680365296,0.8812785388127854,10.714121927217287,13.751426618635216,0.42588504289907564,0.06439007344268408,6.762811639334622e-12,0.0554682830002768
latest,INDPRO,6,naive_drift,high_volatility,104,7.259563806246915,5.383607362321385,4.320016492531224,0.5961538461538461,0.6730769230769231,11.101406796171094,14.248501366533786,0.4275629034981963,0.11329864029550799,0.0007381256799728022,0.026348526000371103
latest,INDPRO,6,naive_drift,normal_volatility,135,2.505024469034164,1.8041068151261976,1.518015926397091,0.8666666666666667,0.9481481481481482,9.671243434111293,12.412906563746814,0.37246859165132,0.037375635121923934,3.7322400795603415e-13,0.0339962429998201
latest,INDPRO,6,naive_drift,recession,20,8.385861552436946,7.1824495374659705,6.0592333660950235,0.15,0.25,5.688573417311654,7.301204937211064,0.07404887209215265,0.02898820197995902,5.397774153311247e-13,0.004876485999914399
latest,INDPRO,6,naive_last,all,239,5.087473249905245,3.301706121016188,2.6988878554062596,0.7531380753138075,0.8242677824267782,10.187860024766081,13.07597677935747,0.40097947925787036,0.0707897603786025,2.8229749421136775e-13,0.0643110919988345
latest,INDPRO,6,naive_last,expansion,219,4.670915020482053,2.9484543647646113,2.3905663851668355,0.8082191780821918,0.8767123287671232,10.61415874237757,13.623125259902649,0.4307290531171393,0.0639633633848522,2.464344357579856e-11,0.059087954998862394
latest,INDPRO,6,naive_last,high_volatility,104,7.187489585262019,5.301089595271042,4.268763047687719,0.6057692307692307,0.6634615384615384,11.002666347853458,14.121769373137123,0.43004793379893547,0.11246747519018596,0.0013906881478981993,0.0278239449991515
latest,INDPRO,6,naive_last,normal_volatility,135,2.454397583769523,1.7614403334420778,1.4895025220931344,0.8666666666666667,0.9481481481481482,9.560157375869139,12.270329151556847,0.3785860031669757,0.038121175158481395,1.7645323761447381e-12,0.036487146999683
latest,INDPRO,6,naive_last,recession,20,8.390080068795946,7.169812851970948,6.075007954527949,0.15,0.25,5.519889066920267,7.084700917387783,0.0752216454988747,0.030934910125767212,4.589469541971534e-13,0.0052231369999721
latest,INDPRO,6,random_forest,all,239,5.14612528510548,3.330554070279616,2.6977006075833594,0.7154811715481172,0.7782426778242678,9.031378349173819,11.591648618287744,0.549314609956728,0.08771625843372041,1.1892448630185549e-06,183.92293561200034
latest,INDPRO,6,random_forest,expansion,219,4.391085056444717,2.8635137730122318,2.239982176607718,0.771689497716895,0.8310502283105022,9.531559918323426,12.233624712164533,0.5918575592047624,0.06962034319767237,3.123354176606588e-11,173.80631658000024
latest,INDPRO,6,random_forest,high_volatility,104,6.9986861451979685,5.04715834206697,4.0679136946774,0.6057692307692307,0.6730769230769231,9.667753295070774,12.408427018784515,0.5623321554560697,0.11230656451176237,0.008146974103473002,82.02531781300004
latest,INDPRO,6,random_forest,normal_volatility,135,3.024903421312175,2.008133001643433,1.6421290441923948,0.8,0.8592592592592593,8.54113394640876,10.962426739386524,0.5392862786090868,0.06923651704827939,8.36092502305526e-05,101.8976177990003
latest,INDPRO,6,random_forest,recession,20,10.26320168485044,8.444645325357481,7.709717426766628,0.1,0.2,3.554390166985648,4.562010390336905,0.08346931569075002,0.05066469853210045,4.402525142318864e-14,10.116619032000102
latest,INDPRO,6,ridge,all,239,5.317041092896823,4.079985671276256,3.0374981365894675,0.6652719665271967,0.7740585774058577,10.331636765334014,13.260512228068757,0.510744097431127,0.10642155081786096,0.031140801361393078,6.187112929999021
latest,INDPRO,6,ridge,expansion,219,4.792392609205931,3.7150229529769523,2.7122344190201124,0.7077625570776256,0.817351598173516,10.585029387426735,13.585738137581682,0.527413237200851,0.09660986924989429,0.13085883465569814,5.717313554999383
latest,INDPRO,6,ridge,high_volatility,104,6.9160041235496585,5.502521359952464,4.212440106055416,0.5192307692307693,0.625,10.835580608276375,13.90731714808097,0.5741293261530636,0.12767988368782487,0.000983913727642669,2.5662763549987733
latest,INDPRO,6,ridge,normal_volatility,135,3.6335020900929846,2.9841063259256977,2.1323576564082924,0.7777777777777778,0.8888888888888888,9.94341336040064,12.76223288228157,0.46191399530459804,0.08535500340271204,0.3521261254888968,3.620836575000248
latest,INDPRO,6,ridge,recession,20,9.292395854730595,8.07632743665364,6.599135843973909,0.2,0.3,7.556987553418741,9.699288518902254,0.32821701695264976,0.1863265004046799,1.0138735773316716e-05,0.4697993749996376
latest,INDPRO,6,seasonal_naive,all,239,7.02891412286139,4.616833268141558,3.729042719974244,0.8242677824267782,0.8577405857740585,15.843716039084061,20.335189384441264,0.4201636088238349,0.06505021007355168,1.91142040157559e-09,0.055661599001420606
latest,INDPRO,6,seasonal_naive,expansion,219,6.558259145212454,4.198465077507411,3.360098269477931,0.8767123287671232,0.9041095890410958,16.614369424516006,21.3243122962544,0.45225494423599966,0.057282507438599986,2.382626156149475e-07,0.0511252500014442
latest,INDPRO,6,seasonal_naive,high_volatility,104,10.020487005856872,7.51304869095161,5.888235560705476,0.6634615384615384,0.6923076923076923,16.35860206401589,20.996038442993065,0.4401912556934888,0.10787076811206153,0.006393931799491466,0.0243069710007212
latest,INDPRO,6,seasonal_naive,normal_volatility,135,3.1801349175142275,2.385674720198997,2.0656645315590723,0.9481481481481482,0.9851851851851852,15.447063101358802,19.826090850445798,0.4047349030872126,0.03207022180445807,1.9021881364324017e-10,0.03135462800069941
latest,INDPRO,6,seasonal_naive,recession,20,10.928379031164367,9.197964955585451,7.768984452908863,0.25,0.35,7.4050614686042975,9.504293500087401,0.06876348606063071,0.015746550855852887,2.968381342136231e-11,0.004536348999976399
latest,INDPRO,6,state_space,all,239,6.6769292015283925,3.8706546159472826,3.1927607809747784,0.7698744769874477,0.803347280334728,11.44183406137463,14.685435031115011,0.4135421217069451,0.07099430197831254,2.0193155823978466e-09,58.677864533000076
latest,INDPRO,6,state_space,expansion,219,6.60303713341559,3.658772594482825,3.0199899661666807,0.8127853881278538,0.8447488584474886,11.899442035528576,15.27276850738381,0.44128707557613445,0.06538719300338416,1.51120897044005e-07,54.69456496900003
latest,INDPRO,6,state_space,high_volatility,104,9.683397265360519,6.267445762960465,5.247077292030354,0.5961538461538461,0.6442307692307693,12.457546812188149,15.989088233244653,0.44047336702962103,0.11045187615873979,0.009532443268034286,26.46701677400077
latest,INDPRO,6,state_space,normal_volatility,135,2.586374097281353,2.0242377323223124,1.610176209494929,0.9037037037037037,0.9259259259259259,10.659359053340513,13.681139230955878,0.39279508827318005,0.0401982159897456,1.442197776967656e-08,32.21084775899931
latest,INDPRO,6,state_space,recession,20,7.4381748634934715,6.190762750983098,5.084601203123452,0.3,0.35,6.431026744388933,8.254133465971659,0.10973487683932182,0.033035610291577214,1.757181204465312e-08,3.983299564000048
latest,INDPRO,6,var,all,239,269.366466301165,20.922946472304382,30.74005961194049,0.7740585774058577,0.8577405857740585,131.87409788870082,169.25857222218346,0.3950998988077597,0.06262264143249523,4.091057420551785e-23,1.0538451259987012
latest,INDPRO,6,var,expansion,219,281.3872546361926,22.229100946607254,33.0300426512185,0.8264840182648402,0.9041095890410958,143.49035487504682,184.16787665385655,0.41650662851762754,0.054075652723799605,4.086340466197227e-21,0.9734028549987207
latest,INDPRO,6,var,high_volatility,104,408.3310589348362,45.30181605433507,61.84357218253218,0.6634615384615384,0.7884615384615384,216.3595946908757,277.69453342425976,0.4005387632450226,0.08103492980151572,3.5450275747136466e-10,0.45874169399932363
latest,INDPRO,6,var,normal_volatility,135,2.81488530517585,2.1421876831844346,6.7788351131143125,0.8592592592592593,0.9111111111111111,66.7889744262846,85.72272062947287,0.39090995879683127,0.04889660026955774,9.21717512451306e-14,0.5951034319993773
latest,INDPRO,6,var,recession,20,7.992804107293746,6.6205549786878946,5.6647453318463015,0.2,0.35,4.676083888211982,6.001688695363812,0.16069620848470673,0.10086517039839023,4.486431954065444e-10,0.08044227099998029
latest,INDPRO,12,arima,all,235,6.901644375319854,4.289170037629456,3.6310086732051126,0.8085106382978723,0.8638297872340426,14.765339682222699,18.95110831467303,0.43446987986930125,0.06535377581521903,2.3100454608617166e-09,225.4175475260002
latest,INDPRO,12,arima,expansion,215,6.426286142075176,3.8588662531196216,3.2448697304816805,0.8558139534883721,0.9116279069767442,15.519588609572326,19.919176332480866,0.46744984711635773,0.05701182825386689,1.4168138402238457e-07,209.30907943100033
latest,INDPRO,12,arima,high_volatility,104,9.787817907172458,6.832499342213467,5.68492756760024,0.6442307692307693,0.7115384615384616,14.608081164093116,18.749269191793463,0.46729838516535094,0.10471782629869679,0.011099324381852635,96.92233573100063
latest,INDPRO,12,arima,normal_volatility,131,3.0646219256287615,2.270038375974975,2.0004165738379887,0.9389312977099237,0.9847328244274809,14.890186139363742,19.11134700764612,0.40840755505411674,0.0331214188266397,2.456132757654041e-10,128.4952117949996
latest,INDPRO,12,arima,recession,20,10.758241782309,8.914935721110185,7.782002307482001,0.3,0.35,6.6571637132142145,8.544377123238784,0.07993523196344315,0.018131849557972823,7.279191304847386e-11,16.108468094999893
latest,INDPRO,12,autoreg,all,235,6.167738129690593,3.988704815350388,3.2038119401408376,0.851063829787234,0.8765957446808511,13.06995150091101,16.775101141730175,0.5342184937773341,0.06574770849558884,9.572648362613682e-05,2.7111635910017515
latest,INDPRO,12,autoreg,expansion,215,5.660379490043872,3.5888336334443194,2.8043829035825767,0.8976744186046511,0.9255813953488372,13.826089674292552,17.745593980568504,0.572471424996448,0.05067690205772992,2.4595416930339157e-08,2.524388240002043
latest,INDPRO,12,autoreg,high_volatility,104,8.758080326108612,6.293063303197018,5.0683127605855045,0.6923076923076923,0.7403846153846154,12.88425444835811,16.536761555077614,0.5168110396117562,0.10803905348674772,0.04464696006133823,1.216137704999676
latest,INDPRO,12,autoreg,normal_volatility,131,2.7104836343633596,2.159290443319475,1.7235975483374382,0.9770992366412213,0.9847328244274809,13.217375115151484,16.9643173021261,0.5480381520461899,0.032310834522126866,2.825293660626537e-06,1.4950258860020758
latest,INDPRO,12,autoreg,recession,20,10.126835316948016,8.287320020840626,7.4976740831421465,0.35,0.35,4.941466137059444,6.342303124218095,0.12299948317185982,0.044393610703842755,1.9330576333353115e-08,0.1867753509997089
latest,INDPRO,12,bvar_niw,all,235,6.364482398138159,4.107480356475149,3.3563394647901648,0.8468085106382979,0.8723404255319149,14.306167241494087,18.36176686729423,0.5056118968500889,0.0658571818891266,0.014938108560434225,84.05996010700102
latest,INDPRO,12,bvar_niw,expansion,215,5.895682498647071,3.748184365339523,3.006999668242776,0.8883720930232558,0.9162790697674419,15.092619848867473,19.37116786093574,0.5375382794078141,0.05488200707821992,6.741481556883053e-05,76.86735443500083
latest,INDPRO,12,bvar_niw,high_volatility,104,9.061857963662787,6.47441940429136,5.269650202577248,0.6634615384615384,0.7211538461538461,13.947943045772364,17.901991089684955,0.4940845874822576,0.10686031133626314,0.047921542781520596,37.11335684200051
latest,INDPRO,12,bvar_niw,normal_volatility,131,2.7335398459838913,2.228383707827164,1.8373752149439302,0.9923664122137404,0.9923664122137404,14.590558969395305,18.72677969837335,0.5147633485619549,0.033685984345264396,0.00014605663810128797,46.946603265000505
latest,INDPRO,12,bvar_niw,recession,20,10.113997724109838,7.969912261183117,7.111742277674589,0.4,0.4,5.851801712230193,7.510706185647969,0.1624032843545431,0.05741262233165432,7.368973730214115e-07,7.192605672000184
latest,INDPRO,12,dynamic_factor,all,227,6.023803704842213,3.8587006200530243,3.188545216777702,0.8061674008810573,0.8590308370044053,12.881690142010745,16.533470303512342,0.41518575100476424,0.06479631288762679,1.3589308106408346e-08,1499.1931879859994
latest,INDPRO,12,dynamic_factor,expansion,207,5.3077497629376404,3.3326886366275774,2.7069366030301905,0.8599033816425121,0.9130434782608695,13.536309376341949,17.3736649947063,0.4490637000848842,0.056705863791420834,5.43720644365673e-07,1396.8163002349997
latest,INDPRO,12,dynamic_factor,high_volatility,96,8.640891631779773,6.149818114493622,5.060886449816387,0.625,0.6979166666666666,13.15464964376478,16.883810031184712,0.4163349707955111,0.10087296730038527,0.0005294209159026715,650.0777806019994
latest,INDPRO,12,dynamic_factor,normal_volatility,131,2.85679734130594,2.1797137538980826,1.8164478246272158,0.9389312977099237,0.9770992366412213,12.681658751412368,16.276732793157024,0.41434357466956034,0.03892934706223457,2.311553813727512e-08,849.1154073840003
latest,INDPRO,12,dynamic_factor,recession,20,10.966592341949706,9.302924648506396,8.173194369064445,0.25,0.3,6.1063810666827845,7.837455249654896,0.06454897802552194,0.014003091865939921,1.0080543785901658e-10,102.37688775099983
latest,INDPRO,12,elastic_net,all,235,8.792633959620847,7.040375423411642,5.188479330800334,0.6553191489361702,0.7531914893617021,16.894805959284444,21.684248691905832,0.5936268081668092,0.10881015242635579,1.4557063599951747e-10,40.411900027997035
latest,INDPRO,12,elastic_net,expansion,215,8.79844276340427,7.04612386414375,5.155993171330973,0.6883720930232559,0.786046511627907,17.649669394032127,22.65310542142037,0.5989223336038304,0.10136933427470038,2.5252060878732375e-09,37.21698839999701
latest,INDPRO,12,elastic_net,high_volatility,104,11.46727499159901,9.627036078785897,7.240724878903089,0.4326923076923077,0.625,15.746617414439088,20.210564648914985,0.6352639366927976,0.136682219202363,5.4300569173551845e-12,18.4228100719979
latest,INDPRO,12,elastic_net,normal_volatility,131,5.85584698440502,4.986843300061088,3.559215689558451,0.8320610687022901,0.8549618320610687,17.806344956718927,22.85419632908941,0.5605713778866352,0.08507591375496434,0.01730496567453702,21.98908995599913
latest,INDPRO,12,elastic_net,recession,20,8.729945216487831,6.978579685541481,5.537705545095963,0.3,0.4,8.780024035746855,11.269038849624593,0.536699909718831,0.19461555478250558,0.04478189633915852,3.1949116280000274
latest,INDPRO,12,hist_gradient_boosting,all,235,6.5516812961678275,4.875471910031639,3.779542064302393,0.6,0.6978723404255319,11.10898740687408,14.258230975036911,0.6154357098208059,0.10653849019153495,3.1838932739994796e-09,71.4884621559979
latest,INDPRO,12,hist_gradient_boosting,expansion,215,5.948753734567413,4.51233434909124,3.3618299946543795,0.6511627906976745,0.7534883720930232,11.911990518965759,15.288874311511655,0.6673925363932575,0.08069295537423146,5.002304844585072e-12,67.32887353399806
latest,INDPRO,12,hist_gradient_boosting,high_volatility,104,8.169159548043197,6.183467007472073,5.017122028640852,0.5769230769230769,0.625,10.920054040715137,14.015737624840245,0.5185185217892252,0.12849910890649494,0.004410996254322275,31.751703116998527
latest,INDPRO,12,hist_gradient_boosting,normal_volatility,131,4.901165612659996,3.837063588399538,2.797035833071861,0.6183206106870229,0.7557251908396947,11.258980308252177,14.450744779773194,0.6923775995558012,0.0764785035587427,2.6924456460604996e-11,39.73675903899937
latest,INDPRO,12,hist_gradient_boosting,recession,20,11.133092047397732,8.779200690140922,8.269946813018537,0.05,0.1,2.4767039518885468,3.1788151079334357,0.056899824166950254,0.04431960529277613,7.22315511161222e-18,4.15958862199983
latest,INDPRO,12,mean,all,235,5.11690998336327,3.161006294899611,2.7801174851391797,0.8638297872340426,0.8936170212765957,13.088390790173996,16.79876771328146,0.39914973382725594,0.044747840645600466,6.9127644560452685e-18,0.061527821999975904
latest,INDPRO,12,mean,expansion,215,3.8690858522272027,2.4882670125820816,2.1762413850669065,0.9255813953488372,0.9441860465116279,13.743304734425474,17.639340660563036,0.43096343258232406,0.03592625183398552,1.7390843217800333e-15,0.056318093999908996
latest,INDPRO,12,mean,high_volatility,104,7.145388259647535,4.769854040413498,4.128204586155806,0.7307692307692307,0.7788461538461539,13.143616501545601,16.869649146454194,0.40059535857096495,0.07070487758983357,0.0002818414796661036,0.027253503000106295
latest,INDPRO,12,mean,normal_volatility,131,2.536853247263327,1.883753122888585,1.7098803973091863,0.9694656488549618,0.9847328244274809,13.044547477329363,16.742495430457314,0.39800206227499846,0.024523095617347352,4.1781327472471385e-16,0.03427431899986959
latest,INDPRO,12,mean,recession,20,12.112881534617442,10.39295357981305,9.271785560916111,0.2,0.35,6.048065889470608,7.76260853000456,0.05715247221027333,0.011891069600236384,3.948775758873513e-12,0.005209728000066902
latest,INDPRO,12,naive_drift,all,235,7.310575133041382,4.873343070406682,3.9405383010155703,0.7914893617021277,0.8425531914893617,15.052131201050306,19.319201244060572,0.40563425242196594,0.07163514370262161,6.698506665487071e-10,0.0671487009991717
latest,INDPRO,12,naive_drift,expansion,215,6.872265475159682,4.461213448640041,3.560813607985321,0.8465116279069768,0.8883720930232558,15.830182166681126,20.317818847268065,0.4375828802911772,0.06522827978436606,1.4715513144008155e-07,0.06154690099906519
latest,INDPRO,12,naive_drift,high_volatility,104,10.338894955067776,7.862110899840335,6.22737826430136,0.6057692307692307,0.6634615384615384,14.953847855965735,19.193055936312007,0.4306344069837815,0.11885083073915871,0.0007091017348676001,0.0299155150007043
latest,INDPRO,12,naive_drift,normal_volatility,131,3.318481301640024,2.500580824138744,2.125031765277233,0.9389312977099237,0.9847328244274809,15.130157673483863,19.41934713723501,0.38578680147212774,0.03387987357730899,2.4713113399797997e-10,0.037233185998467394
latest,INDPRO,12,naive_drift,recession,20,10.966842113144262,9.303736504398067,8.02257875109075,0.2,0.35,6.688083320518996,8.584062009580107,0.06218650282794554,0.01185215429732802,2.35271599295591e-12,0.0056018000001064995
latest,INDPRO,12,naive_last,all,235,7.145570696372249,4.72565464184117,3.8452045325421635,0.8042553191489362,0.8425531914893617,14.748797374504608,18.92987649257565,0.41180574643292595,0.07100898500247255,3.513603522947472e-09,0.0686842769984127
latest,INDPRO,12,naive_last,expansion,215,6.697148666315991,4.3144128404589335,3.461963696775086,0.8511627906976744,0.8883720930232558,15.530794317631491,19.933558703069156,0.44379314861966346,0.06429497043960256,6.07876211247512e-07,0.0630231069986735
latest,INDPRO,12,naive_last,high_volatility,104,10.122417621156881,7.668462727278047,6.099457672708295,0.6057692307692307,0.6634615384615384,14.64623128164294,18.798234337564853,0.43393671055853744,0.11826014367776543,0.0004135370596466835,0.0305747849993965
latest,INDPRO,12,naive_last,normal_volatility,131,3.2015266299534897,2.389379520578305,2.0555684517995867,0.9618320610687023,0.9847328244274809,14.830223890974938,19.034386295026984,0.3942361260583947,0.03341486170607337,4.599216363098072e-10,0.0381094919990162
latest,INDPRO,12,naive_last,recession,20,10.853041923654303,9.146504006700205,7.965043517038251,0.3,0.35,6.342330235890624,8.140292729770476,0.06794117292549798,0.014322906843350705,2.5048111261903297e-11,0.0056611699997392
latest,INDPRO,12,random_forest,all,235,6.271085841957813,4.684328376589977,3.6374492977858037,0.6212765957446809,0.7276595744680852,10.34506365920457,13.277745459782139,0.5555213833409539,0.11141361271789556,0.00028308376957919014,170.19781526200194
latest,INDPRO,12,random_forest,expansion,215,5.589633131731117,4.232563669766265,3.1375044635744676,0.6790697674418604,0.7953488372093023,11.081927394008241,14.223499824528098,0.6070418553254013,0.09048816775887919,1.2083781989955316e-05,160.72480433800197
latest,INDPRO,12,random_forest,high_volatility,104,7.694163235647235,5.858924850202657,4.716665023610092,0.5961538461538461,0.6634615384615384,10.540329402791249,13.528366328417603,0.4950322314508492,0.12262791522615847,0.007131651020979758,74.89682826800191
latest,INDPRO,12,random_forest,normal_volatility,131,4.852729037409038,3.751824305935635,2.7806673475130856,0.6412213740458015,0.7786259541984732,10.19004352689148,13.078779273995206,0.603543305452182,0.09813446809725106,0.00013840230544003265,95.30098699400003
latest,INDPRO,12,random_forest,recession,20,11.234482536066007,9.540798974944881,9.01185626555766,0.0,0.0,2.423778510065123,3.1108860387630703,0.0016763095081433834,3.910353723371133e-05,1.3678091015330127e-31,9.473010923999965
latest,INDPRO,12,ridge,all,235,8.714353895576474,7.052646636489328,5.1700104595196965,0.6425531914893617,0.7531914893617021,16.495066666693898,21.171188864326314,0.5876007403403316,0.11195604666491407,2.695309887271335e-10,6.33308082599915
latest,INDPRO,12,ridge,expansion,215,8.764384730934236,7.140515817595353,5.200398099626866,0.6651162790697674,0.7767441860465116,17.209519795063947,22.08817952711475,0.5988624068198127,0.1065189757012281,2.335958511673048e-10,5.91019304399909
latest,INDPRO,12,ridge,high_volatility,104,11.310650029943021,9.609340588142762,7.228655884427945,0.41346153846153844,0.5961538461538461,15.33341556069067,19.68022581115442,0.6287042796145972,0.14310451156894816,3.6964248521186455e-12,2.8367634200003473
latest,INDPRO,12,ridge,normal_volatility,131,5.887681454193172,5.022904873344619,3.535666000050552,0.8244274809160306,0.8778625954198473,17.417293498940737,22.354854188981864,0.5549689229012201,0.08571345137237635,0.02223367670241784,3.496317405998803
latest,INDPRO,12,ridge,recession,20,8.157165436083964,6.108052939599576,4.843343328367619,0.4,0.5,8.814695536715854,11.313539239350602,0.4665378256859095,0.1622243226356399,0.03070613602063743,0.4228877820000595
latest,INDPRO,12,seasonal_naive,all,235,7.145570696372249,4.72565464184117,3.876231675231429,0.8212765957446808,0.8595744680851064,16.338230927681657,20.969892372569248,0.42155861088901386,0.06492809891340141,6.781681841023791e-10,0.06337510499867172
latest,INDPRO,12,seasonal_naive,expansion,215,6.697148666315991,4.3144128404589335,3.5082099266380484,0.8697674418604651,0.9023255813953488,17.1320677025711,21.988770842613082,0.4523605326203363,0.058112411164682125,9.165639816359093e-08,0.0580590769990039
latest,INDPRO,12,seasonal_naive,high_volatility,104,10.122417621156881,7.668462727278047,6.053663390575261,0.6346153846153846,0.6923076923076923,15.823035927123032,20.30864674809373,0.4388617991000985,0.11354027812447967,0.0005097516123424312,0.0279999289991454
latest,INDPRO,12,seasonal_naive,normal_volatility,131,3.2015266299534897,2.389379520578305,2.147583595874495,0.9694656488549618,0.9923664122137404,16.747240699117512,21.49485073093149,0.40782172864509936,0.02648206855440794,1.2766242131144292e-11,0.0353751759995263
latest,INDPRO,12,seasonal_naive,recession,20,10.853041923654303,9.146504006700205,7.832465472610279,0.3,0.4,7.8044855976201335,10.016948819598042,0.0904379522772975,0.01896412068953566,7.880390873116169e-09,0.005316027999667799
latest,INDPRO,12,state_space,all,235,12.516506592775768,6.858169179412022,5.886705458057441,0.7914893617021277,0.825531914893617,20.74963518218254,26.631868435843323,0.4275312067401451,0.07154939763969254,6.2024307676407655e-09,67.33984066799914
latest,INDPRO,12,state_space,expansion,215,12.709028229450965,6.697944284564322,5.774215795310186,0.8232558139534883,0.8604651162790697,21.887219025249067,28.091941491455568,0.45616838829765666,0.06512673677459639,1.6114946865080033e-07,62.53094419099949
latest,INDPRO,12,state_space,high_volatility,104,18.120728299230695,11.058159972942953,9.618116053615582,0.6057692307692307,0.6346153846153846,20.065067293160872,25.753235062496916,0.436446932679159,0.11089474980705274,0.0008297758487942873,30.269012949999336
latest,INDPRO,12,state_space,normal_volatility,131,4.511450805571176,3.523825343326401,2.9243642218891455,0.9389312977099237,0.9770992366412213,21.29310892613868,27.329409434530536,0.42045307317024094,0.040812074948310836,4.4674607815835134e-08,37.070827717999805
latest,INDPRO,12,state_space,recession,20,10.220370778483982,8.580586799024811,7.095969332590433,0.45,0.45,8.52060886921741,10.936083088011639,0.11968150499689587,0.038615244454280925,1.0037997451585765e-08,4.808896476999649
latest,INDPRO,12,var,all,235,49419.30227456678,3228.471027663813,5005.084212510855,0.8212765957446808,0.8723404255319149,19517.632073313813,25050.60956454924,0.4129859465528606,0.06053368248668802,5.95815124216367e-17,1.165186213999948
latest,INDPRO,12,var,expansion,215,51666.769744351455,3528.0416582343655,5470.001710547366,0.8651162790697674,0.9116279069767442,21332.70406112,27380.229240096447,0.4361587501765828,0.05484619104309047,1.989927748716283e-14,1.0700907150001808
latest,INDPRO,12,var,high_volatility,104,74287.17962725088,7291.414192848586,9853.05420921784,0.6634615384615384,0.7403846153846154,28137.125292028533,36113.60934112211,0.4328669361351662,0.09787773052540276,6.066979427185677e-05,0.5198798050000968
latest,INDPRO,12,var,normal_volatility,131,3.749448755203375,2.9283621736125585,1156.3141387892786,0.9465648854961832,0.9770992366412213,12674.67562486854,16267.770047270007,0.3972025655104195,0.03084411529046233,1.6148415124191143e-13,0.6453064089998513
latest,INDPRO,12,var,recession,20,10.40738101362923,8.086749030372255,7.221108618369669,0.35,0.45,5.608204397307467,7.198052416779907,0.16387830759784655,0.056381792367122666,2.412997996762559e-06,0.0950954989997673
latest,UNRATE,1,arima,all,237,1.0208386724588123,0.2707729272083938,0.24984747143898026,0.9071729957805907,0.9451476793248945,1.1457516258550555,1.4705562913282926,0.47064260704015415,0.04593676114812474,4.31184699282091e-08,252.78169296100336
latest,UNRATE,1,arima,expansion,217,0.7949766667721805,0.21739340202983518,0.20287791296799362,0.9631336405529954,0.9769585253456221,1.1914868536568863,1.529256820711459,0.43753264559278127,0.03328557883026172,2.1998152581612807e-11,233.34685640200357
latest,UNRATE,1,arima,high_volatility,98,1.5769169321481817,0.48342270807150023,0.43361438186260537,0.8469387755102041,0.8979591836734694,1.377529683698928,1.768040207966677,0.45503936979765003,0.059657326970815584,0.00015962247734175596,107.99856141900011
latest,UNRATE,1,arima,normal_volatility,139,0.15377927262212526,0.12084718242721094,0.12028518926980579,0.9496402877697842,0.9784172661870504,0.9823397577349153,1.2608194292379207,0.48164345056364616,0.036330682289673115,2.9693187280149937e-05,144.78313154200325
latest,UNRATE,1,arima,recession,20,2.3434917708931864,0.8499407753957552,0.7594671808491855,0.3,0.6,0.6495244042051896,0.8336555475209391,0.8298856887441491,0.04380990930884994,1.863284206929157e-07,19.43483655899979
latest,UNRATE,1,autoreg,all,237,1.3317030401107863,0.38128788298470506,0.3513955128930732,0.8016877637130801,0.8481012658227848,1.1003718866855468,1.412312026665124,0.4672227488043164,0.07443267186580942,0.00011161670462960278,2.652182853999295
latest,UNRATE,1,autoreg,expansion,217,1.1934779684217345,0.34449932933441324,0.3174500585850381,0.8387096774193549,0.8847926267281107,1.1661074523239838,1.4966827117527277,0.43622144771189814,0.06332971739349164,5.5962279664729e-07,2.4660757979994976
latest,UNRATE,1,autoreg,high_volatility,98,2.063712157116295,0.7583103333908765,0.6808398117501532,0.6938775510204082,0.7551020408163265,1.4130501621539122,1.8136302484992284,0.43908769810572024,0.09385103446678685,0.013627264462423537,1.0953936859997904
latest,UNRATE,1,autoreg,normal_volatility,139,0.14520258535794298,0.11547349348970655,0.11912543168448457,0.8776978417266187,0.9136690647482014,0.8799224550603687,1.1293682443648196,0.4870589715990102,0.06036443582822699,0.00837764659933631,1.5567891679995047
latest,UNRATE,1,autoreg,recession,20,2.3580824992788347,0.780443690090371,0.7197036921352549,0.4,0.45,0.3871409995085064,0.4968900934646185,0.8035868656570546,0.07450109031313859,1.402063754598487e-05,0.1861070559997973
latest,UNRATE,1,bvar_niw,all,237,0.7562957896815817,0.2314392987362661,0.20504234310247849,0.8607594936708861,0.8945147679324894,0.9627242148979452,1.2356431525687088,0.4634643840323769,0.0572820079400208,9.22053236325612e-07,18.102474758999385
latest,UNRATE,1,bvar_niw,expansion,217,0.2831172125492,0.1674219299232363,0.14635523601122497,0.9170506912442397,0.9493087557603687,1.0076854213864483,1.2933502363514053,0.4289899964584036,0.04108940696379196,1.2991848626134326e-10,16.58273749599953
latest,UNRATE,1,bvar_niw,high_volatility,98,1.161446096868332,0.39048327327593524,0.3396921262458183,0.7857142857142857,0.8469387755102041,1.181321855975616,1.5162101874323006,0.4193963492243402,0.06842550833610803,3.963376821370121e-06,7.51640907299804
latest,UNRATE,1,bvar_niw,normal_volatility,139,0.15552782424602718,0.11930757567952094,0.11010940246904471,0.9136690647482014,0.9280575539568345,0.8086050147136884,1.037833300650493,0.49453393375315086,0.04751293715639496,0.0050349580973464295,10.586065686001344
latest,UNRATE,1,bvar_niw,recession,20,2.4307029326114415,0.9260277503576393,0.8417974550425795,0.25,0.3,0.4748951244976888,0.6095212935264518,0.8375114892099873,0.08353243864918547,3.7002410582606544e-09,1.5197372629998531
latest,UNRATE,1,dynamic_factor,all,237,0.7349460154314734,0.2230095399793014,0.1935568006065033,0.8649789029535865,0.9029535864978903,0.860346349023953,1.1042425842811372,0.4555986477308537,0.0637681630694169,1.2519201056454705e-07,1578.0442156529982
latest,UNRATE,1,dynamic_factor,expansion,217,0.27384977669380584,0.16377220658604108,0.13822716629224233,0.9170506912442397,0.9585253456221198,0.8991924855519599,1.1541010607397033,0.4190974774795046,0.04862523604456578,4.319091936566994e-11,1468.956535375998
latest,UNRATE,1,dynamic_factor,high_volatility,98,1.1288579290058567,0.3729229155476475,0.3198451448178708,0.8163265306122449,0.8469387755102041,1.0668358184856195,1.3692689491211458,0.4509935824369949,0.0749775403840833,0.000136078010177193,652.7248814780002
latest,UNRATE,1,dynamic_factor,normal_volatility,139,0.15008717051483453,0.11731521763615077,0.10451897519129455,0.8992805755395683,0.9424460431654677,0.7147638453747207,0.9173894637464549,0.45884538441285483,0.056325518675148734,0.00025316035464960097,925.3193341749982
latest,UNRATE,1,dynamic_factor,recession,20,2.363692927015895,0.8657346072961752,0.7938833329162348,0.3,0.3,0.43886576769507923,0.5632781147056942,0.8516363449579915,0.0589579767372577,2.39951591474294e-09,109.08768027700012
latest,UNRATE,1,elastic_net,all,237,0.9845321678553807,0.3527448881051895,0.2909190675201889,0.7974683544303798,0.8523206751054853,1.094862210687922,1.4052404340802638,0.41910233593566343,0.06914877721469567,2.418623680884773e-08,7.301835082000924
latest,UNRATE,1,elastic_net,expansion,217,0.6758542884943889,0.2954490972253828,0.2363833351651181,0.8433179723502304,0.8986175115207373,1.1467924079133636,1.4718921206382478,0.38888933140048404,0.0541954711169503,3.1116857115608442e-12,6.766228475001118
latest,UNRATE,1,elastic_net,high_volatility,98,1.508849727598359,0.6041158429977159,0.5073259900468428,0.673469387755102,0.7755102040816326,1.3357458360613945,1.7144112201191395,0.4095290797363428,0.09253744325842196,0.0012420525950988498,3.156563193999314
latest,UNRATE,1,elastic_net,normal_volatility,139,0.2181586722898203,0.1755193227852788,0.13834440271722442,0.8848920863309353,0.9064748201438849,0.9250305899210131,1.1872639086715597,0.42585182591791826,0.0530990272982328,9.542571312202147e-07,4.145271888001609
latest,UNRATE,1,elastic_net,recession,20,2.555424656867328,0.9744042191510921,0.8826317635727072,0.3,0.35,0.531419570791881,0.6820696349261335,0.7469134351423594,0.11924232429497839,3.251383278476514e-06,0.5356066069998053
latest,UNRATE,1,hist_gradient_boosting,all,237,0.9538165984806136,0.3967766468902927,0.31719507028242666,0.7974683544303798,0.8523206751054853,1.1123760614236156,1.4277192181409348,0.4057945176954806,0.07092507767909641,5.4938605974650904e-11,70.7424897730003
latest,UNRATE,1,hist_gradient_boosting,expansion,217,0.6317076100126583,0.32912433461860935,0.2506034643702474,0.847926267281106,0.9032258064516129,1.1707660138115177,1.5026619106902988,0.36932457635195026,0.05202953724730275,1.2077600100862388e-14,66.2733249600004
latest,UNRATE,1,hist_gradient_boosting,high_volatility,98,1.4633990980631546,0.7311088148776905,0.5742843543052878,0.6938775510204082,0.7755102040816326,1.3804395529331892,1.7717749846956146,0.43304756738593153,0.10418582361491927,7.811169423307437e-06,29.587409633999755
latest,UNRATE,1,hist_gradient_boosting,normal_volatility,139,0.20328150304084935,0.16106044212219922,0.13593787723033748,0.8705035971223022,0.9064748201438849,0.9233816573377293,1.185147526613175,0.3865801373381842,0.04716078465196997,5.116169936503355e-10,41.155080139000546
latest,UNRATE,1,hist_gradient_boosting,recession,20,2.5398793185051534,1.1308042350380572,1.0397139944295717,0.25,0.3,0.4788450780148776,0.61459100398034,0.8014933812727844,0.10946127301234955,1.2808120085364336e-08,4.469164812999906
latest,UNRATE,1,mean,all,237,2.1750584934659387,1.813765936992892,1.2313106899419477,0.8354430379746836,0.8818565400843882,4.7017079780247135,6.034576858586406,0.4402098939408581,0.10313500820505174,1.2884410854451258e-12,0.06469993100019308
latest,UNRATE,1,mean,expansion,217,2.107057390751862,1.8055376464362223,1.2042804090826877,0.8617511520737328,0.9078341013824884,4.889266263265001,6.2753053115310085,0.4135855805177575,0.09647458979351305,1.2153432781627762e-15,0.059295988000104397
latest,UNRATE,1,mean,high_volatility,98,2.855164134123187,2.4003575595181696,1.7385102888429182,0.6020408163265306,0.7142857142857143,4.989853142783984,6.404407173718053,0.6396631694153089,0.11691525757717888,1.0829635204713024e-09,0.026519512000158296
latest,UNRATE,1,mean,normal_volatility,139,1.522791196324393,1.400197742694495,0.8737167281268748,1.0,1.0,4.4985552719354445,5.773833183169849,0.29958816015311585,0.04602777282593983,6.8539139011868635e-25,0.0381804190000348
latest,UNRATE,1,mean,recession,20,2.8089634711982066,1.903042889532759,1.5245892372649184,0.55,0.6,2.666700583167595,3.422673144137464,0.7290836945814998,0.0883456713106544,0.0027152647647258332,0.005403943000088701
latest,UNRATE,1,naive_drift,all,237,0.7436926356607412,0.2244321410657523,0.19736788360959587,0.8438818565400844,0.8987341772151899,0.862847284181029,1.1074524998042308,0.4624294895096537,0.06516696418777747,9.436842486792441e-07,0.0686492550009796
latest,UNRATE,1,naive_drift,expansion,217,0.2980100989531292,0.1661895249286614,0.14302449282955543,0.8940092165898618,0.9539170506912442,0.9020663282425979,1.1577895979004964,0.42665260041143566,0.0509429186318073,5.474997361561918e-10,0.0629915550010654
latest,UNRATE,1,naive_drift,high_volatility,98,1.142474044003196,0.37637669134162033,0.32826881140461267,0.7653061224489796,0.8469387755102041,1.0701954168951264,1.3735809469974303,0.44442791709446633,0.07576677518570969,0.0007910282659675581,0.0284534150008489
latest,UNRATE,1,naive_drift,normal_volatility,139,0.1509075726458072,0.11730576748996047,0.10507802084764159,0.8992805755395683,0.935251798561151,0.7166593920516655,0.9198223715672994,0.47512124560093677,0.05779622169620254,0.001503003405612339,0.0401958400001307
latest,UNRATE,1,naive_drift,recession,20,2.364401471532479,0.8563645261531889,0.7869936735730347,0.3,0.3,0.4373206561130081,0.5612949854597516,0.8506087362253194,0.05706913973846043,3.732730812343817e-09,0.0056576999999142
latest,UNRATE,1,naive_last,all,237,0.7425864253782979,0.22236286919831225,0.19657491469755017,0.8438818565400844,0.9029535864978903,0.8624844981477198,1.1069868689714657,0.46405834951890185,0.06480222777141026,7.368922628674865e-07,0.070069169001118
latest,UNRATE,1,naive_last,expansion,217,0.2948873095703206,0.16359447004608296,0.14186399142347297,0.8940092165898618,0.9585253456221198,0.9016038653254307,1.1571960331723306,0.42831491932668847,0.050578543186212195,4.08557309787009e-10,0.06428394200124299
latest,UNRATE,1,naive_last,high_volatility,98,1.1408911661772234,0.3734693877551021,0.3268546881844059,0.7653061224489796,0.8469387755102041,1.0704724533559486,1.3739365194454165,0.4518415325913861,0.07561704511405613,0.0006435145604831928,0.0289695190007769
latest,UNRATE,1,naive_last,normal_volatility,139,0.15005994006233234,0.11582733812949636,0.1047229880665297,0.8992805755395683,0.9424460431654677,0.7158455081447956,0.9187777628819175,0.4726716449066468,0.05748937366995165,0.001315957934581404,0.041099650000341104
latest,UNRATE,1,naive_last,recession,20,2.3645295515175953,0.86,0.7901884322212883,0.3,0.3,0.4380393642695547,0.5622174373920805,0.851874567104417,0.05700496923003946,3.1725978167441263e-09,0.005785226999875001
latest,UNRATE,1,random_forest,all,237,1.0289807470726948,0.4321546976188492,0.34841803885645034,0.7721518987341772,0.8649789029535865,1.1759327229172352,1.5092933100349915,0.4391767410434146,0.0783648011970937,2.4566189053021042e-06,166.54189720999904
latest,UNRATE,1,random_forest,expansion,217,0.739426770655606,0.36136099294263807,0.2799701591437944,0.8294930875576036,0.9216589861751152,1.2347594501071832,1.5847965969737046,0.3936357268297008,0.0586498667417933,1.0106253644621528e-10,156.33872514599886
latest,UNRATE,1,random_forest,high_volatility,98,1.5820378324698785,0.8116835090679079,0.6420492521214322,0.6530612244897959,0.8061224489795918,1.4651493146538308,1.8804987868043357,0.4582139158771876,0.11185834761850867,0.005142005269907055,69.70866642500062
latest,UNRATE,1,random_forest,normal_volatility,139,0.20174140473968702,0.16457323343174318,0.1413974712307798,0.8561151079136691,0.9064748201438849,0.9720246222684121,1.2475800961976118,0.42575484799514296,0.05495127772752186,2.5043134041777427e-07,96.83323078499842
latest,UNRATE,1,random_forest,recession,20,2.5718743513377165,1.2002663933557411,1.0910775337387673,0.15,0.25,0.5376627329062972,0.6900826467499528,0.933296745262209,0.025925040641840275,5.755174484665583e-13,10.20317206400017
latest,UNRATE,1,ridge,all,237,0.9447232905006847,0.33002085534155234,0.27912021254161873,0.7848101265822784,0.8565400843881856,1.0336174523890491,1.3266336378122903,0.4779438312090037,0.07688761697298925,0.011826781864943995,6.7959843100000406
latest,UNRATE,1,ridge,expansion,217,0.603277179410003,0.2693187875571334,0.22207000033818441,0.8294930875576036,0.8986175115207373,1.0823618815653553,1.389196435346117,0.4581040093545619,0.065736311794882,0.0004851775006691131,6.219083176999949
latest,UNRATE,1,ridge,high_volatility,98,1.4504379100300868,0.5797026440105422,0.48882347827134875,0.6836734693877551,0.7755102040816326,1.26983245510744,1.6298123115448495,0.4695128507404845,0.09757611235656662,0.08106466871604369,2.7078899589989147
latest,UNRATE,1,ridge,normal_volatility,139,0.1962512674583615,0.15398621297060983,0.13127186691921913,0.8561151079136691,0.9136690647482014,0.86707737853004,1.1128817671231472,0.48388797571198855,0.06281679318875005,0.06910610546009541,4.088094351001126
latest,UNRATE,1,ridge,recession,20,2.574366801593138,0.9886382908024981,0.8981150149488805,0.3,0.4,0.5047403958261302,0.6478272845702665,0.693205898329696,0.15443494135976918,1.6617528347118626e-05,0.5769011330000912
latest,UNRATE,1,seasonal_naive,all,237,1.9611845210837244,1.1578059071729956,0.9140941775586633,0.8270042194092827,0.8523206751054853,3.417430456772572,4.386224505362025,0.44773708472709245,0.07214353899829845,4.2008411670005736e-10,0.0643901150005652
latest,UNRATE,1,seasonal_naive,expansion,217,1.7768739702046354,1.045622119815668,0.8146127829306162,0.8847926267281107,0.9078341013824884,3.5567887657092734,4.565088958469651,0.4014476597846133,0.052649259896140374,2.5495444633363914e-16,0.0590314330005586
latest,UNRATE,1,seasonal_naive,high_volatility,98,2.9709305901398255,2.1091836734693876,1.6413222676851114,0.6428571428571429,0.6938775510204082,3.9224072635011415,5.0343552200405925,0.4874250841240734,0.1224364530280342,0.0002706008090822457,0.026750996999960298
latest,UNRATE,1,seasonal_naive,normal_volatility,139,0.5788229187091865,0.48705035971223015,0.40137221473570006,0.9568345323741008,0.9640287769784173,3.0614036433955962,3.92926903745915,0.4197556175263434,0.03540828997409922,1.3448223230680633e-11,0.037639118000604904
latest,UNRATE,1,seasonal_naive,recession,20,3.364743675229957,2.375,1.993467309272976,0.2,0.25,1.9053928048093678,2.445545189144288,0.9499773453529923,0.0075663800638951255,3.006470623503803e-12,0.005358682000006599
latest,UNRATE,1,state_space,all,237,1.0884102125634774,0.27913825021327954,0.26117532251452275,0.9156118143459916,0.9493670886075949,1.1644763990185885,1.4945892774990768,0.49040512296879857,0.04794468299793152,0.00023244529390891943,66.59169922699635
latest,UNRATE,1,state_space,expansion,217,0.8846705570865016,0.23401175607897876,0.22168305084179338,0.9400921658986175,0.967741935483871,1.2167507854752246,1.5616827261527186,0.4673350052921035,0.04021356157912369,6.647659787393353e-07,62.08751689199653
latest,UNRATE,1,state_space,high_volatility,98,1.683927135499492,0.5074747405770011,0.46324796522598716,0.8367346938775511,0.8775510204081632,1.4084545961940138,1.807731903446042,0.45022008137718855,0.06216378597735913,0.0024175290996680623,26.809613179998962
latest,UNRATE,1,state_space,normal_volatility,139,0.14366930580271442,0.118152810964037,0.11870684060284276,0.9712230215827338,1.0,0.9924629938157704,1.2738124620832312,0.5187370227959768,0.03634223946322391,6.0127579319557856e-05,39.78208604699739
latest,UNRATE,1,state_space,recession,20,2.3550542095631304,0.7687607115704431,0.6896664701636366,0.65,0.75,0.5972993059640848,0.7666253596070612,0.7407158997609404,0.06632695817519045,0.0006121030962793483,4.5041823349998245
latest,UNRATE,1,var,all,237,1.6547139480324107,0.3218385883473247,0.3156879747002677,0.8270042194092827,0.8776371308016878,1.247969141104067,1.6017510518168063,0.46814609607124325,0.0682819328813064,5.595285395840802e-05,1.1632172360017012
latest,UNRATE,1,var,expansion,217,1.5851855646469595,0.27824950779846896,0.27763951086985933,0.880184331797235,0.9308755760368663,1.3279377652019038,1.7043896696657483,0.4376258135420425,0.054871082430508915,6.609534528259956e-08,1.0711584560017569
latest,UNRATE,1,var,high_volatility,98,2.5658525785769313,0.5987649250863775,0.581915226847302,0.7653061224489796,0.8061224489795918,1.6434318374268722,2.1093219275108734,0.4675073169686638,0.07946119735172431,0.0038040349945012756,0.4828589110000454
latest,UNRATE,1,var,normal_volatility,139,0.16385198217415925,0.1265955595672731,0.12798818541674722,0.8705035971223022,0.9280575539568345,0.9691537149196432,1.2438953265073205,0.4685964583162272,0.06091834663941493,0.008892733861025374,0.6803583250016558
latest,UNRATE,1,var,recession,20,2.2764453064861434,0.7947801123024099,0.7285138072601989,0.25,0.3,0.3803095696425379,0.48812204815578425,0.7992911615130718,0.09826886571369615,1.445549498176745e-07,0.09205877999994419
latest,UNRATE,3,arima,all,237,2.3221568884126187,0.584968935223102,0.5648458831022323,0.8987341772151899,0.9240506329113924,2.319573153677737,2.977139911794918,0.4619209173058612,0.04338349128612711,5.2973627060236196e-12,223.84348508299928
latest,UNRATE,3,arima,expansion,217,2.288179233114563,0.5159531314284929,0.5128850392754064,0.9631336405529954,0.9769585253456221,2.432999541299075,3.1227211042237055,0.41973990948149914,0.024934312979588213,6.832801946149485e-19,207.1596318149994
latest,UNRATE,3,arima,high_volatility,98,3.6000984946480483,1.153028925896192,1.0472202712284748,0.8163265306122449,0.8469387755102041,2.745859673278737,3.524272736363126,0.44515029456218036,0.06749591321675376,5.617962391320656e-06,95.41470816700013
latest,UNRATE,3,arima,normal_volatility,139,0.23767898729070203,0.1844662079859595,0.22475458787653604,0.9568345323741008,0.9784172661870504,2.019025823311564,2.591391589437477,0.4737448095999672,0.026408729526997354,7.610294246553563e-08,128.42877691599915
latest,UNRATE,3,arima,recession,20,2.663089912051421,1.333790406394613,1.128621038623292,0.2,0.35,1.0888968479862147,1.397583973942575,0.9195848522001896,0.014603803868506515,1.731950152855415e-11,16.683853267999893
latest,UNRATE,3,autoreg,all,237,3.794441158389125,0.8918827763924516,0.8715732876209832,0.8059071729957806,0.8523206751054853,2.6228587926048497,3.366402815140959,0.465670303555455,0.07193081977278637,9.40018705744683e-07,2.505764570000881
latest,UNRATE,3,autoreg,expansion,217,3.887535701955117,0.8754640045391205,0.8630981212363741,0.8617511520737328,0.9032258064516129,2.8075627038736752,3.60346771875531,0.42482206095375286,0.05633021588926514,5.6591469284026445e-11,2.330785168000947
latest,UNRATE,3,autoreg,high_volatility,98,5.895176511818185,1.914470661742543,1.7556576295114743,0.673469387755102,0.7142857142857143,3.2986359480972647,4.233753404151624,0.4355166129412988,0.1013033552229649,0.00012065612014116392,1.0302129359990273
latest,UNRATE,3,autoreg,normal_volatility,139,0.21575264985572845,0.1709215334837542,0.2482620249931551,0.8992805755395683,0.9496402877697842,2.1464115894519225,2.7548894502269654,0.48692974010356516,0.05070521049140706,0.00041427281162395195,1.4755516340018535
latest,UNRATE,3,autoreg,recession,20,2.5765101978104594,1.0700264510010957,0.9635288428939941,0.2,0.3,0.6188213553380856,0.7942486109252481,0.908873735783923,0.027246292688574616,1.2070989101539128e-10,0.17497940199993353
latest,UNRATE,3,bvar_niw,all,237,1.2399210199135324,0.4706714786519777,0.4207747862655083,0.8523206751054853,0.9029535864978903,1.6817489838943596,2.1585014525771893,0.4602119619948887,0.05871750677498975,7.326910788851448e-09,23.62845616400086
latest,UNRATE,3,bvar_niw,expansion,217,1.002036152622031,0.3879215094613254,0.3475980654578801,0.9124423963133641,0.9631336405529954,1.7653546700191762,2.265808189000029,0.4176450480445921,0.040064227647484865,1.0911827046300167e-14,21.642725770001114
latest,UNRATE,3,bvar_niw,high_volatility,98,1.9060705266318492,0.8854383370448863,0.7551757382982613,0.7653061224489796,0.826530612244898,2.0017616110587544,2.569233212900808,0.39255800968860394,0.07913076675989748,2.7290031263097584e-07,9.76891782200067
latest,UNRATE,3,bvar_niw,normal_volatility,139,0.2446625130896527,0.17824592381381216,0.18501008627119334,0.9136690647482014,0.9568345323741008,1.4561285704978797,1.868920787025285,0.5079104319662261,0.03925254050883645,3.442457345381505e-05,13.859538342000185
latest,UNRATE,3,bvar_niw,recession,20,2.706290729399653,1.3685086443705559,1.2147422070282752,0.2,0.25,0.7746272894400971,0.9942233623893841,0.922062978355607,0.028638934281400467,4.476816327163232e-12,1.9857303939997442
latest,UNRATE,3,dynamic_factor,all,237,1.217642532166692,0.4676085356450503,0.40168278707369537,0.8649789029535865,0.8987341772151899,1.5363872543074963,1.9719316924838566,0.43926773947248304,0.05841001874611277,3.051305110904294e-10,1450.4082892869992
latest,UNRATE,3,dynamic_factor,expansion,217,0.9826817929049755,0.3875936147659996,0.32891533869041917,0.9308755760368663,0.9631336405529954,1.6124718271965348,2.0695851845760034,0.39209720400438713,0.03629963170188338,1.1470282055448496e-15,1351.7862461359991
latest,UNRATE,3,dynamic_factor,high_volatility,98,1.873063004740074,0.8644617596797137,0.7247783804994541,0.7653061224489796,0.826530612244898,1.850136992164327,2.374625121405364,0.4367198943480477,0.0825824956676913,5.4808862221815654e-06,595.4363664319997
latest,UNRATE,3,dynamic_factor,normal_volatility,139,0.23335323414819575,0.1878127374047839,0.17388877156488694,0.935251798561151,0.9496402877697842,1.3151824031566377,1.688018339719053,0.44106406193431513,0.041834620682815404,3.6049226422038847e-07,854.9719228549998
latest,UNRATE,3,dynamic_factor,recession,20,2.663079606773763,1.3357704271827493,1.1912096020322414,0.15,0.2,0.7108696384614314,0.9123913032840617,0.9510680493013238,0.011706049490030629,8.740527993791202e-14,98.62204315100013
latest,UNRATE,3,elastic_net,all,237,1.4134026792360534,0.5755888365716483,0.49256420977952864,0.7805907172995781,0.8312236286919831,1.558637799019652,2.0004899574459714,0.40815508062707984,0.0673863466991988,7.264929586166155e-11,7.067486662000891
latest,UNRATE,3,elastic_net,expansion,217,1.2262037022294108,0.5187821349202072,0.437327222950132,0.815668202764977,0.8663594470046083,1.645238717075398,2.1116410324327886,0.3834887167564326,0.05388781826793778,2.495324821850322e-13,6.674777247000794
latest,UNRATE,3,elastic_net,high_volatility,98,2.172486949009765,1.1037124396180422,0.9259657992131556,0.6224489795918368,0.7142857142857143,1.853219144331834,2.378581020885216,0.41122827672703277,0.10437766084676074,1.2892406935790088e-05,2.874819951000229
latest,UNRATE,3,elastic_net,normal_volatility,139,0.2803650678376497,0.20324269917203233,0.1870004992435901,0.8920863309352518,0.9136690647482014,1.3509473541232935,1.7339221573233379,0.4059883668299908,0.04186207679964108,9.239828274950963e-09,4.192666711000662
latest,UNRATE,3,elastic_net,recession,20,2.7127541630123835,1.1919415494897831,1.0918855168784818,0.4,0.45,0.6190178381148079,0.7945007938390023,0.6757851286236028,0.14204542212589005,9.312390303822793e-05,0.3927094150000971
latest,UNRATE,3,hist_gradient_boosting,all,237,1.3826451003652114,0.7098871094485288,0.5545816026230083,0.7088607594936709,0.8185654008438819,1.543275200018052,1.9807722750939198,0.37976124090649765,0.08693730065576338,6.671028027329081e-13,69.61163078399935
latest,UNRATE,3,hist_gradient_boosting,expansion,217,1.1868536427055874,0.6480265644321931,0.49019587603378617,0.7465437788018433,0.8571428571428571,1.62374727133414,2.084057060451983,0.33032176803887714,0.06396361165792873,6.58378139474243e-18,65.47644776599941
latest,UNRATE,3,hist_gradient_boosting,high_volatility,98,2.105840697138464,1.3048685645529363,1.019994667292188,0.5,0.7142857142857143,1.8248433775498618,2.3421611185077236,0.38146477900413517,0.13289565522746827,2.9227033536619296e-08,28.767391349999627
latest,UNRATE,3,hist_gradient_boosting,normal_volatility,139,0.3646945814491977,0.29040378138930645,0.22644865055409008,0.8561151079136691,0.8920863309352518,1.3447595065064168,1.7259801408885038,0.37856018526931434,0.05525970641492294,5.4411322056337233e-08,40.84423943399972
latest,UNRATE,3,hist_gradient_boosting,recession,20,2.714809300093527,1.3810740228757727,1.2531667361160674,0.3,0.4,0.6701532262385002,0.8601323539589287,0.9161795215201802,0.02188245581657084,8.613476251838804e-10,4.135183017999935
latest,UNRATE,3,mean,all,237,2.190539355482712,1.8294829740351568,1.248247856191416,0.8354430379746836,0.8818565400843882,4.756024466728258,6.104291317098518,0.4415447952946209,0.10261411328573776,1.8445048379108394e-12,0.0619391930021489
latest,UNRATE,3,mean,expansion,217,2.1235151340216336,1.8218098915451906,1.2201720345569256,0.8617511520737328,0.9078341013824884,4.953202549869032,6.357366646979309,0.4150358446259329,0.09600965525595927,1.7889577537084795e-15,0.0568023930020051
latest,UNRATE,3,mean,high_volatility,98,2.873561097683218,2.4168207882373114,1.764801219271725,0.6020408163265306,0.7142857142857143,4.975441985512097,6.385910653605607,0.6405263593865327,0.11703352860571602,1.4747506227754356e-09,0.025455140000355803
latest,UNRATE,3,mean,normal_volatility,139,1.5361706590995967,1.4153886877631343,0.8840591541635724,1.0,1.0,4.6013272232691484,5.9057395546690605,0.3012556349996039,0.045281404061935995,1.1281688402138115e-24,0.036484053001793096
latest,UNRATE,3,mean,recession,20,2.817037153622636,1.9127359190512934,1.5528705209256397,0.55,0.6,2.616642264650851,3.358423987891949,0.7291669100498851,0.08799075648398294,0.0026836375811135627,0.0051368000001438
latest,UNRATE,3,naive_drift,all,237,1.2524648993633716,0.4596409284518683,0.41335913326289864,0.869198312236287,0.8945147679324894,1.5493183508453612,1.9885285752099358,0.453020683868005,0.061023985057834275,3.24193771217235e-09,0.059430342000556
latest,UNRATE,3,naive_drift,expansion,217,1.0289424480075866,0.379446792998312,0.34250352378727494,0.9354838709677419,0.9585253456221198,1.6262957753112344,2.0873280298945924,0.4063966439793584,0.04004723528548742,1.4603944751250339e-15,0.0544931440003363
latest,UNRATE,3,naive_drift,high_volatility,98,1.9273647110281316,0.8540064425568323,0.7498160049772988,0.7755102040816326,0.8061224489795918,1.8658531185842115,2.3947965512864475,0.42739592296516726,0.08297142401342905,2.9629083907857977e-05,0.0247112359996275
latest,UNRATE,3,naive_drift,normal_volatility,139,0.2358268683857891,0.18159905519800887,0.17614493593907687,0.935251798561151,0.9568345323741008,1.3261499534467474,1.702095038120021,0.4710870620584948,0.04524430431194226,9.67177374993334e-06,0.0347191060009285
latest,UNRATE,3,naive_drift,recession,20,2.664878956124179,1.3297472981229554,1.182142496073415,0.15,0.2,0.7141132953906391,0.9165544918814131,0.9588915166598204,0.00850720130853364,3.290207572677252e-14,0.0049371980002196995
latest,UNRATE,3,naive_last,all,237,1.2470217685105742,0.4535864978902952,0.410025003564593,0.869198312236287,0.8945147679324894,1.5465440535145443,1.9849678031352695,0.45498109263025477,0.059856480310095245,4.528248020998019e-09,0.064357026999064
latest,UNRATE,3,naive_last,expansion,217,1.0215647165236683,0.37235023041474646,0.3383053923135067,0.9354838709677419,0.9585253456221198,1.6234041399741377,2.083616656119302,0.4086950738535153,0.03908343064691056,2.2942227838083885e-15,0.058913816999367596
latest,UNRATE,3,naive_last,high_volatility,98,1.9195024865621733,0.8448979591836733,0.7440893269315617,0.7755102040816326,0.8163265306122449,1.8649004994524558,2.3935738778676794,0.438615294050841,0.08220720943222015,3.127548516078294e-05,0.0266685599988199
latest,UNRATE,3,naive_last,normal_volatility,139,0.231821067192446,0.17769784172661862,0.17449763888860054,0.935251798561151,0.9496402877697842,1.3220913074575997,1.6968858223886782,0.46651956932653216,0.04425562184701311,1.3890230137045293e-06,0.0376884670002441
latest,UNRATE,3,naive_last,recession,20,2.6654267950930484,1.3350000000000002,1.1881827856388785,0.15,0.2,0.7126121154279553,0.9146277482585157,0.9571843963578786,0.00921291247523418,6.180617171481093e-14,0.0054432099996963995
latest,UNRATE,3,random_forest,all,237,1.589149813517585,0.8057062537031168,0.6537273712816148,0.6835443037974683,0.7721518987341772,1.6281598644891826,2.089720562452583,0.3946334045101106,0.0922056703409514,2.690291544796355e-09,172.17191073099792
latest,UNRATE,3,random_forest,expansion,217,1.4312239417203638,0.7385769044522988,0.5862425018572517,0.7327188940092166,0.8248847926267281,1.712479230005244,2.1979432964573613,0.342352993562957,0.0675286631704233,2.855849709729616e-15,162.08241032599759
latest,UNRATE,3,random_forest,high_volatility,98,2.3612830465765917,1.438202878879674,1.171983526042886,0.5102040816326531,0.6632653061224489,1.8809676413186847,2.4141958311967127,0.4261834751799144,0.13452138755646145,0.0001358759622973124,71.83050011999882
latest,UNRATE,3,random_forest,normal_volatility,139,0.6122530182434521,0.3597733812764795,0.28833813986719364,0.8057553956834532,0.8489208633093526,1.4499212880194623,1.8609538262157144,0.3723894697932703,0.061924909780252516,1.5128662725541632e-09,100.3414106109991
latest,UNRATE,3,random_forest,recession,20,2.775030558206335,1.534059693074491,1.3859382045359563,0.15,0.2,0.713294748639918,0.91550389850074,0.961875863286726,0.007681759886525523,3.733781885534946e-14,10.089500405000337
latest,UNRATE,3,ridge,all,237,1.4334657450076473,0.6126109094560589,0.5132888284001905,0.7637130801687764,0.8143459915611815,1.5457352348437183,1.983929695609968,0.4514570520756433,0.08022738952597866,0.002441458673010563,5.980229029999709
latest,UNRATE,3,ridge,expansion,217,1.2454434475358251,0.5557654478318981,0.4568652244471549,0.8064516129032258,0.8525345622119815,1.6319026130897436,2.094524328275134,0.43307588345362874,0.06945185703366913,0.000321967015970747,5.528162620999598
latest,UNRATE,3,ridge,high_volatility,98,2.1897410294132413,1.125339759864781,0.954374324550548,0.6122448979591837,0.673469387755102,1.8433482020231449,2.365911803590805,0.4609278370775852,0.11412952111650916,0.029944656838865453,2.4283380429994237
latest,UNRATE,3,ridge,normal_volatility,139,0.35060740657062983,0.25111862643408245,0.2023076872294349,0.8705035971223022,0.9136690647482014,1.3359073874798062,1.7146185691198808,0.4447798079735547,0.056870382591799565,0.0025652359157291834,3.551890987000285
latest,UNRATE,3,ridge,recession,20,2.7422456336093877,1.2293841680782056,1.1254849312906288,0.3,0.4,0.6108191808743448,0.7839779311929121,0.6508927316245019,0.1612238834850242,0.00013415060569188332,0.4520664090001095
latest,UNRATE,3,seasonal_naive,all,237,1.960119259266773,1.1548523206751056,0.9244587384874496,0.8270042194092827,0.8523206751054853,3.438049577690452,4.412688860553158,0.45344769708626814,0.07134515890619114,4.159229583417048e-10,0.055394672000548
latest,UNRATE,3,seasonal_naive,expansion,217,1.7755897313313165,1.0423963133640555,0.8221597328041167,0.8847926267281107,0.9078341013824884,3.59737600636145,4.617182117878587,0.40736181475239125,0.05202436890776869,2.51820640477341e-16,0.050825879000459595
latest,UNRATE,3,seasonal_naive,high_volatility,98,2.9699687348041706,2.107142857142857,1.6606320107798325,0.6428571428571429,0.6938775510204082,3.868495829126852,4.965160643131764,0.48958331152302825,0.12227385383659566,0.0003126588155760104,0.0228201890002942
latest,UNRATE,3,seasonal_naive,normal_volatility,139,0.5761444662957073,0.48345323741007185,0.4054301004683597,0.9568345323741008,0.9640287769784173,3.1345694867496796,4.023176380749535,0.42797078906610636,0.03448337577409661,1.1964421207445762e-11,0.0325744830002538
latest,UNRATE,3,seasonal_naive,recession,20,3.364743675229957,2.375,2.034402950151613,0.2,0.25,1.7093578266101122,2.193937018572258,0.9534795204088324,0.007298377664239754,1.368560347201994e-12,0.0045687930000884005
latest,UNRATE,3,state_space,all,237,2.687832976853726,0.6220300425660417,0.6203579919437164,0.9113924050632911,0.9282700421940928,2.419899153752402,3.105906938840155,0.5020177187464934,0.0467722520337231,1.3137530918380106e-05,56.903299701001316
latest,UNRATE,3,state_space,expansion,217,2.6984160206854324,0.5867868807403442,0.597802786543557,0.9447004608294931,0.9539170506912442,2.551352799862424,3.2746258670466686,0.47218600572165015,0.037573238099190616,1.364355186152293e-07,53.12684884700124
latest,UNRATE,3,state_space,high_volatility,98,4.172095183474836,1.2619671409154922,1.179376265518267,0.8061224489795918,0.8367346938775511,2.8827308206104347,3.6999449521103567,0.4443337387947667,0.07207640377172667,0.00011653458249006712,22.845979728001225
latest,UNRATE,3,state_space,normal_volatility,139,0.2140507379362341,0.17085136890959446,0.22623000050266628,0.9856115107913669,0.9928057553956835,2.0935861799963784,2.687088771210804,0.5426869995757684,0.025295988237967363,4.397407176940799e-08,34.05731997300009
latest,UNRATE,3,state_space,recession,20,2.570207101834972,1.0044183483748592,0.8650819705354464,0.55,0.65,0.9936270934586651,1.2753065677994804,0.8256918050660434,0.033369406226542296,2.330212890783342e-06,3.776450854000074
latest,UNRATE,3,var,all,237,11.026172210946864,1.1841045541636919,1.4755464572330175,0.8649789029535865,0.9071729957805907,6.035957865639514,7.747068049660855,0.48682579289688316,0.05588705249543996,1.0014772431489694e-05,1.0255558539992675
latest,UNRATE,3,var,expansion,217,11.495310962779598,1.1827688953194144,1.5120725132625326,0.9170506912442397,0.9585253456221198,6.536141866408899,8.389047264487846,0.45392606711538347,0.04074126445841611,1.0761494278502135e-08,0.9453639659994091
latest,UNRATE,3,var,high_volatility,98,17.142787596616515,2.5377643950084807,2.8865371878523014,0.7857142857142857,0.8367346938775511,7.878565517901434,10.112029367923219,0.4840022297409452,0.07431898325525954,0.0007323472152102163,0.4226803199994672
latest,UNRATE,3,var,normal_volatility,139,0.31574878603630185,0.22972567356808582,0.4807472370841709,0.920863309352518,0.9568345323741008,4.73685318994406,6.07968524973487,0.4888165064888394,0.04332660042425919,0.002146445775278289,0.6028755339998004
latest,UNRATE,3,var,recession,20,2.6341266371047616,1.1985964526241057,1.0792387493127884,0.3,0.35,0.6089614572916526,0.7815935687879814,0.8437878176261556,0.08452181417734106,1.0359265613514836e-08,0.08019188799985849
latest,UNRATE,6,arima,all,237,3.8123397971123616,0.9564844569519048,0.9200179287400844,0.8818565400843882,0.9029535864978903,3.655352884903934,4.6915946358871015,0.45746899255850343,0.04871714886523049,1.3927721144317386e-17,224.2141349319989
latest,UNRATE,6,arima,expansion,217,3.8824486565514142,0.8729521741193284,0.8595313449180737,0.9447004608294931,0.9539170506912442,3.860418859244463,4.954793964518889,0.412641792326699,0.028701575143325494,1.359287590287152e-25,208.0054867179989
latest,UNRATE,6,arima,high_volatility,98,5.911986562900435,1.8999597626350888,1.6965751111262248,0.7755102040816326,0.7959183673469388,4.0472060207682885,5.194532690888338,0.46400964508758574,0.08238013604814048,3.985583404772939e-06,94.55593914899967
latest,UNRATE,6,arima,normal_volatility,139,0.37250067778002494,0.2913004284846243,0.3725171814462591,0.9568345323741008,0.9784172661870504,3.3790823286830216,4.337005215814286,0.45285759725022956,0.025356707622285275,2.4034337403248655e-13,129.65819578299923
latest,UNRATE,6,arima,recession,20,2.946295027953026,1.862809725685361,1.5762973632089012,0.2,0.35,1.4303870633091924,1.8358819202321903,0.9438441150735809,0.006865000268943117,1.6592749332205412e-12,16.208648213999993
latest,UNRATE,6,autoreg,all,237,9.18276929487362,1.464832583912463,1.601317104693685,0.810126582278481,0.8481012658227848,5.5198292830861515,7.084624185667405,0.4722859369307245,0.07032665433958359,5.702873632423003e-11,2.536377091001295
latest,UNRATE,6,autoreg,expansion,217,9.560487760978988,1.4562508881280167,1.6211963096959519,0.880184331797235,0.9124423963133641,5.954058896063221,7.641951860212863,0.42585333139104614,0.05097997928995178,6.089235028376271e-17,2.3545493020011996
latest,UNRATE,6,autoreg,high_volatility,98,14.274832329512826,3.1889423878292438,3.1204257139330873,0.6836734693877551,0.7142857142857143,6.327653430249954,8.121455253667934,0.47734234925796487,0.10359523563647584,0.0005391313614843279,1.0329793220004952
latest,UNRATE,6,autoreg,normal_volatility,139,0.32925224003575304,0.24927315381286275,0.5302908909853294,0.8992805755395683,0.9424460431654677,4.950284200913111,6.353620986645449,0.46872098435468457,0.04742087272592505,1.6508758287761416e-08,1.5033977690007991
latest,UNRATE,6,autoreg,recession,20,2.7402163626453104,1.5579439831737054,1.3856277304190887,0.05,0.15,0.8084379822849602,1.0376189168491705,0.9760797070362349,0.002179078608238477,4.4598664012164696e-17,0.1818277890000949
latest,UNRATE,6,bvar_niw,all,237,1.6054248563223452,0.774785489780505,0.6685155137434121,0.8270042194092827,0.869198312236287,2.414730275486647,3.099272755408695,0.46409722161573735,0.06939997079078108,4.629080047904124e-10,37.064960496999745
latest,UNRATE,6,bvar_niw,expansion,217,1.4100410596273782,0.6732342755078727,0.5756626234098147,0.8940092165898618,0.9308755760368663,2.550515289642231,3.2735509343164297,0.41678870950763464,0.049027977073779316,1.0432619973770441e-16,33.94613910899994
latest,UNRATE,6,bvar_niw,high_volatility,98,2.4619218498457447,1.5014946630281352,1.2286465201597139,0.7142857142857143,0.7653061224489796,2.7216373918281795,3.4931837746949634,0.39337019248519095,0.10448398531743756,9.45195616484382e-07,15.380079566000175
latest,UNRATE,6,bvar_niw,normal_volatility,139,0.34824725192967093,0.2624293820231832,0.2736030056225664,0.9064748201438849,0.9424460431654677,2.1983497186415386,2.82155131735075,0.513962321290511,0.03918545272575291,9.671846001988127e-07,21.68488093099957
latest,UNRATE,6,bvar_niw,recession,20,2.9949821312431886,1.8766161646385673,1.675969373862945,0.1,0.2,0.9414628718985629,1.208354514259776,0.9773945779886521,0.0017473607115283732,6.759645859387574e-17,3.118821387999815
latest,UNRATE,6,dynamic_factor,all,237,1.536804687005963,0.7390517655789031,0.6224007285708159,0.8565400843881856,0.8818565400843882,2.237290225889659,2.871530917317281,0.4297148201046733,0.0613773692723879,3.458920742666613e-17,1449.617327722001
latest,UNRATE,6,dynamic_factor,expansion,217,1.3367894018599231,0.6385458098819257,0.5284188827863912,0.9262672811059908,0.9400921658986175,2.3615522700882607,3.0310195243992895,0.37982110057761354,0.03717841789654379,1.1020919525710982e-24,1351.3371106000009
latest,UNRATE,6,dynamic_factor,high_volatility,98,2.3509350915639513,1.3756598953123493,1.1292236566829983,0.7448979591836735,0.7755102040816326,2.554910918915613,3.279192663410634,0.4527482464627752,0.0966860554283633,3.568250919378036e-05,589.8688947600002
latest,UNRATE,6,dynamic_factor,normal_volatility,139,0.3608879959136168,0.29022013454381157,0.2650723332111476,0.935251798561151,0.9568345323741008,2.0133562121015762,2.584114722229883,0.41347542598169507,0.03636132018207655,2.545701447458797e-14,859.7484329620006
latest,UNRATE,6,dynamic_factor,recession,20,2.9322251596194087,1.8295413848911077,1.6421037553318247,0.1,0.25,0.8890470463348292,1.1410795304774999,0.9710616769732713,0.00279980678582816,3.2127543958557503e-16,98.28021712200007
latest,UNRATE,6,elastic_net,all,237,1.5651828366722995,0.830398597248083,0.6517750173203827,0.7341772151898734,0.7932489451476793,1.8604419897291142,2.3878514425896893,0.39339626661824684,0.08257738449480374,9.876049207521277e-08,7.613239915001019
latest,UNRATE,6,elastic_net,expansion,217,1.4159543240992154,0.7992277763121463,0.6112843396820994,0.7511520737327189,0.8110599078341014,1.9666304874140212,2.524142903857049,0.36402118388887167,0.07248801416246009,1.5689614647172144e-09,7.105102831000824
latest,UNRATE,6,elastic_net,high_volatility,98,2.331431182155919,1.4464626908912477,1.1520972860754646,0.5612244897959183,0.6428571428571429,2.0521790077037183,2.6339432409344288,0.4064359985530795,0.1297131311695682,6.098280638916762e-07,2.9705707170009767
latest,UNRATE,6,elastic_net,normal_volatility,139,0.5871279320592119,0.3960512506507439,0.29902982064413774,0.8561151079136691,0.8992805755395683,1.7252604950419836,2.214347872533685,0.3842027865490842,0.04983824155881517,3.66223151003811e-09,4.642669198000043
latest,UNRATE,6,elastic_net,recession,20,2.6975255364190507,1.1686020044029959,1.0910988696957558,0.55,0.6,0.708296789847877,0.9090890878388305,0.7121159142319659,0.08483995188733875,0.002549486268568879,0.5081370840001955
latest,UNRATE,6,hist_gradient_boosting,all,237,1.6663116587088307,0.9846874825199938,0.7775197980389934,0.6708860759493671,0.7510548523206751,1.973020757761374,2.532344727053743,0.3630580393191226,0.09204658611184847,1.9762497770017252e-15,68.86093631800172
latest,UNRATE,6,hist_gradient_boosting,expansion,217,1.5046227342725,0.919127492484316,0.7070957253773588,0.7096774193548387,0.7972350230414746,2.077022465749281,2.6658294741309003,0.3111400461496244,0.06686714773310755,3.9859432093747235e-21,64.85241411700177
latest,UNRATE,6,hist_gradient_boosting,high_volatility,98,2.4136560435742234,1.6518758888414518,1.3199428920656713,0.5102040816326531,0.6326530612244898,2.208318954105007,2.834346692543516,0.4062211048306319,0.14250862169051975,3.391691957911192e-08,27.978526477001196
latest,UNRATE,6,hist_gradient_boosting,normal_volatility,139,0.791732588026218,0.514295656480405,0.3950920051280979,0.7841726618705036,0.8345323741007195,1.8071270653752152,2.3194224780034007,0.3326265255052526,0.05498807528146317,1.3321053790635283e-11,40.88240984100052
latest,UNRATE,6,hist_gradient_boosting,recession,20,2.887809461214953,1.696013374407098,1.5416209864177275,0.25,0.25,0.8446022260925862,1.084035221266584,0.9263682652081769,0.018337024790585958,2.2296214137841115e-10,4.0085222009999475
latest,UNRATE,6,mean,all,237,2.2121165691036384,1.8527972250138192,1.2726347005063134,0.8312236286919831,0.8776371308016878,4.832788204614188,6.202816508027038,0.4434768192495221,0.10210665910391825,3.2976168138637333e-12,0.062200609000450796
latest,UNRATE,6,mean,expansion,217,2.1470190261842124,1.8464625662229948,1.2447446670161506,0.8571428571428571,0.9032258064516129,5.037371485668124,6.465396306532608,0.417336092689489,0.09574374809690278,3.3480525552133746e-15,0.0565575050004228
latest,UNRATE,6,mean,high_volatility,98,2.8971974535660703,2.439720098115307,1.8008612172782137,0.5918367346938775,0.7040816326530612,4.948127479369,6.350852864511675,0.6424970540630399,0.11717797437225809,5.434934385225172e-10,0.025444367000540497
latest,UNRATE,6,mean,normal_volatility,139,1.5574424483326401,1.4389954871437056,0.9002160052282833,1.0,1.0,4.75146986701727,6.0984455516565745,0.30316039470473977,0.04429341735533304,2.304584258873548e-24,0.0367562419999103
latest,UNRATE,6,mean,recession,20,2.823535646028096,1.9215282728942633,1.5752415638745836,0.55,0.6,2.6130596051789805,3.3538256942416,0.7271037024258813,0.0873343961275385,0.0031860271385613093,0.005643104000028
latest,UNRATE,6,naive_drift,all,237,1.609539298962578,0.7397896188052421,0.6478509518555524,0.8354430379746836,0.8734177215189873,2.273136378926628,2.917538956650494,0.45025770386177166,0.06571336548123005,6.544335423191768e-12,0.06023397700095011
latest,UNRATE,6,naive_drift,expansion,217,1.4250491523622404,0.6371649958290768,0.5545584018577323,0.9124423963133641,0.9400921658986175,2.4001925582282735,3.080613797312171,0.4009222043295039,0.04275797829975804,5.722186140628403e-19,0.054853157001094
latest,UNRATE,6,naive_drift,high_volatility,98,2.463935029919916,1.3822515199421141,1.1796834853678546,0.7346938775510204,0.7755102040816326,2.5945895394134166,3.330119621476897,0.44153030529235815,0.09807126033440543,2.6721520372612958e-05,0.0247130069997707
latest,UNRATE,6,naive_drift,normal_volatility,139,0.3699167649830657,0.2868308683634186,0.27288988506270634,0.9064748201438849,0.9424460431654677,2.0465003377201154,2.626654746916772,0.4564108337884084,0.043353006575567565,1.482842061722359e-09,0.0355209700011794
latest,UNRATE,6,naive_drift,recession,20,2.943638455294594,1.8532667780966345,1.660075119331901,0.0,0.15,0.8945768335037751,1.1481769354713014,0.9855478737868772,0.0007233400996962553,7.8282935233755915e-22,0.0053808199998561
latest,UNRATE,6,naive_last,all,237,1.5952857765493802,0.7244725738396622,0.6390148576791086,0.8481012658227848,0.8734177215189873,2.262278228679226,2.9036026716842054,0.452014302800704,0.06357275094236713,3.6332663571662387e-12,0.06455833400090119
latest,UNRATE,6,naive_last,expansion,217,1.407730467498812,0.6207373271889399,0.5450120104582247,0.9216589861751152,0.9400921658986175,2.3888535702056757,3.0660603637427593,0.4031436113405284,0.04093149439922753,3.0934517459800064e-19,0.0589244860008431
latest,UNRATE,6,naive_last,high_volatility,98,2.44419345237914,1.361224489795918,1.1662261542210124,0.7448979591836735,0.7755102040816326,2.586463071861601,3.3196894132930934,0.4544084546628635,0.09596083849632824,0.0004283835867884354,0.0263301710005754
latest,UNRATE,6,naive_last,normal_volatility,139,0.35674386757218357,0.27553956834532367,0.26731192918193913,0.920863309352518,0.9424460431654677,2.0337162529103576,2.610246551700959,0.4503263396173109,0.04126094285744706,5.046389275098676e-10,0.0382281630003258
latest,UNRATE,6,naive_last,recession,20,2.9421080877493266,1.85,1.6589457500256999,0.05,0.15,0.8889357731172456,1.1409367128488959,0.98226130514361,0.0010767373320566063,2.500627212826526e-20,0.0056338480000581006
latest,UNRATE,6,random_forest,all,237,2.034539881370478,1.207684021729662,0.9783883863800729,0.6455696202531646,0.7468354430379747,2.195476820888538,2.817863993004284,0.3751687538711237,0.0998190898473936,2.311779343028105e-13,174.58001738699977
latest,UNRATE,6,random_forest,expansion,217,1.9232893565552018,1.1377265936826044,0.9053849650153954,0.6912442396313364,0.7972350230414746,2.3069755225147213,2.960971027243887,0.32088973550738353,0.07338064135396881,4.882988705883063e-19,164.62018718500002
latest,UNRATE,6,random_forest,high_volatility,98,2.816118029983314,1.9624541202332748,1.5967740690310392,0.45918367346938777,0.6530612244897959,2.3861107371968324,3.062539975688143,0.42974050489992477,0.14869520779015177,5.365163925430612e-06,71.79125465200036
latest,UNRATE,6,random_forest,normal_volatility,139,1.2109676105670484,0.6755439522810724,0.5424042360218373,0.7769784172661871,0.8129496402877698,2.0610730525560705,2.6453586239178226,0.33669370638319207,0.06258154224287908,2.354758289089433e-12,102.78876273499942
latest,UNRATE,6,random_forest,recession,20,2.9860881300194353,1.9667221160402413,1.7704755081868213,0.15,0.2,0.9857159082444463,1.2651526715045909,0.9640961031177046,0.006897381559066481,6.8262559030274436e-15,9.95983020199975
latest,UNRATE,6,ridge,all,237,1.67198784180627,0.8964712863691501,0.7097902550142345,0.6751054852320675,0.7679324894514767,1.9086862813805772,2.4497723205598936,0.4190069860012473,0.09136977067454996,0.0005827315989817932,5.843537706999026
latest,UNRATE,6,ridge,expansion,217,1.5322643626662207,0.8601478066594522,0.66600783431669,0.695852534562212,0.7926267281105991,2.0223685947877432,2.595681990178649,0.39993280010189636,0.08230671541161261,4.8365773552311855e-05,5.339630229998873
latest,UNRATE,6,ridge,high_volatility,98,2.457148466173385,1.5069076480724637,1.2334723988453775,0.5102040816326531,0.6530612244897959,2.1171164163495253,2.7172895026125485,0.44905514488337495,0.13092625119424658,0.0008202603554075457,2.4173426449999864
latest,UNRATE,6,ridge,normal_volatility,139,0.7139971132979138,0.46609169322580685,0.34057550612609055,0.7913669064748201,0.8489208633093526,1.7617355387405988,2.2611630842925545,0.3978219531203228,0.06313443573123675,5.682018814802492e-06,3.4261950619990396
latest,UNRATE,6,ridge,recession,20,2.7664397480881604,1.2905810412193734,1.1848295195825929,0.45,0.5,0.6752331809128247,0.8666524051963996,0.6259619030092047,0.14997150871653506,0.001078913677174942,0.5039074770001538
latest,UNRATE,6,seasonal_naive,all,237,1.9600223885744472,1.156118143459916,0.9431591977561377,0.8227848101265823,0.8481012658227848,3.4762158093513262,4.461674688562178,0.45926256179096164,0.07127251731067907,6.803265633394741e-10,0.05608591299893291
latest,UNRATE,6,seasonal_naive,expansion,217,1.775472936280764,1.043778801843318,0.83852545521931,0.880184331797235,0.9032258064516129,3.6575672931468475,4.694436798097219,0.4135873192050554,0.05238669227164251,3.1098147300451846e-16,0.0513423329992221
latest,UNRATE,6,seasonal_naive,high_volatility,98,2.9689550144033876,2.110204081632653,1.6910280452240083,0.6326530612244898,0.6836734693877551,3.783213516213717,4.855701979523196,0.4917433948363211,0.12338116167018241,0.0001449331030958179,0.0231103679998575
latest,UNRATE,6,seasonal_naive,normal_volatility,139,0.5792577736598135,0.48345323741007185,0.4158847585341859,0.9568345323741008,0.9640287769784173,3.2597713829303596,4.183871274791102,0.43636240611869387,0.0338844708678768,9.974421087085216e-12,0.0329755449990754
latest,UNRATE,6,seasonal_naive,recession,20,3.364743675229957,2.375,2.0784353042807187,0.2,0.25,1.5085522101699165,1.9362058001069886,0.9548389438480447,0.007376742957034589,1.6144153692215724e-12,0.0047435799997108
latest,UNRATE,6,state_space,all,237,4.941651265912681,1.058575134819009,1.0894513079050094,0.8649789029535865,0.8987341772151899,4.055891016058249,5.205679761663189,0.5124041999133939,0.051655908143706256,1.6694196525325368e-06,57.00895369799949
latest,UNRATE,6,state_space,expansion,217,5.09764363273312,1.0241084198603034,1.0813352975212658,0.9124423963133641,0.9354838709677419,4.301665841775929,5.521128335379613,0.4759200761504281,0.03954825460334746,1.0504140626034629e-10,53.323912096999436
latest,UNRATE,6,state_space,high_volatility,98,7.676238067458278,2.2194409378148077,2.0831468444092716,0.7040816326530612,0.7653061224489796,4.486693298953994,5.758608505672734,0.46766759482492515,0.09178877588858939,0.017139663561970622,22.559341547999765
latest,UNRATE,6,state_space,normal_volatility,139,0.3047178119104902,0.24012298594427295,0.3888602102257456,0.9784172661870504,0.9928057553956835,3.7521599101317524,4.815845107613296,0.5439451157311633,0.02139759508978514,5.06541272400686e-11,34.44961214999972
latest,UNRATE,6,state_space,recession,20,2.725479433573878,1.4325389921209637,1.1775100205686275,0.35,0.5,1.3892341570214142,1.783062736840002,0.9082569427415734,0.011870349382879807,2.146553481539803e-09,3.685041601000051
latest,UNRATE,6,var,all,237,114.08392679771913,8.21126231015139,12.550590446793986,0.869198312236287,0.9071729957805907,52.77729811178901,67.73892877496866,0.5172813827578895,0.05591922716825822,3.198887606610329e-05,1.0206591769996247
latest,UNRATE,6,var,expansion,217,119.22224778099783,8.819226809272324,13.571483905348723,0.9216589861751152,0.9585253456221198,57.569668837910164,73.88987001095914,0.4833596747548489,0.0441113919690013,1.5571487044865103e-07,0.9355799889994749
latest,UNRATE,6,var,high_volatility,98,177.41189220908524,19.299526308211316,24.177502162890775,0.7653061224489796,0.7959183673469388,60.74174466857145,77.96118526296078,0.5140956098269684,0.08477733065621582,0.0028545490060149776,0.41814728500019777
latest,UNRATE,6,var,normal_volatility,139,0.5414281262319874,0.3936373331019468,4.353199452711354,0.9424460431654677,0.9856115107913669,47.162076798374045,60.53187024386629,0.5195274672703373,0.03602783102133372,2.9984505170694894e-05,0.6025118919994272
latest,UNRATE,6,var,recession,20,2.8531595491486934,1.6148474946892748,1.4738964214750707,0.3,0.35,0.7800757333744224,1.001216364471831,0.8853319145908793,0.037366053333140775,2.0665415611740393e-08,0.0850791880001499
latest,UNRATE,12,arima,all,235,5.694204919281637,1.5556139299333758,1.4202766642522735,0.851063829787234,0.8553191489361702,5.478457354652439,7.03152389039427,0.45407488960567427,0.06135521635897785,1.6239327233421424e-21,256.5685026199993
latest,UNRATE,12,arima,expansion,215,5.8615318760237285,1.4730523902526818,1.356923338308506,0.8976744186046511,0.9023255813953488,5.763792986261344,7.39774820876647,0.41338169784613643,0.045495219234667254,2.844685014193523e-30,238.5453618509993
latest,UNRATE,12,arima,high_volatility,98,8.784376490982117,2.972106891063838,2.525437750151363,0.673469387755102,0.6836734693877551,5.095211877510124,6.539633645757564,0.49925068463702726,0.11775932899999496,4.684473324998725e-06,108.40976168199927
latest,UNRATE,12,arima,normal_volatility,137,0.6474902580218052,0.5423561913145052,0.6297234787186181,0.9781021897810219,0.9781021897810219,5.7526037543600825,7.383386985097897,0.42175935739346554,0.019054367264761524,2.0439972568342526e-21,148.15874093800005
latest,UNRATE,12,arima,recession,20,3.4114391759061595,2.4431504815008376,2.1013249181477742,0.35,0.35,2.4110993148567155,3.0946124678931293,0.8915267010207059,0.023043987190884074,3.991303314687414e-08,18.02314076899998
latest,UNRATE,12,autoreg,all,235,24.601949050996982,3.087900595632862,3.6593988151389985,0.7787234042553192,0.7957446808510639,12.262650084741646,15.738940991697547,0.47379643136476246,0.08236633339297529,2.546995353234953e-10,2.761770853000402
latest,UNRATE,12,autoreg,expansion,215,25.70177895550291,3.1631749035350634,3.8069473321638037,0.8372093023255814,0.8511627906976744,13.297939708011885,17.06772083760068,0.4287044724337246,0.065029379617349,5.049659142482528e-16,2.568487439000425
latest,UNRATE,12,autoreg,high_volatility,98,38.090215862289604,6.719517201581137,6.808490917830868,0.5612244897959183,0.5714285714285714,10.023938214868604,12.865585414081634,0.5152822185959198,0.13373061334171646,1.0953213204493858e-05,1.1219113520005477
latest,UNRATE,12,autoreg,normal_volatility,137,0.6065967385128315,0.4901018556114682,1.406763588395909,0.9343065693430657,0.9562043795620438,13.864064415015793,17.79433403261988,0.44412046677605144,0.04420982935956007,5.808857472768688e-13,1.6398595009998544
latest,UNRATE,12,autoreg,recession,20,3.241341563886951,2.2787017856842082,2.0732522571223333,0.15,0.2,1.1332866345865598,1.4545576482388194,0.9585349898734196,0.01162363948901369,1.8314581115538074e-15,0.1932834139999775
latest,UNRATE,12,bvar_niw,all,235,2.060648385090808,1.3416193060185717,1.0754149760465797,0.7829787234042553,0.8170212765957446,3.8154921694540462,4.897131182438571,0.46872182956210595,0.08325073796207802,8.868982471184808e-05,82.8900773670006
latest,UNRATE,12,bvar_niw,expansion,215,1.8825457937717176,1.2334555723766485,0.9679019701886444,0.8418604651162791,0.8744186046511628,4.041276215539515,5.186921868273082,0.42241174304320667,0.06527393340750898,1.784926500459007e-09,75.83783975900062
latest,UNRATE,12,bvar_niw,high_volatility,98,3.0871196610225735,2.4736645933342953,1.90356336636945,0.5612244897959183,0.6224489795918368,3.896192861315042,5.000709399089293,0.4290804869025711,0.1467387852880503,1.1711339960439253e-09,34.65352285400007
latest,UNRATE,12,bvar_niw,normal_volatility,137,0.6829717197948146,0.5318350858949156,0.48301685742146117,0.9416058394160584,0.9562043795620438,3.757764667246911,4.82303873549134,0.4970784104426491,0.03663859315765327,7.135705760550145e-06,48.23655451300053
latest,UNRATE,12,bvar_niw,recession,20,3.4345192685836508,2.5043794426692436,2.2311797890193845,0.15,0.2,1.3883136740352635,1.7818813097175799,0.966555259640273,0.004957593024898027,8.356257834483983e-16,7.0522376079999844
latest,UNRATE,12,dynamic_factor,all,235,1.8739028256101864,1.1704339208251355,0.9421617049905913,0.8127659574468085,0.8425531914893617,3.314409183526845,4.253998132653109,0.4319003455971568,0.07390690390034044,3.445160095764471e-18,1587.6463929709996
latest,UNRATE,12,dynamic_factor,expansion,215,1.67757370492412,1.0647592427029269,0.8355478631207022,0.8651162790697674,0.8976744186046511,3.511206484622745,4.5065847340703495,0.3848525738438752,0.053618268037930926,1.4076985552698475e-25,1482.0197649819993
latest,UNRATE,12,dynamic_factor,high_volatility,98,2.8109898868451637,2.058779887957074,1.664550222115855,0.6020408163265306,0.673469387755102,3.433633888301591,4.407021384579475,0.49955851694806713,0.12999476810099106,7.481402272434168e-07,645.2390268390002
latest,UNRATE,12,dynamic_factor,normal_volatility,137,0.6091886841890478,0.5349747618548436,0.42541663434624194,0.9635036496350365,0.9635036496350365,3.2291243582135225,4.144536244413812,0.3835025295943158,0.028788335961565967,1.1336648134153161e-19,942.4073661319995
latest,UNRATE,12,dynamic_factor,recession,20,3.3176856604992926,2.3064367106388772,2.0882605050919,0.25,0.25,1.198838196745913,1.5386921674177862,0.9376638919449333,0.012003678867518639,1.9029442210954658e-10,105.62662798900027
latest,UNRATE,12,elastic_net,all,235,2.015084825805146,1.3923589869214972,1.0658973536436933,0.5234042553191489,0.6127659574468085,2.4067229098582703,3.08899541288868,0.2911019416443306,0.09512595003804489,1.2683955888264356e-25,9.031320471001411
latest,UNRATE,12,elastic_net,expansion,215,1.9458314709104105,1.398848468537504,1.0586690159987802,0.5395348837209303,0.6325581395348837,2.5049572383878997,3.215077808570074,0.26821225245643326,0.08250267688578376,7.967632772319178e-28,8.01568923000156
latest,UNRATE,12,elastic_net,high_volatility,98,2.5730211862899934,1.8195847265517342,1.4416821969411775,0.4387755102040816,0.5612244897959183,2.396962672908506,3.0764682843841764,0.39346505472822385,0.15201832171445054,9.875123517624602e-10,3.6333484219997234
latest,UNRATE,12,elastic_net,normal_volatility,137,1.4931236168216906,1.0867522534633713,0.7970877577082661,0.583941605839416,0.6496350364963503,2.413704685194598,3.097956424519639,0.21787869286899084,0.0422962174583247,3.4818966978562915e-18,5.397972049001689
latest,UNRATE,12,elastic_net,recession,20,2.647520411959378,1.3225970595494234,1.1436019833265103,0.35,0.4,1.3507038781647527,1.7336096593137,0.5371661004142269,0.17264744254902906,0.05247233874422452,1.0156312409998511
latest,UNRATE,12,hist_gradient_boosting,all,235,2.436100034900372,1.8413098226547384,1.4176806654298109,0.5234042553191489,0.6170212765957447,3.0185396235611455,3.874253663606086,0.34121395940368493,0.12159689261052896,3.387370999866008e-28,68.61260285700062
latest,UNRATE,12,hist_gradient_boosting,expansion,215,2.32686374757762,1.785077291193512,1.3408486563273116,0.5674418604651162,0.6697674418604651,3.200136261122359,4.107330424592929,0.2819430569982059,0.09072236467745619,1.4070315570468466e-35,64.50072959100048
latest,UNRATE,12,hist_gradient_boosting,high_volatility,98,2.98241566017538,2.3760321028964584,1.9129590330610824,0.40816326530612246,0.5204081632653061,3.1506592030654983,4.043827308070941,0.498097774064461,0.16381513208227022,3.7960055987409783e-08,27.731700303000594
latest,UNRATE,12,hist_gradient_boosting,normal_volatility,137,1.953728204027207,1.4588077535767199,1.0633939498979519,0.6058394160583942,0.6861313868613139,2.9240307272733608,3.7529528084414463,0.22899050074123206,0.06195724007997468,5.242766102049235e-34,40.88090255400003
latest,UNRATE,12,hist_gradient_boosting,recession,20,3.3952444010315115,2.445809535862928,2.243624763281674,0.05,0.05,1.066375769778105,1.3686784829975234,0.9783761602625853,0.0086457817552439,2.4470400669083e-24,4.111873266000145
latest,UNRATE,12,mean,all,235,2.256703485591125,1.899857024049259,1.3212377924928074,0.8340425531914893,0.8723404255319149,4.970947864349681,6.380142511540394,0.44915681059274387,0.10151270610326202,1.040422192099262e-11,0.0640855089990022
latest,UNRATE,12,mean,expansion,215,2.1966950765468245,1.8974476326678604,1.2980005789159133,0.8604651162790697,0.8976744186046511,5.181702976639201,6.650643769677961,0.42409921682756385,0.0957477671215393,6.52688517023201e-14,0.058555895998754395
latest,UNRATE,12,mean,high_volatility,98,2.9353291550659018,2.47631988090138,1.864043272130047,0.6020408163265306,0.6938775510204082,4.87536327177392,6.257461015137159,0.6470243672860027,0.11671646846763718,5.199770358016559e-10,0.026528580000496897
latest,UNRATE,12,mean,normal_volatility,137,1.6038356983509439,1.4874967322864276,0.9329535807814977,1.0,1.0,5.039322244440373,6.467900078310593,0.30761651456398936,0.04302214071928459,6.584087297397544e-24,0.0375569289985053
latest,UNRATE,12,mean,recession,20,2.822331530726929,1.9257579813992909,1.5710378384444215,0.55,0.6,2.7053304072373483,3.472253986561568,0.7185259435684284,0.08830324326383128,0.004908237104316648,0.0055296130002478
latest,UNRATE,12,naive_drift,all,235,2.0137439431804243,1.2090261372369489,1.0042525425324655,0.8127659574468085,0.8340425531914893,3.4283852760684272,4.400284863708768,0.45710417100334044,0.07786469806576951,2.4862107269972165e-09,0.0677801390010762
latest,UNRATE,12,naive_drift,expansion,215,1.831754981634756,1.0947471027034994,0.8923267622083565,0.8697674418604651,0.8883720930232558,3.6374368276888016,4.668599625398812,0.41036680978654433,0.058822875577032516,2.2456242076399723e-15,0.06207514400073419
latest,UNRATE,12,naive_drift,high_volatility,98,3.030277689477352,2.195169300472875,1.7874078753110632,0.6122448979591837,0.6530612244897959,3.5342383026043653,4.536145752417868,0.48187291496867135,0.1335609587800384,1.4656846827729624e-06,0.0283915160006771
latest,UNRATE,12,naive_drift,normal_volatility,137,0.6223957442658422,0.5036098598857025,0.444039238793031,0.9562043795620438,0.9635036496350365,3.3526655928529387,4.3030997024424025,0.43938638334930813,0.037954391319177626,5.999801667081621e-11,0.039388623000399095
latest,UNRATE,12,naive_drift,recession,20,3.402708773195392,2.437525758471529,2.207454681016641,0.2,0.25,1.1810810961494105,1.5159011755407739,0.9595308040838979,0.005997454769858566,2.7237348073373234e-13,0.005704995000342001
latest,UNRATE,12,naive_last,all,235,1.9760049961173811,1.1651063829787232,0.9799685616954311,0.8127659574468085,0.8340425531914893,3.3853101885045302,4.344998587357788,0.4592017313594089,0.07525943421362061,6.122985087306506e-10,0.070682971999122
latest,UNRATE,12,naive_last,expansion,215,1.7905176593298635,1.0502325581395349,0.8688239128035405,0.8697674418604651,0.8883720930232558,3.5907700932150317,4.608703520145692,0.4132049786110898,0.05666154637219815,2.865711785907658e-16,0.06478302999913821
latest,UNRATE,12,naive_last,high_volatility,98,2.98126804961806,2.126530612244898,1.752408064624463,0.6122448979591837,0.6530612244897959,3.4975254996541523,4.4890253799632855,0.49527919518875446,0.12982310893124835,9.55467612300394e-07,0.0294972560001508
latest,UNRATE,12,naive_last,normal_volatility,137,0.5829699945953823,0.4773722627737227,0.42742059609656124,0.9562043795620438,0.9635036496350365,3.3050393819887423,4.2419721225742935,0.43339449445958506,0.03528725750401307,3.9038778977356425e-12,0.0411857159989712
latest,UNRATE,12,naive_last,recession,20,3.3786091813052304,2.4,2.1747735372832553,0.2,0.25,1.176616212866635,1.5101705598878112,0.9536668234038392,0.007386650826201428,3.326106695600598e-12,0.0058999419999837995
latest,UNRATE,12,random_forest,all,235,2.4039421783790904,1.892097765519042,1.425463159734139,0.5361702127659574,0.5872340425531914,3.138615631750175,4.028369551635645,0.3430614956992364,0.12518250107274753,5.745026173351619e-33,169.43615041100162
latest,UNRATE,12,random_forest,expansion,215,2.3004876751546677,1.8467914336198672,1.3589022702221714,0.5813953488372093,0.6372093023255814,3.312254141545989,4.251232166215436,0.2847788591906768,0.09552665653183787,3.811928089496412e-42,159.87208906000154
latest,UNRATE,12,random_forest,high_volatility,98,3.035171888470369,2.5339630922309397,2.002516018567526,0.35714285714285715,0.46938775510204084,3.260953422032388,4.185388405553877,0.5005229964543182,0.17739877437903298,3.843326350104838e-08,67.80273547900015
latest,UNRATE,12,random_forest,normal_volatility,137,1.8229040095121802,1.4329532252433776,1.0126808227584316,0.6642335766423357,0.6715328467153284,3.0511039277526786,3.9160494955481524,0.23042480172844787,0.058213805596800595,1.179117953849412e-42,101.63341493200149
latest,UNRATE,12,random_forest,recession,20,3.3182681283454785,2.379140833435167,2.140992721987793,0.05,0.05,1.2720016514451764,1.6325964449029011,0.969599838166252,0.014140459585774184,4.315486871272135e-21,9.564061351000106
latest,UNRATE,12,ridge,all,235,2.108826751656904,1.4522572600479813,1.1216416755330065,0.5148936170212766,0.5872340425531914,2.3520028635852244,3.0187629938436276,0.3108497207410604,0.10664644489874539,2.280955954988427e-22,6.46768719099774
latest,UNRATE,12,ridge,expansion,215,2.052867186944354,1.4650993099699823,1.121301821933929,0.5302325581395348,0.6046511627906976,2.461864753894598,3.159769203501938,0.2958314246593939,0.09728185068163861,5.026766072406922e-22,5.929439665997938
latest,UNRATE,12,ridge,high_volatility,98,2.5829173560264924,1.8489366546354435,1.4632598772650698,0.42857142857142855,0.5204081632653061,2.3137709951384324,2.969692921931918,0.3977231977989135,0.15727607834174465,6.485831188649552e-09,2.6202172059987516
latest,UNRATE,12,ridge,normal_volatility,137,1.6899812775454792,1.1685011967664387,0.8772724509363478,0.5766423357664233,0.635036496350365,2.3793512074376735,3.0538642131673317,0.2487066495609904,0.0619913316916735,8.492471881162213e-15,3.847469984998988
latest,UNRATE,12,ridge,recession,20,2.636414424396682,1.3142052233864718,1.1252951017230886,0.35,0.4,1.1709875427594554,1.5029462400167861,0.47229640361897607,0.1877451763417283,0.056665829130662426,0.5382475249998027
latest,UNRATE,12,seasonal_naive,all,235,1.9760049961173811,1.1651063829787232,0.9834842350148174,0.8,0.8425531914893617,3.571156206079344,4.583529368546069,0.46643324935038705,0.07008986433738618,4.977456953210455e-10,0.06338781500197671
latest,UNRATE,12,seasonal_naive,expansion,215,1.7905176593298635,1.0502325581395349,0.8758445566312705,0.8511627906976744,0.8930232558139535,3.7667593054566733,4.834583228651204,0.42317156050283533,0.05344817120595931,3.073207296723471e-16,0.0579901190021026
latest,UNRATE,12,seasonal_naive,high_volatility,98,2.98126804961806,2.126530612244898,1.7514464834353989,0.5714285714285714,0.6632653061224489,3.6206398336951793,4.647040917005715,0.4981011711787884,0.12762360925704416,1.6133393603117637e-06,0.026422770999767697
latest,UNRATE,12,seasonal_naive,normal_volatility,137,0.5829699945953823,0.4773722627737227,0.4341389770205328,0.9635036496350365,0.9708029197080292,3.535759158587724,4.538097749939898,0.44378028337094666,0.02833055627498359,1.1968224942732872e-11,0.036965044002209
latest,UNRATE,12,seasonal_naive,recession,20,3.3786091813052304,2.4,2.1406107776379457,0.25,0.3,1.4684228877730465,1.8847003724158706,0.9314964044615677,0.01237139483242826,3.756811610178303e-10,0.005397695999874099
latest,UNRATE,12,state_space,all,235,9.160014884850764,1.8874207169536834,1.9392636573674449,0.8085106382978723,0.8297872340425532,6.895532356791767,8.850319965088792,0.5204169223126883,0.061622189128382035,5.228312031034482e-07,67.62236798800049
latest,UNRATE,12,state_space,expansion,215,9.524930518620053,1.8544304952258412,1.9487169675046976,0.8511627906976744,0.8744186046511628,7.298768096754314,9.367867434286412,0.4850620938896671,0.05112980194874441,1.3159785005737316e-08,62.97512253700029
latest,UNRATE,12,state_space,high_volatility,98,14.17092455067096,3.914359005931512,3.5963347177357723,0.5714285714285714,0.6224489795918368,6.115225201662319,7.8488065740100375,0.4874796855963379,0.12227014385717863,0.0007082310872526115,26.625175947000315
latest,UNRATE,12,state_space,normal_volatility,137,0.5266616073940451,0.4374940576848715,0.7539135557901012,0.9781021897810219,0.9781021897810219,7.4537082779792545,9.566731003962644,0.5439778653652603,0.017478093364912215,1.724984669650655e-10,40.997192041000176
latest,UNRATE,12,state_space,recession,20,3.2569562833691057,2.2420656005279866,1.837640573391976,0.35,0.35,2.560748152194393,3.28668467121438,0.9004813278601663,0.016847018672124583,3.245647885801357e-09,4.6472454510002015
latest,UNRATE,12,var,all,235,10622.863143085353,694.3315471550933,1075.910673984277,0.8212765957446808,0.8340425531914893,4194.004819635384,5382.946909434473,0.5409270230382336,0.06654470184689572,1.7715229378460117e-05,1.209322502998421
latest,UNRATE,12,var,expansion,215,11105.964622503237,758.710105927082,1175.8041135843011,0.8790697674418605,0.8930232558139535,4584.044265434993,5883.557118439208,0.5026315836334281,0.05468873615814682,6.496137261898744e-06,1.1128433019985133
latest,UNRATE,12,var,high_volatility,98,16449.870312721534,1663.8594631019719,1945.4028715656907,0.6326530612244898,0.6632653061224489,3098.6872306951095,3977.12200369489,0.5289755055765957,0.11117557617542717,5.370303086713252e-07,0.5021946369984629
latest,UNRATE,12,var,normal_volatility,137,1.0633389091731542,0.8006291784939931,453.9381530866237,0.9562043795620438,0.9562043795620438,4977.516671578062,6388.57348434308,0.5494762837042225,0.03502513112643937,3.318037103798461e-08,0.707127865999958
latest,UNRATE,12,var,recession,20,3.3662026003079966,2.26204035621356,2.0561982840193487,0.2,0.2,1.0807772895944945,1.3871626335697518,0.9526029966398918,0.008590647551746525,1.0689116507993397e-12,0.0964792009999078
