truth_mode,target,horizon,model,baseline,regime,n_common,baseline_n,failure_count,success_share_vs_baseline,rmse,baseline_rmse,rmse_rel,crps,baseline_crps,crps_rel,combined_rel,coverage80,coverage90,width80,width90,pit_mean,pit_var,pit_ks_p,runtime_s
first_release,CPIAUCSL,1,arima,naive_last,all,237,237,0,1.0,0.4326425777051088,0.47866871561638535,0.9038455273768866,0.23443217011217474,0.2527716053921676,0.9274466162782019,0.9132859629374127,0.8565400843881856,0.9113924050632911,1.1528397614848547,1.4796538149180236,0.5200269388390767,0.06861977554562179,0.04924238934229086,262.18349579600033
first_release,CPIAUCSL,1,autoreg,naive_last,all,237,237,0,1.0,0.43913967177537083,0.47866871561638535,0.9174187855788473,0.23943511328883743,0.2527716053921676,0.9472389626887127,0.9293468564227934,0.8143459915611815,0.8945147679324894,1.1141522223895206,1.429998896060549,0.5219744333588989,0.07492067429802471,0.12666628165281113,2.5257850190023445
first_release,CPIAUCSL,1,bvar_niw,naive_last,all,237,237,0,1.0,0.4570173399601968,0.47866871561638535,0.9547675146717957,0.24548399226963816,0.2527716053921676,0.9711691781550269,0.9613281800650881,0.8565400843881856,0.9240506329113924,1.2306531648092958,1.5795262368515526,0.5119509562022658,0.06630438599421892,0.060708819475991826,18.673089449000038
first_release,CPIAUCSL,1,dynamic_factor,naive_last,all,237,237,0,1.0,0.47947117288959284,0.47866871561638535,1.0016764355952825,0.25432138161966467,0.2527716053921676,1.0061311325894087,1.003458314392933,0.8734177215189873,0.9071729957805907,1.2843025902533878,1.6483845289391417,0.5111909405354367,0.06373011854448302,0.020754069447644304,1544.844016895
first_release,CPIAUCSL,1,elastic_net,naive_last,all,237,237,0,1.0,0.6687081766297881,0.47866871561638535,1.3970166731466616,0.3626370924991762,0.2527716053921676,1.4346433094672781,1.412067327674908,0.8143459915611815,0.8945147679324894,1.6195233211472682,2.078635679079798,0.47862827621794685,0.07956725973142947,0.4010605933676241,7.7370970599993605
first_release,CPIAUCSL,1,hist_gradient_boosting,naive_last,all,237,237,0,1.0,0.8889445637802014,0.47866871561638535,1.8571185765409812,0.49537880372086807,0.2527716053921676,1.9597881769683057,1.898186416711911,0.6582278481012658,0.7679324894514767,1.4656982187679077,1.8812032976076163,0.4725143482293793,0.10699082025052126,0.03350026636197512,74.66784815199925
first_release,CPIAUCSL,1,mean,naive_last,all,237,237,0,1.0,1.9398210966085654,0.47866871561638535,4.052533690468246,1.0353644031396305,0.2527716053921676,4.096047107558991,4.069939057304543,0.729957805907173,0.8016877637130801,3.6893698468185465,4.735254933831761,0.4654614738815132,0.0911601607724912,0.00560080017856407,0.05803733899820689
first_release,CPIAUCSL,1,naive_drift,naive_last,all,237,237,0,1.0,0.4795793176193068,0.47866871561638535,1.0019023637292628,0.2532867239799844,0.2527716053921676,1.0020378815374362,1.0019565708525322,0.8734177215189873,0.9113924050632911,1.2561975939120265,1.612312156659762,0.5091942067103621,0.06564740674888833,0.08180854942559923,0.06507427600108612
first_release,CPIAUCSL,1,naive_last,naive_last,all,237,237,0,1.0,0.47866871561638535,0.47866871561638535,1.0,0.2527716053921676,0.2527716053921676,1.0,1.0,0.8776371308016878,0.9156118143459916,1.2546623924611922,1.6103417469295602,0.5020974375441459,0.06563494704408362,0.03822367994929232,0.0658035599982605
first_release,CPIAUCSL,1,random_forest,naive_last,all,237,237,0,1.0,0.8734437788767191,0.47866871561638535,1.8247354597886742,0.47869146227735143,0.2527716053921676,1.8937707086785953,1.8523495593446426,0.7046413502109705,0.7848101265822784,1.6850436131955748,2.162730063505741,0.5014625469146963,0.09379767408658457,0.17093834013119313,187.68725787899922
first_release,CPIAUCSL,1,ridge,naive_last,all,237,237,0,1.0,0.6406929085821887,0.47866871561638535,1.33848920491318,0.34548040536179087,0.2527716053921676,1.366769043642336,1.3498011404048424,0.810126582278481,0.9029535864978903,1.544905360636694,1.9828645635965263,0.46871463718341827,0.07723966594914793,0.1603265091556494,6.607562835000142
first_release,CPIAUCSL,1,seasonal_naive,naive_last,all,237,237,0,1.0,2.338803958063398,0.47866871561638535,4.886059777380066,1.2884042745457216,0.2527716053921676,5.0971084056170035,4.97047922867484,0.7721518987341772,0.8227848101265823,5.111522823633018,6.560568518462316,0.49984265980719583,0.08865980058897839,0.345161485998001,0.0613618939991501
first_release,CPIAUCSL,1,state_space,naive_last,all,237,237,0,1.0,0.48680973065379657,0.47866871561638535,1.0170076187806174,0.26061398402265584,0.2527716053921676,1.0310255521711824,1.0226147921368436,0.8818565400843882,0.9409282700421941,1.395776872577658,1.7914602213440505,0.5149218729162701,0.05991064023843205,0.004381441897646684,54.53802562999921
first_release,CPIAUCSL,1,var,naive_last,all,237,237,0,1.0,0.4574747661059231,0.47866871561638535,0.9557231362338551,0.24738462401650768,0.2527716053921676,0.9786883444946193,0.9649092195381608,0.8185654008438819,0.8776371308016878,1.1327797222779636,1.4539070333343875,0.5134350223934944,0.07469916377156383,0.34616476676473684,1.1544416439996064
first_release,CPIAUCSL,1,arima,naive_last,expansion,217,217,0,1.0,0.4083955077106182,0.44225390532740644,0.9234412693501883,0.22398260070125312,0.2384741794882058,0.93923208450469,0.929757595411989,0.8755760368663594,0.9216589861751152,1.146132820818484,1.4710455497670698,0.5312380271450731,0.06574568000523474,0.02086374265785139,242.63657879700042
first_release,CPIAUCSL,1,autoreg,naive_last,expansion,217,217,0,1.0,0.41132333024534895,0.44225390532740644,0.9300614992666731,0.2275405531943525,0.2384741794882058,0.9541517395412864,0.9396975953765185,0.8294930875576036,0.9124423963133641,1.112755678277868,1.428206451098513,0.5366682571657967,0.07123391241989314,0.02871876202900514,2.348678817002483
first_release,CPIAUCSL,1,bvar_niw,naive_last,expansion,217,217,0,1.0,0.42719555566933737,0.44225390532740644,0.9659508950024508,0.23308458244487826,0.2384741794882058,0.9773996620728741,0.9705304018306201,0.880184331797235,0.9308755760368663,1.2263573516778186,1.5740126203885165,0.5243164240844166,0.06284561642010902,0.018668281290307627,17.106100075000207
first_release,CPIAUCSL,1,dynamic_factor,naive_last,expansion,217,217,0,1.0,0.44414280643508963,0.44225390532740644,1.0042710784120377,0.24040723919362147,0.2384741794882058,1.0081059497072775,1.0058050269301337,0.8847926267281107,0.9170506912442397,1.279816362599086,1.64262651808191,0.5250945314455894,0.060451683243690955,0.006335319092919747,1439.8660847689998
first_release,CPIAUCSL,1,elastic_net,naive_last,expansion,217,217,0,1.0,0.6105400191517237,0.44225390532740644,1.3805192261665453,0.3404941397753304,0.2384741794882058,1.4278029617549022,1.3994327204018882,0.8202764976958525,0.9078341013824884,1.6310910506690757,2.093482699185035,0.4955328522695113,0.07659238602337481,0.6917967956429709,7.259453063999349
first_release,CPIAUCSL,1,hist_gradient_boosting,naive_last,expansion,217,217,0,1.0,0.8619426554845797,0.44225390532740644,1.9489769227622131,0.4750813794801794,0.2384741794882058,1.9921711461583014,1.9662546121206483,0.6866359447004609,0.7926267281105991,1.4727490470621958,1.8902529377506128,0.4849166536432027,0.1021298722869083,0.02130141112915434,69.99059356999935
first_release,CPIAUCSL,1,mean,naive_last,expansion,217,217,0,1.0,1.8948109266119315,0.44225390532740644,4.284441366796248,0.9822283854999709,0.2384741794882058,4.1188039208603255,4.218186388421879,0.7788018433179723,0.8387096774193549,3.764669663836876,4.831901202668197,0.4636495110878063,0.08109510788036578,0.0010830711212660423,0.0531774499981061
first_release,CPIAUCSL,1,naive_drift,naive_last,expansion,217,217,0,1.0,0.4442215948904284,0.44225390532740644,1.0044492304970496,0.23940264335662956,0.2384741794882058,1.0038933517683817,1.0042268790055826,0.8847926267281107,0.9216589861751152,1.2520285974438021,1.606961307621868,0.5225476873981549,0.06257396849186862,0.036665556551743195,0.0595852010011582
first_release,CPIAUCSL,1,naive_last,naive_last,expansion,217,217,0,1.0,0.44225390532740644,0.44225390532740644,1.0,0.2384741794882058,0.2384741794882058,1.0,1.0,0.8894009216589862,0.9262672811059908,1.2505322510897217,1.605040767868449,0.5154529370528151,0.06261449002252333,0.05555205831073606,0.060284915998312795
first_release,CPIAUCSL,1,random_forest,naive_last,expansion,217,217,0,1.0,0.8184235522674185,0.44225390532740644,1.850573940464197,0.44452277680699065,0.2384741794882058,1.864028960120504,1.8559559483267198,0.7419354838709677,0.8110599078341014,1.682979469175521,2.160080763337711,0.5153835847428383,0.08663989636623465,0.12269660469500676,176.27172022699904
first_release,CPIAUCSL,1,ridge,naive_last,expansion,217,217,0,1.0,0.5966557325651294,0.44225390532740644,1.3491248474638504,0.32787404530995623,0.2384741794882058,1.3748827903029723,1.3594280245994992,0.8202764976958525,0.9170506912442397,1.558849490402635,2.0007616603945344,0.47733899648796363,0.0746863524693838,0.1813504577371432,6.046540582000337
first_release,CPIAUCSL,1,seasonal_naive,naive_last,expansion,217,217,0,1.0,2.2362346615033313,0.44225390532740644,5.056449778205615,1.2124193143948079,0.2384741794882058,5.084069549989878,5.067497686919321,0.8110599078341014,0.8571428571428571,5.2033125084940375,6.678379303544712,0.5031241628866796,0.08056105768344797,0.3923715288221308,0.0562217159994019
first_release,CPIAUCSL,1,state_space,naive_last,expansion,217,217,0,1.0,0.45033317966864644,0.44225390532740644,1.0182684070031192,0.24642649922300708,0.2384741794882058,1.033346669865341,1.024299712148008,0.8940092165898618,0.9539170506912442,1.3904259974315438,1.7845924474455332,0.5270615461314052,0.05650063006304298,0.0019698813511513694,49.811644908999185
first_release,CPIAUCSL,1,var,naive_last,expansion,217,217,0,1.0,0.43940440187401847,0.44225390532740644,0.9935568608460824,0.23984325342409238,0.2384741794882058,1.0057409734623044,0.9984305058925713,0.8294930875576036,0.8847926267281107,1.1274016414625645,1.4470043413373723,0.5229338202217759,0.07314760037364036,0.20385818147074153,1.0621479779999876
first_release,CPIAUCSL,1,arima,naive_last,high_volatility,102,102,0,1.0,0.5621166843237637,0.627589400010521,0.8956758739302166,0.31206791855361266,0.33609593994909504,0.9285084449424719,0.9088089023351187,0.7450980392156863,0.8333333333333334,1.186816952284652,1.523263067189444,0.5354844025113591,0.0932517052824241,0.3212167387145317,102.37010760399951
first_release,CPIAUCSL,1,autoreg,naive_last,high_volatility,102,102,0,1.0,0.5669611477806206,0.627589400010521,0.903395034669349,0.31877339917495345,0.33609593994909504,0.9484595357600415,0.9214208351056261,0.6764705882352942,0.7941176470588235,1.1103052553967447,1.4250613673797263,0.5484184060759265,0.10388187396296215,0.10055755634724121,1.0071833370007064
first_release,CPIAUCSL,1,bvar_niw,naive_last,high_volatility,102,102,0,1.0,0.6051223704720774,0.627589400010521,0.9642010691415964,0.33277372872538646,0.33609593994909504,0.9901152890326145,0.9745667570980037,0.7450980392156863,0.8431372549019608,1.2572703749805163,1.6136890562546533,0.5329895760314948,0.0934828898757143,0.4698015491496583,8.052979480999749
first_release,CPIAUCSL,1,dynamic_factor,naive_last,high_volatility,102,102,0,1.0,0.6326157145857085,0.627589400010521,1.008008922035814,0.3415024791313404,0.33609593994909504,1.0160862972134215,1.011239872106857,0.7549019607843137,0.8235294117647058,1.3161380184331168,1.6892448586479412,0.5274595626369094,0.0879251267443077,0.6734342446283728,608.8144228520001
first_release,CPIAUCSL,1,elastic_net,naive_last,high_volatility,102,102,0,1.0,0.8628697297099068,0.627589400010521,1.3748953212011572,0.4798745593966485,0.33609593994909504,1.427790408504578,1.3960533561225255,0.696078431372549,0.7941176470588235,1.5440401787868234,1.9817541147140982,0.5179226953779174,0.11411777146167544,0.021406309161751694,3.1619646909987815
first_release,CPIAUCSL,1,hist_gradient_boosting,naive_last,high_volatility,102,102,0,1.0,1.1072655088624412,0.627589400010521,1.7643151857629829,0.6670300742505092,0.33609593994909504,1.9846418684841516,1.8524458588514503,0.5098039215686274,0.6078431372549019,1.418782173045246,1.8209872048307738,0.5706102549141201,0.13629594504666573,4.334608388250042e-05,28.303441373999604
first_release,CPIAUCSL,1,mean,naive_last,high_volatility,102,102,0,1.0,2.4825619619391515,0.627589400010521,3.9557104723208094,1.441548286194036,0.33609593994909504,4.289097590445075,4.0890653195705156,0.5392156862745098,0.6372549019607843,3.5362577057256814,4.538737628264052,0.6130838026305878,0.12197559240355849,4.229701778891746e-06,0.0250669309997084
first_release,CPIAUCSL,1,naive_drift,naive_last,high_volatility,102,102,0,1.0,0.6290720344248308,0.627589400010521,1.0023624274315102,0.336905808628448,0.33609593994909504,1.0024096354138512,1.0023813106244466,0.7549019607843137,0.8333333333333334,1.2764008688728166,1.6382427793432366,0.5098415437011208,0.08955635729787095,0.7917463769922147,0.027932679999191003
first_release,CPIAUCSL,1,naive_last,naive_last,high_volatility,102,102,0,1.0,0.627589400010521,0.627589400010521,1.0,0.33609593994909504,0.33609593994909504,1.0,1.0,0.7647058823529411,0.8333333333333334,1.2749887348851103,1.6364303249919114,0.5042492352268282,0.08967747608683023,0.8082029812847359,0.028162210999334993
first_release,CPIAUCSL,1,random_forest,naive_last,high_volatility,102,102,0,1.0,1.141504285086741,0.627589400010521,1.818871199971836,0.6749240735978188,0.33609593994909504,2.00812920769005,1.8945744030591216,0.5294117647058824,0.6274509803921569,1.6652782145710971,2.1373614490155406,0.543609846867679,0.13056993890990942,0.0012625589340620846,72.35753173199994
first_release,CPIAUCSL,1,ridge,naive_last,high_volatility,102,102,0,1.0,0.8284781452904629,0.627589400010521,1.3200958226454658,0.45745565653478737,0.33609593994909504,1.361086529650056,1.3364921054473018,0.6764705882352942,0.803921568627451,1.4616333177351402,1.8759860536147033,0.49092877160030385,0.1110390276933707,0.11140910657744285,2.8920705349995286
first_release,CPIAUCSL,1,seasonal_naive,naive_last,high_volatility,102,102,0,1.0,3.293690013209484,0.627589400010521,5.24816068141729,2.0254555247652277,0.33609593994909504,6.0264206853317015,5.559464682983055,0.5,0.6176470588235294,4.831938882308069,6.201726414648646,0.5368758369645314,0.15438918821827705,1.40265162664848e-05,0.02636298399994
first_release,CPIAUCSL,1,state_space,naive_last,high_volatility,102,102,0,1.0,0.641289467000451,0.627589400010521,1.0218296660040789,0.3466587508764708,0.33609593994909504,1.0314279634826162,1.0256689849954936,0.7745098039215687,0.8921568627450981,1.4467601539925408,1.8568965546167748,0.5196102158872394,0.08378958031556433,0.42132887527792107,22.92064406600015
first_release,CPIAUCSL,1,var,naive_last,high_volatility,102,102,0,1.0,0.5815607816027186,0.627589400010521,0.9266580691021379,0.3263908155988773,0.33609593994909504,0.9711239464788307,0.944444420052815,0.6862745098039216,0.7745098039215687,1.1594134044964624,1.4880909943812877,0.5159361598747342,0.10197018455938951,0.23315818341323652,0.48349849900004405
first_release,CPIAUCSL,1,arima,naive_last,normal_volatility,135,135,0,1.0,0.29977890861942985,0.32349645147592243,0.9266837619136671,0.1757740490675327,0.18981544150471122,0.9260260791963544,0.9264206888267419,0.9407407407407408,0.9703703703703703,1.1271681062138967,1.4467046020907282,0.5083479662866858,0.05024671512368522,0.00753905661993875,159.81338819200084
first_release,CPIAUCSL,1,autoreg,naive_last,normal_volatility,135,135,0,1.0,0.30931897918129103,0.32349645147592243,0.956174257151978,0.17949063061932752,0.18981544150471122,0.9456060539462094,0.9519469758696706,0.9185185185185185,0.9703703703703703,1.1170588196729514,1.4337294732860595,0.5019945428615893,0.05271635420973317,0.025811799373559013,1.5186016820016381
first_release,CPIAUCSL,1,bvar_niw,naive_last,normal_volatility,135,135,0,1.0,0.30001623076700595,0.32349645147592243,0.9274173778358614,0.1795317469475172,0.18981544150471122,0.9458226660819964,0.9347794931343154,0.9407407407407408,0.9851851851851852,1.2105423837910405,1.553714328858099,0.49605511010907055,0.04572241864254102,0.0009435869698366338,10.620109968000289
first_release,CPIAUCSL,1,dynamic_factor,naive_last,normal_volatility,135,135,0,1.0,0.31814133844884046,0.32349645147592243,0.9834461460005209,0.18845121905528744,0.18981544150471122,0.9928129005806415,0.9871928478325692,0.9629629629629629,0.9703703703703703,1.2602491556287032,1.617512279825826,0.4988990927254349,0.045615499605491217,0.0013860538679735868,936.029594043
first_release,CPIAUCSL,1,elastic_net,naive_last,normal_volatility,135,135,0,1.0,0.47168675148151507,0.32349645147592243,1.4580894143644798,0.27405767306553047,0.18981544150471122,1.443811266844317,1.4523781553564148,0.9037037037037037,0.9703703703703703,1.6765550287084936,2.1518350832672155,0.4489391595193023,0.05205589735615878,0.00041024489837214597,4.575132369000579
first_release,CPIAUCSL,1,hist_gradient_boosting,naive_last,normal_volatility,135,135,0,1.0,0.6789259118231089,0.32349645147592243,2.09871208393654,0.365686732654028,0.18981544150471122,1.9265383772528941,2.0298426012630815,0.7703703703703704,0.8888888888888888,1.5011458977583632,1.9266999010390085,0.398397440956464,0.07284193412211401,0.0001316099028331212,46.36440677799965
first_release,CPIAUCSL,1,mean,naive_last,normal_volatility,135,135,0,1.0,1.3962146654077165,0.32349645147592243,4.316012305660903,0.7284699137207463,0.18981544150471122,3.8377800454272615,4.124719401567447,0.8740740740740741,0.9259259259259259,3.8050545756442666,4.883734675816251,0.3539246032711013,0.039492382745349455,3.737425676869544e-12,0.0329704079984985
first_release,CPIAUCSL,1,naive_drift,naive_last,normal_volatility,135,135,0,1.0,0.323688265545188,0.32349645147592243,1.0005929402575837,0.1901078600233676,0.18981544150471122,1.0015405412559606,1.0009719806569344,0.9629629629629629,0.9703703703703703,1.2409328972749845,1.5927201306322478,0.508705107650678,0.04811582737782971,0.0026826296194767093,0.0371415960018951
first_release,CPIAUCSL,1,naive_last,naive_last,normal_volatility,135,135,0,1.0,0.32349645147592243,0.32349645147592243,1.0,0.18981544150471122,0.18981544150471122,1.0,1.0,0.9629629629629629,0.9777777777777777,1.2393047115186766,1.5906303768380052,0.5004716348505638,0.04799696490445398,0.0011678102142363505,0.0376413489989255
first_release,CPIAUCSL,1,random_forest,naive_last,normal_volatility,135,135,0,1.0,0.5956570533861406,0.32349645147592243,1.8413093889237757,0.3304268226129981,0.18981544150471122,1.740779464482066,1.8010974191470919,0.837037037037037,0.9037037037037037,1.6999774699340688,2.1818974611205584,0.46961792028355365,0.06440741897239852,0.016896901113551688,115.32972614699929
first_release,CPIAUCSL,1,ridge,naive_last,normal_volatility,135,135,0,1.0,0.4494866103525327,0.32349645147592243,1.3894638049406474,0.2608768822533047,0.18981544150471122,1.3743712323153106,1.3834267758905128,0.9111111111111111,0.9777777777777777,1.6078220152734233,2.0636172155827923,0.45193062451288246,0.05168101297510972,0.001190776746015781,3.715492300000614
first_release,CPIAUCSL,1,seasonal_naive,naive_last,normal_volatility,135,135,0,1.0,1.1858885059083393,0.32349645147592243,3.6658470301539117,0.7315211077132062,0.18981544150471122,3.8538545753404887,3.7410500482285425,0.9777777777777777,0.9777777777777777,5.3227640237452,6.831693663565978,0.47186203706609775,0.037946439081218405,0.0003177008204077305,0.0349989099992101
first_release,CPIAUCSL,1,state_space,naive_last,normal_volatility,135,135,0,1.0,0.324521502741223,0.32349645147592243,1.0031686630892669,0.19560238239977323,0.18981544150471122,1.0304871977178862,1.0140960769407146,0.9629629629629629,0.9777777777777777,1.357256171064191,1.742019436204659,0.5113795693382045,0.04233005596134855,0.0016451810307412094,31.61738156399906
first_release,CPIAUCSL,1,var,naive_last,normal_volatility,135,135,0,1.0,0.33446905575272723,0.32349645147592243,1.0339187778621475,0.18769105704316183,0.18981544150471122,0.988808157836323,1.0158745298518177,0.9185185185185185,0.9555555555555556,1.1126564957128755,1.4280791516545075,0.5115452740743353,0.05469323749453359,0.056592016497770854,0.6709431449995622
first_release,CPIAUCSL,1,arima,naive_last,recession,20,20,0,1.0,0.6390934956801989,0.7700525331348747,0.8299349306448703,0.3478099982206738,0.4078986764501532,0.8526872439194529,0.8390358559547033,0.65,0.8,1.2256100677149764,1.5730534918058747,0.3983866307190179,0.08789465535405935,0.3148448566297831,19.546916998999933
first_release,CPIAUCSL,1,autoreg,naive_last,recession,20,20,0,1.0,0.670462227481883,0.7700525331348747,0.8706707641781779,0.368491090313999,0.4078986764501532,0.9033887864527799,0.8837579730880187,0.65,0.7,1.1293047260009532,1.4494469238986398,0.3625464450540578,0.09155559195460798,0.15823873478291484,0.17710620199986166
first_release,CPIAUCSL,1,bvar_niw,naive_last,recession,20,20,0,1.0,0.7035384827679694,0.7700525331348747,0.9136240093956611,0.38001758886828263,0.4078986764501532,0.931647026108265,0.9208332160807027,0.6,0.85,1.2772627372858278,1.639348975475497,0.3777856296809307,0.08842078475582259,0.06796122157523321,1.5669893739998308
first_release,CPIAUCSL,1,dynamic_factor,naive_last,recession,20,20,0,1.0,0.7641502758151941,0.7700525331348747,0.9923352536798333,0.405289826942233,0.4078986764501532,0.9936041726572284,0.9928428212707914,0.75,0.8,1.3329781603025617,1.7108589467401063,0.3603369791602791,0.07819251617297225,0.009562594782778877,104.97793212600013
first_release,CPIAUCSL,1,elastic_net,naive_last,recession,20,20,0,1.0,1.1200604959014078,0.7700525331348747,1.454524785915131,0.602888129552903,0.4078986764501532,1.4780340421785563,1.463928488420501,0.75,0.75,1.494013455835658,1.9175455109379773,0.29521362605847107,0.07889938419232098,0.0006712597594179526,0.47764399600001095
first_release,CPIAUCSL,1,hist_gradient_boosting,naive_last,recession,20,20,0,1.0,1.1415695775952457,0.7700525331348747,1.4824567525905403,0.7156058567323391,0.4078986764501532,1.7543716075768854,1.5912226945850785,0.35,0.5,1.3891967317748777,1.7830147020561042,0.3379493344893959,0.1470656830908216,0.0026986273899027857,4.677254581999903
first_release,CPIAUCSL,1,mean,naive_last,recession,20,20,0,1.0,2.3739393637155723,0.7700525331348747,3.082827809229188,1.6118901945299355,0.4078986764501532,3.951692632488634,3.4303737385329667,0.2,0.4,2.872366832169676,3.686642916956413,0.48512127019323276,0.20993747536524082,0.0039411090484575695,0.0048598890001008005
first_release,CPIAUCSL,1,naive_drift,naive_last,recession,20,20,0,1.0,0.7644574933528115,0.7700525331348747,0.9927342102761668,0.40392899874338467,0.4078986764501532,0.9902679809081125,0.9917477185289452,0.75,0.8,1.3014312055922572,1.6703688687209148,0.3643089412478105,0.07990955492868125,0.026012746671119857,0.0054890749999279
first_release,CPIAUCSL,1,naive_last,naive_last,recession,20,20,0,1.0,0.7700525331348747,0.7700525331348747,1.0,0.4078986764501532,0.4078986764501532,1.0,1.0,0.75,0.8,1.2994744263416504,1.6678573697426153,0.3571902678750848,0.07928682886538835,0.015101678447448474,0.0055186439999477
first_release,CPIAUCSL,1,random_forest,naive_last,recession,20,20,0,1.0,1.3315018436871322,0.7700525331348747,1.7291052056755194,0.8494216996307655,0.4078986764501532,2.0824330861357137,1.870436357859597,0.3,0.5,1.7074395758131586,2.191474970328861,0.35041928647935455,0.15387887158023003,0.00019649083084532492,11.415537652000182
first_release,CPIAUCSL,1,ridge,naive_last,recession,20,20,0,1.0,1.0008480109753009,0.7700525331348747,1.2997139388670804,0.5365094119241962,0.4078986764501532,1.3153006932832245,1.305948640633538,0.7,0.75,1.3936115526762325,1.7886810633381405,0.37514033872910074,0.10026556192404412,0.2293136587611393,0.5610222529998047
first_release,CPIAUCSL,1,seasonal_naive,naive_last,recession,20,20,0,1.0,3.2498397810809823,0.7700525331348747,4.220283216069588,2.1128410921831393,0.4078986764501532,5.179818455334794,4.6040973117756705,0.35,0.45,4.1156047428909455,5.282321500318326,0.4642383513947971,0.18393865425629835,0.0039455981845624155,0.005140177999748201
first_release,CPIAUCSL,1,state_space,naive_last,recession,20,20,0,1.0,0.7796648673136065,0.7700525331348747,1.01248269925118,0.4145481940988442,0.4078986764501532,1.0163018858177235,1.0140103738777975,0.75,0.8,1.4538338679130014,1.8659755681429622,0.3832064185320553,0.08188505961619624,0.04158282570803651,4.726380721000027
first_release,CPIAUCSL,1,var,naive_last,recession,20,20,0,1.0,0.6205871310698559,0.7700525331348747,0.805902330511729,0.3292084949442142,0.4078986764501532,0.8070839989215919,0.8063749978756741,0.7,0.8,1.191131899125042,1.5288012415020034,0.41037306595663764,0.08405822833322528,0.3051357773130827,0.0922936659996187
first_release,CPIAUCSL,3,arima,naive_last,all,237,237,0,1.0,1.0535289356015212,1.0623679321550983,0.991679910240093,0.5659581468229895,0.5596148599748032,1.0113350936543606,0.9995419836058002,0.8059071729957806,0.8734177215189873,2.4756095627794448,3.1774104747186662,0.5287505513764212,0.07336362281715288,0.012841311070302232,266.4532932320003
first_release,CPIAUCSL,3,autoreg,naive_last,all,237,237,0,1.0,1.1380716412923786,1.0623679321550983,1.0712594072598833,0.6199998793969799,0.5596148599748032,1.1079046032210358,1.0859174856443443,0.7932489451476793,0.8354430379746836,2.592034062840561,3.3268397028045142,0.5340715465140122,0.0786887886218683,0.02512982257669316,2.608124426998858
first_release,CPIAUCSL,3,bvar_niw,naive_last,all,237,237,0,1.0,1.0859568750076525,1.0623679321550983,1.0222041179318186,0.582943067910169,0.5596148599748032,1.0416861838451112,1.0299969442971357,0.8227848101265823,0.8945147679324894,2.689612129660298,3.4520797957001537,0.5161143939125996,0.06807675102592364,0.007343107382319554,31.435084221999425
first_release,CPIAUCSL,3,dynamic_factor,naive_last,all,237,237,0,1.0,1.048951010977874,1.0623679321550983,0.9873707396739592,0.5543529881354745,0.5596148599748032,0.9905973336026752,0.9886613772454456,0.8438818565400844,0.8860759493670886,2.6263772981897695,3.3709187681688375,0.5117576592985963,0.06509785379929434,0.004780405842105441,1577.5679363790002
first_release,CPIAUCSL,3,elastic_net,naive_last,all,237,237,0,1.0,1.1981334705239666,1.0623679321550983,1.1277952150658925,0.6454020216522764,0.5596148599748032,1.1532967900125737,1.137995845044565,0.8185654008438819,0.8649789029535865,2.7570570464418847,3.5386444092282017,0.4655733957771315,0.07781330109539478,0.0041099430833431505,10.71834343399873
first_release,CPIAUCSL,3,hist_gradient_boosting,naive_last,all,237,237,0,1.0,1.4111300882993023,1.0623679321550983,1.3282875410562442,0.8095102645089672,0.5596148599748032,1.446548907842468,1.375592087770734,0.6455696202531646,0.7046413502109705,2.1402588997577086,2.7469925584973414,0.4957621015942257,0.11981691396882072,0.006965325417760291,74.87642940900022
first_release,CPIAUCSL,3,mean,naive_last,all,237,237,0,1.0,1.9486191580288759,1.0623679321550983,1.8342224939677407,1.0466525659906427,0.5596148599748032,1.8703087441919761,1.8486569940574349,0.7341772151898734,0.7805907172995781,3.7124672850346507,4.76490017483843,0.4620286417135488,0.09022457868659926,0.0014542907105105551,0.059080138999962
first_release,CPIAUCSL,3,naive_drift,naive_last,all,237,237,0,1.0,1.0685149495613713,1.0623679321550983,1.0057861473602683,0.5629736281844842,0.5596148599748032,1.0060019282008204,1.005872459696489,0.8438818565400844,0.8945147679324894,2.616202871218212,3.3578600325266192,0.512068771906234,0.06690285938880974,0.020877589579640688,0.06654994200214279
first_release,CPIAUCSL,3,naive_last,naive_last,all,237,237,0,1.0,1.0623679321550983,1.0623679321550983,1.0,0.5596148599748032,0.5596148599748032,1.0,1.0,0.8481012658227848,0.9029535864978903,2.6056267650141374,3.3442857471708813,0.5017597961580935,0.0668106014771834,0.06991128764006649,0.0670412490000719
first_release,CPIAUCSL,3,random_forest,naive_last,all,237,237,0,1.0,1.4544136951711122,1.0623679321550983,1.3690301176737496,0.8138745803632225,0.5596148599748032,1.4543476926253662,1.4031571476543963,0.6751054852320675,0.7383966244725738,2.4203770173419055,3.106520270117268,0.5195414251904393,0.1065353921759927,0.012189968983277313,186.2638159079998
first_release,CPIAUCSL,3,ridge,naive_last,all,237,237,0,1.0,1.1843788304568157,1.0623679321550983,1.114848062153202,0.6389344551220419,0.5596148599748032,1.141739615618517,1.1256046835393279,0.7805907172995781,0.8607594936708861,2.689247965094213,3.451612395539725,0.4668174273357871,0.07957469085674282,0.0049624064413882575,6.519684225001658
first_release,CPIAUCSL,3,seasonal_naive,naive_last,all,237,237,0,1.0,2.337687294878971,1.0623679321550983,2.200449791567772,1.2955175616061194,0.5596148599748032,2.315016369766254,2.2462764228471648,0.7637130801687764,0.8227848101265823,5.1473634942464015,6.606569521181037,0.4964465342433565,0.08772472548959917,0.3450485855887211,0.062499704997650694
first_release,CPIAUCSL,3,state_space,naive_last,all,237,237,0,1.0,1.1079439614361064,1.0623679321550983,1.0429004188676456,0.5882601735634202,0.5596148599748032,1.051187549933729,1.0462152712940789,0.8776371308016878,0.9156118143459916,2.927227931647437,3.757056375829754,0.5157658129272815,0.06278897814668098,0.009669429086098148,56.1540052550007
first_release,CPIAUCSL,3,var,naive_last,all,237,237,0,1.0,1.5297084346033731,1.0623679321550983,1.4399045644198214,0.6611822291928782,0.5596148599748032,1.1814951254558324,1.3365407888342258,0.8227848101265823,0.8776371308016878,2.720662677630906,3.491932742566619,0.5127774447118952,0.07286254370084783,0.022981643905612525,1.1308111150028313
first_release,CPIAUCSL,3,arima,naive_last,expansion,217,217,0,1.0,0.9606956514440995,0.9488724941859983,1.0124602170792651,0.5213585710369624,0.5135132119109516,1.0152778135869487,1.0135872556823387,0.8294930875576036,0.8940092165898618,2.4777457247796946,3.1801522089635728,0.5405164973234916,0.06688997358329997,0.0010834290012400646,247.03232652800048
first_release,CPIAUCSL,3,autoreg,naive_last,expansion,217,217,0,1.0,1.0313472667603567,0.9488724941859983,1.086918709394259,0.5658488716839833,0.5135132119109516,1.1019168709959255,1.0929179740349255,0.8341013824884793,0.8617511520737328,2.6157890322413855,3.357328875950241,0.5508249452487798,0.07034198875467002,0.0012684719272034546,2.4253372829988855
first_release,CPIAUCSL,3,bvar_niw,naive_last,expansion,217,217,0,1.0,0.9773680500239383,0.9488724941859983,1.0300309641311558,0.5313751770303659,0.5135132119109516,1.0347838472411335,1.0319321173751468,0.8571428571428571,0.9170506912442397,2.7040115958417403,3.470561310460464,0.5278691612689289,0.06061465953311696,0.0002678866499384379,28.811288597999514
first_release,CPIAUCSL,3,dynamic_factor,naive_last,expansion,217,217,0,1.0,0.9373669710535097,0.9488724941859983,0.9878745319281715,0.5088236883694233,0.5135132119109516,0.9908677645817972,0.9890718249896218,0.8663594470046083,0.9032258064516129,2.6311752334575553,3.377076851416736,0.5248034710759615,0.060113439788903315,0.00027289563205747217,1471.3512052550002
first_release,CPIAUCSL,3,elastic_net,naive_last,expansion,217,217,0,1.0,1.0357475411846129,0.9488724941859983,1.0915560810656035,0.5782299972397068,0.5135132119109516,1.126027498081155,1.1053446478718243,0.8387096774193549,0.8847926267281107,2.776040742259787,3.5630097190280847,0.4769677071614378,0.07336739790661319,0.008586332137591563,9.9586107259989
first_release,CPIAUCSL,3,hist_gradient_boosting,naive_last,expansion,217,217,0,1.0,1.3694558561848962,0.9488724941859983,1.44324539342844,0.7763170255696721,0.5135132119109516,1.5117761482333456,1.4706576953504022,0.6774193548387096,0.7327188940092166,2.1590930581001335,2.771165939025304,0.5064788218109652,0.11473532275103171,0.01601200714451329,70.22987092700006
first_release,CPIAUCSL,3,mean,naive_last,expansion,217,217,0,1.0,1.902612440258187,0.9488724941859983,2.0051297217655843,0.9910234377284063,0.5135132119109516,1.929888880639472,1.9750333853151394,0.783410138248848,0.8202764976958525,3.8021467259563884,4.880002491147035,0.4595194863821086,0.07960567441362071,0.0003366328175737058,0.054055335999993695
first_release,CPIAUCSL,3,naive_drift,naive_last,expansion,217,217,0,1.0,0.958312087452355,0.9488724941859983,1.0099482209930162,0.5180306655425888,0.5135132119109516,1.0087971517126626,1.0094877932808748,0.8663594470046083,0.9124423963133641,2.6217635326609154,3.364997064221784,0.5247197354233905,0.06235883370166029,0.0019339670002693962,0.0609663890021354
first_release,CPIAUCSL,3,naive_last,naive_last,expansion,217,217,0,1.0,0.9488724941859983,0.9488724941859983,1.0,0.5135132119109516,0.5135132119109516,1.0,1.0,0.8663594470046083,0.9170506912442397,2.611463083707717,3.351776581117231,0.514274447053251,0.06231407989897351,0.008275371826193572,0.0614523019998673
first_release,CPIAUCSL,3,random_forest,naive_last,expansion,217,217,0,1.0,1.386106011264559,0.9488724941859983,1.460792698447484,0.7630590965841862,0.5135132119109516,1.4859580608346812,1.4708588434023628,0.7096774193548387,0.7741935483870968,2.445007607131453,3.138133289864994,0.5296041103525194,0.09905780607516175,0.02717711355375574,175.25299874400014
first_release,CPIAUCSL,3,ridge,naive_last,expansion,217,217,0,1.0,1.0464567941251308,0.9488724941859983,1.1028423740144837,0.5794674545299052,0.5135132119109516,1.128437284745832,1.113080338307023,0.8064516129032258,0.8847926267281107,2.7171143812914247,3.4873785535192074,0.472094398913159,0.07469966541135191,0.0043536236591322185,5.973557446001809
first_release,CPIAUCSL,3,seasonal_naive,naive_last,expansion,217,217,0,1.0,2.2357228090719286,0.9488724941859983,2.356188869179805,1.218831696466299,0.5135132119109516,2.37351575031658,2.3631196216345147,0.8064516129032258,0.8571428571428571,5.250873996558077,6.739423812598156,0.4994499514907044,0.07951307431841548,0.4479642243764884,0.057274855997764204
first_release,CPIAUCSL,3,state_space,naive_last,expansion,217,217,0,1.0,0.9962810568220355,0.9488724941859983,1.0499630486988742,0.5419822819087234,0.5135132119109516,1.0554398004519283,1.0521537494000959,0.8940092165898618,0.9308755760368663,2.935813376923562,3.7680756755451164,0.5267943878592879,0.057815465673158956,0.000820851178388965,51.27210877200048
first_release,CPIAUCSL,3,var,naive_last,expansion,217,217,0,1.0,1.4931479489326838,0.9488724941859983,1.5736023101961647,0.6181715830449261,0.5135132119109516,1.2038085266482363,1.4256847967769932,0.847926267281106,0.9032258064516129,2.739014583746301,3.5154871590621837,0.5197481154402444,0.06624920007443068,0.002875012805129958,1.0407328230025041
first_release,CPIAUCSL,3,arima,naive_last,high_volatility,100,100,0,1.0,1.4632031963211558,1.465194150246591,0.9986411671619764,0.8486974345275614,0.8128358926193539,1.0441190432580976,1.016832317600425,0.61,0.73,2.4985987485862324,3.206916775262169,0.5545073049906604,0.11389361504342234,0.006325808916784879,102.05438256000016
first_release,CPIAUCSL,3,autoreg,naive_last,high_volatility,100,100,0,1.0,1.5734994909546067,1.465194150246591,1.0739187640694499,0.9308924613986188,0.8128358926193539,1.1452403490682836,1.1024473980689833,0.59,0.67,2.498618469279476,3.206942086497924,0.5863414740105567,0.12241659003553688,0.000794649821344017,1.0210686350002285
first_release,CPIAUCSL,3,bvar_niw,naive_last,high_volatility,100,100,0,1.0,1.5123107372096503,1.465194150246591,1.032157231145872,0.8689310256980098,0.8128358926193539,1.0690116339448177,1.0468989922654504,0.65,0.78,2.6917452459390665,3.454817620803859,0.5492101289164519,0.10757429499797772,0.0717412665414249,13.27842292199966
first_release,CPIAUCSL,3,dynamic_factor,naive_last,high_volatility,100,100,0,1.0,1.4610320320167067,1.465194150246591,0.9971593401262325,0.8167877064891657,0.8128358926193539,1.0048617610340473,1.0002403084893583,0.68,0.76,2.6444459895035197,3.3941096824018206,0.5378825040632944,0.10075687884827828,0.11125005242051957,608.6351164930009
first_release,CPIAUCSL,3,elastic_net,naive_last,high_volatility,100,100,0,1.0,1.6254216992121233,1.465194150246591,1.1093558481233126,0.9416876179419985,0.8128358926193539,1.1585212051936111,1.1290219909514319,0.64,0.71,2.626892329614148,3.3715798038455596,0.5200102400803055,0.13057284959822352,0.004530898013822424,4.479625568998496
first_release,CPIAUCSL,3,hist_gradient_boosting,naive_last,high_volatility,100,100,0,1.0,1.8027471100879882,1.465194150246591,1.2303810452591468,1.1546946046530768,0.8128358926193539,1.4205753155561172,1.3064587533779348,0.4,0.45,2.029997690328746,2.60547382829766,0.5838364999020551,0.1583867524999833,1.431129921569973e-07,28.004333340999864
first_release,CPIAUCSL,3,mean,naive_last,high_volatility,100,100,0,1.0,2.5173604660166724,1.465194150246591,1.7181070956316626,1.4791263263125844,0.8128358926193539,1.8197108908984294,1.7587486137383692,0.54,0.59,3.5183222912785137,4.515717773037418,0.606533836092895,0.12478769854728239,6.004042886031294e-06,0.024896080000383597
first_release,CPIAUCSL,3,naive_drift,naive_last,high_volatility,100,100,0,1.0,1.4753461107299612,1.465194150246591,1.0069287476213726,0.8189842855935499,0.8128358926193539,1.0075641258340386,1.007182898906439,0.68,0.77,2.605865599773914,3.3445922882663957,0.5211662317120509,0.10198049463730842,0.19376109289281454,0.028094320999964104
first_release,CPIAUCSL,3,naive_last,naive_last,high_volatility,100,100,0,1.0,1.465194150246591,1.465194150246591,1.0,0.8128358926193539,0.8128358926193539,1.0,1.0,0.69,0.8,2.59694015964331,3.3331366098796087,0.513026455645085,0.10187042054278743,0.3032876998380196,0.028369793999525494
first_release,CPIAUCSL,3,random_forest,naive_last,high_volatility,100,100,0,1.0,1.9400055131166964,1.465194150246591,1.324060373016228,1.2257312092989572,0.8128358926193539,1.507968853773242,1.3976237653190338,0.44,0.5,2.3002375626801634,2.952322949421583,0.5495590577768621,0.1597650606246869,3.400697319704048e-05,70.2287834870013
first_release,CPIAUCSL,3,ridge,naive_last,high_volatility,100,100,0,1.0,1.5907090485076614,1.465194150246591,1.0856643457387174,0.9174835225409332,0.8128358926193539,1.1287438594577235,1.1028961512263198,0.58,0.7,2.516622608312852,3.2300501487760136,0.49096457006355093,0.1308865959221467,0.027424360310260337,2.784180365000192
first_release,CPIAUCSL,3,seasonal_naive,naive_last,high_volatility,100,100,0,1.0,3.323799488644301,1.465194150246591,2.2685044764101114,2.0671847753540944,0.8128358926193539,2.543176050817117,2.378373106172914,0.47,0.61,4.834526897312381,6.205048095945673,0.530087434014021,0.15631220957565486,3.0361228633020007e-05,0.026192361000193495
first_release,CPIAUCSL,3,state_space,naive_last,high_volatility,100,100,0,1.0,1.536302013870078,1.465194150246591,1.0485313592137393,0.8521756156630638,0.8128358926193539,1.048398112584495,1.0484780605620416,0.75,0.82,2.9612805935645734,3.8007624942315936,0.5217580227814621,0.09804021804213642,0.41208998418731446,23.302258647000258
first_release,CPIAUCSL,3,var,naive_last,high_volatility,100,100,0,1.0,1.5313869142905507,1.465194150246591,1.0451767870031554,0.8787218051879024,0.8128358926193539,1.0810568445202784,1.0595288100100047,0.66,0.75,2.784072103128923,3.573317859106195,0.5384384398990146,0.1110822156228393,0.05263910249857937,0.46736006900115484
first_release,CPIAUCSL,3,arima,naive_last,normal_volatility,137,137,0,1.0,0.5977783890386675,0.6208358089161513,0.9628606798345972,0.35957910470286414,0.3747819894313355,0.9594353913550141,0.9614905644427639,0.948905109489051,0.9781021897810219,2.458829135183249,3.155873029066474,0.5099500012930352,0.043555749604733913,0.0011056633076470582,164.39891067200017
first_release,CPIAUCSL,3,autoreg,naive_last,normal_volatility,137,137,0,1.0,0.6583212923669202,0.6208358089161513,1.0603790614401103,0.3930709874249807,0.3747819894313355,1.0487990311951636,1.0557470493421315,0.9416058394160584,0.9562043795620438,2.6602206274836893,3.4143562110574996,0.4959183147647096,0.04396081252546967,0.0015705738943898177,1.5870557919986297
first_release,CPIAUCSL,3,bvar_niw,naive_last,normal_volatility,137,137,0,1.0,0.6088536353981531,0.6208358089161513,0.9806999316954403,0.37419273375846057,0.3747819894313355,0.9984277374860808,0.9877910540116965,0.948905109489051,0.9781021897810219,2.688055110478716,3.450081383215697,0.4919569231068679,0.038432164298225636,0.0006983611285048136,18.15666129999976
first_release,CPIAUCSL,3,dynamic_factor,naive_last,normal_volatility,137,137,0,1.0,0.5876416996091747,0.6208358089161513,0.9465331914972389,0.36279479955613764,0.3747819894313355,0.9680155658136447,0.9551261412238012,0.9635036496350365,0.9781021897810219,2.613188472413308,3.3539910935462225,0.4926884295433422,0.03875068876869206,0.0004912415938755757,968.9328198859994
first_release,CPIAUCSL,3,elastic_net,naive_last,normal_volatility,137,137,0,1.0,0.7449076447875455,0.6208358089161513,1.1998464555193706,0.42913516304664,0.3747819894313355,1.1450261089060756,1.1779183168740526,0.948905109489051,0.9781021897810219,2.852067788651912,3.660589376660787,0.4258384729280994,0.036210187982846316,6.839026030165568e-09,6.238717865000234
first_release,CPIAUCSL,3,hist_gradient_boosting,naive_last,normal_volatility,137,137,0,1.0,1.0356618237104194,0.6208358089161513,1.6681734668598884,0.5575508921410042,0.3747819894313355,1.4876672515319846,1.595970980728727,0.8248175182481752,0.8905109489051095,2.220741534377389,2.8502909017087874,0.4314742196177077,0.0827542763460152,0.016671053563575573,46.87209606800036
first_release,CPIAUCSL,3,mean,naive_last,normal_volatility,137,137,0,1.0,1.3939553241734595,0.6208358089161513,2.2452882133313348,0.7309782883833863,0.3747819894313355,1.9504093286139892,2.1273366594443965,0.8759124087591241,0.9197080291970803,3.854178959309202,4.946785139656688,0.35655039764103336,0.03916638145107432,1.602106815681394e-12,0.034184058999578396
first_release,CPIAUCSL,3,naive_drift,naive_last,normal_volatility,137,137,0,1.0,0.6215357724274828,0.6208358089161513,1.0011274535090904,0.376104535185166,0.3747819894313355,1.0035288402087763,1.0020880081889647,0.9635036496350365,0.9854014598540146,2.6237483248271882,3.3675445173880973,0.5054282902961486,0.041755061159704565,0.0013419349570580083,0.0384556210021787
first_release,CPIAUCSL,3,naive_last,naive_last,normal_volatility,137,137,0,1.0,0.6208358089161513,0.6208358089161513,1.0,0.3747819894313355,0.3747819894313355,1.0,1.0,0.9635036496350365,0.9781021897810219,2.611967352876055,3.352423803587868,0.4935359571164939,0.04161890466076467,0.00029594162581623437,0.038671455000546404
first_release,CPIAUCSL,3,random_forest,naive_last,normal_volatility,137,137,0,1.0,0.9550805772017803,0.6208358089161513,1.5383786880288848,0.5132493037677957,0.3747819894313355,1.3694609619489972,1.4708115975969296,0.8467153284671532,0.9124087591240876,2.508070049941716,3.2190730589462353,0.49763074447042277,0.0674245224170863,0.330957712005666,116.0350324209985
first_release,CPIAUCSL,3,ridge,naive_last,normal_volatility,137,137,0,1.0,0.7613711412879766,0.6208358089161513,1.2263647334021701,0.43561396795496776,0.3747819894313355,1.162312971911841,1.2007440288060385,0.927007299270073,0.9781021897810219,2.8152518751536,3.6133366632504633,0.44919177570968216,0.04206606384675548,3.101334424123478e-07,3.735503860001466
first_release,CPIAUCSL,3,seasonal_naive,naive_last,normal_volatility,137,137,0,1.0,1.1788556975890452,0.6208358089161513,1.8988203976943263,0.7322568216440939,0.3747819894313355,1.9538207339022944,1.9208205321775136,0.9781021897810219,0.9781021897810219,5.375711375220141,6.899650853469627,0.4718911329509006,0.037002565253285186,0.0002134107408263105,0.036307343997457206
first_release,CPIAUCSL,3,state_space,naive_last,normal_volatility,137,137,0,1.0,0.6330585584050975,0.6208358089161513,1.0196875716790315,0.3956211647315637,0.3747819894313355,1.055603459845677,1.0340539269456896,0.9708029197080292,0.9854014598540146,2.9023719740436875,3.725154099624032,0.5113919371213101,0.037544159414566194,0.0005061113628678995,32.85174660800044
first_release,CPIAUCSL,3,var,naive_last,normal_volatility,137,137,0,1.0,1.5284821032274971,0.6208358089161513,2.4619747786389854,0.5023942175176779,0.3747819894313355,1.3404972268810758,2.0133837579358214,0.9416058394160584,0.9708029197080292,2.6743784254425718,3.432527548012183,0.49404679129064016,0.04473902631331043,0.003980318798708278,0.663451046001676
first_release,CPIAUCSL,3,arima,naive_last,recession,20,20,0,1.0,1.7716469946181563,1.8987675936908,0.9330509960802795,1.0498635441013848,1.0598177414675924,0.9906076328252219,0.9560736507782565,0.55,0.65,2.4524322050767315,3.1476626581614298,0.40109003785070846,0.13208398013410175,0.10948500009224793,19.420966703999852
first_release,CPIAUCSL,3,autoreg,naive_last,recession,20,20,0,1.0,1.9512319738984192,1.8987675936908,1.0276307539595404,1.2075383130829915,1.0598177414675924,1.1393829956185124,1.0723316506231293,0.35,0.55,2.3342926448416237,2.996032174173381,0.3522971702417837,0.1397336470663157,0.0021946673376724846,0.18278714399997295
first_release,CPIAUCSL,3,bvar_niw,naive_last,recession,20,20,0,1.0,1.9000759329189356,1.8987675936908,1.0006890465333846,1.142454683956034,1.0598177414675924,1.0779727865038466,1.0316025425215694,0.45,0.65,2.533377921591645,3.251555360550788,0.38857516809642634,0.13779146431386477,0.023833477799234504,2.6237956239999103
first_release,CPIAUCSL,3,dynamic_factor,naive_last,recession,20,20,0,1.0,1.8721931659912339,1.8987675936908,0.9860043810586049,1.0483458905971303,1.0598177414675924,0.9891756380162344,0.9872728838416567,0.6,0.7,2.5743197005342835,3.304103564929148,0.3702106015141835,0.10215511502168234,0.1373550260880958,106.21673112400009
first_release,CPIAUCSL,3,elastic_net,naive_last,recession,20,20,0,1.0,2.317621727523712,1.8987675936908,1.2205926281998254,1.3742184865286577,1.0598177414675924,1.2966554840134077,1.2510177705252583,0.6,0.65,2.5510839468176467,3.274280797899465,0.3419451172574087,0.11488046861381705,0.03093848471624372,0.75973270799983
first_release,CPIAUCSL,3,hist_gradient_boosting,naive_last,recession,20,20,0,1.0,1.8023797971579998,1.8987675936908,0.9492366538943069,1.16965690700032,1.0598177414675924,1.103639674290248,1.0109978620526832,0.3,0.4,1.9359082817423956,2.4847113797689424,0.37948568724260184,0.16834925556427308,0.0010943497849349448,4.6465584820001595
first_release,CPIAUCSL,3,mean,naive_last,recession,20,20,0,1.0,2.391557446850658,1.8987675936908,1.2595314217481348,1.6502286076359092,1.0598177414675924,1.5570871698663393,1.3785537209954166,0.2,0.35,2.739445351033792,3.516040042890078,0.4892529770596747,0.21484133717215861,0.0041787426204786815,0.0050248029999683
first_release,CPIAUCSL,3,naive_drift,naive_last,recession,20,20,0,1.0,1.8881746268901234,1.8987675936908,0.9944211356693285,1.0506047728490482,1.0598177414675924,0.9913070254836586,0.9931754915950606,0.6,0.7,2.5558696945648807,3.280423238634082,0.37480581774508637,0.10042179957855674,0.1126505827966624,0.005583553000007399
first_release,CPIAUCSL,3,naive_last,naive_last,recession,20,20,0,1.0,1.8987675936908,1.8987675936908,1.0,1.0598177414675924,1.0598177414675924,1.0,1.0,0.65,0.75,2.5423027071888,3.263010198852988,0.3659758339456342,0.10024890657208989,0.09302796772378286,0.005588947000204601
first_release,CPIAUCSL,3,random_forest,naive_last,recession,20,20,0,1.0,2.054394641488981,1.8987675936908,1.0819621360272298,1.3652225793657657,1.0598177414675924,1.2881673196707022,1.1644442094846186,0.3,0.35,2.153135118125313,2.7635190058544348,0.4103612911818712,0.18344671061932213,0.0007030056303758414,11.010817163999661
first_release,CPIAUCSL,3,ridge,naive_last,recession,20,20,0,1.0,2.1774058689009728,1.8987675936908,1.1467469089613855,1.2841514115467243,1.0598177414675924,1.211671933108502,1.1727169186202322,0.5,0.6,2.386897349354471,3.063549581462333,0.40956228572130265,0.13541545333759145,0.09444158279795123,0.546126778999848
first_release,CPIAUCSL,3,seasonal_naive,naive_last,recession,20,20,0,1.0,3.244135105566414,1.8987675936908,1.7085477529456388,2.1275591983731665,1.0598177414675924,2.007476488765898,1.8281192472737424,0.3,0.45,4.0242745441647365,5.165100459305308,0.4638594571096311,0.18447449258185206,0.004187972386516803,0.005224848999886501
first_release,CPIAUCSL,3,state_space,naive_last,recession,20,20,0,1.0,1.9434242698291575,1.8987675936908,1.0235187688513023,1.0903752980168808,1.0598177414675924,1.0288328411137688,1.025644397756289,0.7,0.75,2.8340758504014825,3.637496973918077,0.39610577491501237,0.10617337733477487,0.21320082052918732,4.881896483000219
first_release,CPIAUCSL,3,var,naive_last,recession,20,20,0,1.0,1.881254475799464,1.8987675936908,0.990776586903248,1.1278477398981583,1.0598177414675924,1.0641902808084347,1.0201420644653227,0.55,0.6,2.5215444962788687,3.2363673235897417,0.43714566730930676,0.14530451041705805,0.11892606888714452,0.090078292000327
first_release,CPIAUCSL,6,arima,naive_last,all,237,237,0,1.0,1.60550913639041,1.5781961522158359,1.0173064572082664,0.8761277125279724,0.8633457798617842,1.014805113969787,1.0163059199128746,0.7721518987341772,0.8227848101265823,3.423794995520197,4.394393302408013,0.5314167232773014,0.08238993684140461,0.01223537859088263,148.75075323800064
first_release,CPIAUCSL,6,autoreg,naive_last,all,237,237,0,1.0,1.7364209255927952,1.5781961522158359,1.1002567223059103,0.9558015296721476,0.8633457798617842,1.1070900581979621,1.102990056662731,0.7510548523206751,0.7974683544303798,3.661803983911492,4.6998745318239425,0.5385615525335959,0.08431570636790785,0.005616516267352156,1.9135169240013172
first_release,CPIAUCSL,6,bvar_niw,naive_last,all,237,237,0,1.0,1.6218140665025136,1.5781961522158359,1.027637828305079,0.8829137071295748,0.8633457798617842,1.0226652260591618,1.0256487874067122,0.7848101265822784,0.8312236286919831,3.5676865687996657,4.579076137308934,0.5083182362229386,0.07804287500454411,0.03064541213895622,29.007398810000204
first_release,CPIAUCSL,6,dynamic_factor,naive_last,all,237,237,0,1.0,1.5515753384193,1.5781961522158359,0.9831321260293536,0.8409751244827042,0.8633457798617842,0.9740884175252916,0.9795146426277288,0.8016877637130801,0.8481012658227848,3.6550103532019618,4.69115500120717,0.5068056377004544,0.07368118260918843,0.015784602706869804,1015.8901889529992
first_release,CPIAUCSL,6,elastic_net,naive_last,all,237,237,0,1.0,1.8238304603025666,1.5781961522158359,1.1556424451687153,1.0185772822247232,0.8633457798617842,1.1798022368138412,1.1653063618267656,0.7426160337552743,0.7974683544303798,3.8617880378832834,4.956551286276795,0.4638990289612922,0.09049863979553702,0.01617861273986511,10.80561327399828
first_release,CPIAUCSL,6,hist_gradient_boosting,naive_last,all,237,237,0,1.0,1.7682414196423963,1.5781961522158359,1.120419294622998,0.9990520876298203,0.8633457798617842,1.157186507345599,1.1351261797120382,0.6286919831223629,0.70042194092827,2.5197518453436962,3.234066481023704,0.5055075567332289,0.12583748140359394,0.0009456387507617728,56.66405771500024
first_release,CPIAUCSL,6,mean,naive_last,all,237,237,0,1.0,1.9604791023473849,1.5781961522158359,1.2422277798579169,1.0609008005752472,0.8633457798617842,1.2288249103911648,1.236866632071216,0.729957805907173,0.7763713080168776,3.749175432898321,4.812014572554118,0.45781403184943903,0.08877779109488235,0.00034497800046646515,0.0468767450000082
first_release,CPIAUCSL,6,naive_drift,naive_last,all,237,237,0,1.0,1.5960201029478078,1.5781961522158359,1.0112938754203313,0.8732216132807222,0.8633457798617842,1.0114390243738947,1.0113519350017568,0.7932489451476793,0.8481012658227848,3.698145100973499,4.746517850605664,0.5134030924361709,0.07906905729590304,0.11514997224415635,0.0451112320003392
first_release,CPIAUCSL,6,naive_last,naive_last,all,237,237,0,1.0,1.5781961522158359,1.5781961522158359,1.0,0.8633457798617842,0.8633457798617842,1.0,1.0,0.7932489451476793,0.8523206751054853,3.6694833351988954,4.709730872495145,0.4994495401320159,0.07858634695030137,0.14497163956784742,0.0489779670005981
first_release,CPIAUCSL,6,random_forest,naive_last,all,237,237,0,1.0,1.9727491763789349,1.5781961522158359,1.2500025257374594,1.0976438596521898,0.8633457798617842,1.2713838247149538,1.2585550453284573,0.6455696202531646,0.6962025316455697,3.0311287895203036,3.8904116831855915,0.5487387767588445,0.10951201289828283,0.0004488872329001432,148.84081403500045
first_release,CPIAUCSL,6,ridge,naive_last,all,237,237,0,1.0,1.829109238813675,1.5781961522158359,1.158987262923908,1.0350496728822294,0.8633457798617842,1.1988819509234572,1.1749451381237277,0.7088607594936709,0.7763713080168776,3.8183924437619625,4.900853644212868,0.4725477243058174,0.09632325158765476,0.09221135684812842,3.9328634960004254
first_release,CPIAUCSL,6,seasonal_naive,naive_last,all,237,237,0,1.0,2.3385361838740724,1.5781961522158359,1.4817779023163222,1.306265586325948,0.8633457798617842,1.513027128637928,1.4942775928449645,0.7510548523206751,0.8185654008438819,5.202165019790687,6.676906517738553,0.4926135090285043,0.08761280315172125,0.3150772751497256,0.0416381890002976
first_release,CPIAUCSL,6,state_space,naive_last,all,237,237,0,1.0,1.7416472831553593,1.5781961522158359,1.1035683243239651,0.947087658226987,0.8633457798617842,1.0969969163208388,1.1009397611227145,0.8143459915611815,0.869198312236287,4.2894514298811,5.505451307434389,0.523177606856215,0.07243216008997473,0.01613684617688296,32.433855796999865
first_release,CPIAUCSL,6,var,naive_last,all,237,237,0,1.0,8.372113007643566,1.5781961522158359,5.304862133828461,1.5604397619220087,0.8633457798617842,1.807433126240363,3.9058905307932217,0.8396624472573839,0.9029535864978903,6.599380152441898,8.470212725902089,0.47992448121702935,0.06203999344748162,0.0038345373813914586,0.7757923759997873
first_release,CPIAUCSL,6,arima,naive_last,expansion,217,217,0,1.0,1.491268744005848,1.411104763458968,1.056809375620261,0.801637196341568,0.7830247319779712,1.023769957197368,1.0435936082511037,0.8202764976958525,0.8571428571428571,3.478750538705432,4.464927978467584,0.5366324150103152,0.07286998386428487,0.002248026924504204,138.03673737300056
first_release,CPIAUCSL,6,autoreg,naive_last,expansion,217,217,0,1.0,1.625163519661938,1.411104763458968,1.1516958639401507,0.8830807789421997,0.7830247319779712,1.1277814644647053,1.1421301041499725,0.7880184331797235,0.8248847926267281,3.745046430857295,4.806715055807802,0.5480744081730476,0.07579402486653007,0.0005015561412775011,1.7809473160014484
first_release,CPIAUCSL,6,bvar_niw,naive_last,expansion,217,217,0,1.0,1.490726613893617,1.411104763458968,1.0564251871983454,0.8015913818688787,0.7830247319779712,1.0237114475860896,1.0433396913534432,0.8248847926267281,0.8709677419354839,3.6409027803902654,4.673048127531009,0.5133481282934045,0.06850725365564932,0.006260607444791946,26.566732287000256
first_release,CPIAUCSL,6,dynamic_factor,naive_last,expansion,217,217,0,1.0,1.3894857367954057,1.411104763458968,0.9846793610060753,0.7612203028483292,0.7830247319779712,0.9721535882084305,0.9796690518870175,0.8248847926267281,0.8755760368663594,3.7174509051796294,4.771296582046075,0.5155767039223,0.06645362007864011,0.0029815322315082295,947.8550560639992
first_release,CPIAUCSL,6,elastic_net,naive_last,expansion,217,217,0,1.0,1.6010050630267758,1.411104763458968,1.1345756208081355,0.905393251035608,0.7830247319779712,1.1562766973509584,1.1432560514252645,0.7788018433179723,0.8248847926267281,3.9206409307736028,5.032088156528357,0.466240070392516,0.08280270396711144,0.007519745606190806,10.392606181998236
first_release,CPIAUCSL,6,hist_gradient_boosting,naive_last,expansion,217,217,0,1.0,1.738718784145242,1.411104763458968,1.23216846060615,0.9605172232241755,0.7830247319779712,1.2266754599153553,1.2299712603298323,0.663594470046083,0.7327188940092166,2.5590606636299627,3.284518803089937,0.5087210882531631,0.11980295183278716,0.0028173257920194733,53.293247248000455
first_release,CPIAUCSL,6,mean,naive_last,expansion,217,217,0,1.0,1.9145421697726284,1.411104763458968,1.3567682707551851,1.003300895004974,0.7830247319779712,1.2813144387796933,1.3265867379649885,0.783410138248848,0.8202764976958525,3.857150572268222,4.95059916359841,0.4543922386877972,0.07731945465986266,5.5997773963721786e-05,0.0429760919999925
first_release,CPIAUCSL,6,naive_drift,naive_last,expansion,217,217,0,1.0,1.4341978569427953,1.411104763458968,1.0163652579750495,0.7943381026973746,0.7830247319779712,1.0144482929559901,1.0155984719674258,0.815668202764977,0.8709677419354839,3.762845094423972,4.8295593931795056,0.5223889184835071,0.07255962520055935,0.028663884396669226,0.041405344000156497
first_release,CPIAUCSL,6,naive_last,naive_last,expansion,217,217,0,1.0,1.411104763458968,1.411104763458968,1.0,0.7830247319779712,0.7830247319779712,1.0,1.0,0.815668202764977,0.880184331797235,3.7340640761973924,4.7926193562039145,0.5080542119548228,0.07223024774984005,0.07233430786453088,0.044881331000556704
first_release,CPIAUCSL,6,random_forest,naive_last,expansion,217,217,0,1.0,1.895892815221826,1.411104763458968,1.3435521332764282,1.0236648136992463,0.7830247319779712,1.3073211763227488,1.3290597504949564,0.6912442396313364,0.7419354838709677,3.0911408020111364,3.9674362673382046,0.5523213903521546,0.10006523680884007,0.004734655359544812,140.48364690500046
first_release,CPIAUCSL,6,ridge,naive_last,expansion,217,217,0,1.0,1.6509372185138211,1.411104763458968,1.1699607720598748,0.9360853306078151,0.7830247319779712,1.1954735174752436,1.1801658702260223,0.7511520737327189,0.8064516129032258,3.8687546703517155,4.965492862247223,0.4727139500683445,0.08831015358622185,0.06673917308119304,3.6765634250004275
first_release,CPIAUCSL,6,seasonal_naive,naive_last,expansion,217,217,0,1.0,2.236003470283724,1.411104763458968,1.5845765163478895,1.2292079670028822,0.7830247319779712,1.5698201050403904,1.5786739518248898,0.7926267281105991,0.8525345622119815,5.314980455291904,6.821703561610471,0.49550241421807417,0.07952027515278788,0.46629227835601184,0.0382091980001638
first_release,CPIAUCSL,6,state_space,naive_last,expansion,217,217,0,1.0,1.5958334755692882,1.411104763458968,1.1309106998246568,0.8721678152009529,0.7830247319779712,1.113844530807859,1.1240842322179376,0.8433179723502304,0.8894009216589862,4.3683641842426555,5.606734731148342,0.5308752493474896,0.06584563554672274,0.0049762214997614365,29.613838280000092
first_release,CPIAUCSL,6,var,naive_last,expansion,217,217,0,1.0,8.707170903981721,1.411104763458968,6.170463830508434,1.5307732054636047,0.7830247319779712,1.954948730159228,4.484257790368751,0.8940092165898618,0.9493087557603687,6.930770750134546,8.89554795329946,0.4793035279727383,0.05059193383677289,0.00046975551178445203,0.7137628109997427
first_release,CPIAUCSL,6,arima,naive_last,high_volatility,97,97,0,1.0,2.2845793414752342,2.2643329275847184,1.0089414474540686,1.417468088987003,1.3691423371097393,1.0352963680746878,1.0194834157023163,0.5051546391752577,0.5979381443298969,3.322478756537809,4.26435531748429,0.5639037834824271,0.14799865524301145,6.3609533541133946e-06,55.620677547000184
first_release,CPIAUCSL,6,autoreg,naive_last,high_volatility,97,97,0,1.0,2.4457076620333207,2.2643329275847184,1.0801007361766664,1.5215448702754695,1.3691423371097393,1.1113124099919751,1.0925854057027897,0.4639175257731959,0.5360824742268041,3.3531116870237585,4.30367225811208,0.6059036822892246,0.1451077765989352,1.7368166203759243e-07,0.7258957309998053
first_release,CPIAUCSL,6,bvar_niw,naive_last,high_volatility,97,97,0,1.0,2.296210585930085,2.2643329275847184,1.0140781675508157,1.4113938598869413,1.3691423371097393,1.0308598468048216,1.020790839252418,0.5360824742268041,0.6185567010309279,3.450224097908968,4.428314688086138,0.5499143494610563,0.1394214836583741,0.0011571005870073248,11.913046800999663
first_release,CPIAUCSL,6,dynamic_factor,naive_last,high_volatility,97,97,0,1.0,2.2326055732338004,2.2643329275847184,0.9859882113781031,1.3403782033456788,1.3691423371097393,0.9789911297135244,0.9831893787122716,0.5670103092783505,0.6597938144329897,3.5423222356144546,4.546521368108389,0.5397987567876925,0.13264756381760104,0.0019320667718450242,378.9028591790003
first_release,CPIAUCSL,6,elastic_net,naive_last,high_volatility,97,97,0,1.0,2.5068851496040145,2.2643329275847184,1.1071186215880444,1.5675526346066444,1.3691423371097393,1.1449157564696666,1.1222374755406932,0.44329896907216493,0.5360824742268041,3.501149249401331,4.493676412411034,0.5314900452605593,0.16040988513296342,0.00011670500273856253,3.949151116999185
first_release,CPIAUCSL,6,hist_gradient_boosting,naive_last,high_volatility,97,97,0,1.0,2.3393403321806603,2.2643329275847184,1.03312560784776,1.5190895645372549,1.3691423371097393,1.1095190933501144,1.0636830020487018,0.32989690721649484,0.38144329896907214,2.3285697379490813,2.9886869026977836,0.587259522406657,0.17663729368560122,1.1110114493351963e-09,20.348530694999795
first_release,CPIAUCSL,6,mean,naive_last,high_volatility,97,97,0,1.0,2.5687343080800837,2.2643329275847184,1.1344331378071948,1.5319550691160406,1.3691423371097393,1.118915855271848,1.1282262247930561,0.5154639175257731,0.5670103092783505,3.491724964898081,4.481580474203503,0.5983127291810503,0.12825186715189382,2.6645869759758456e-06,0.0192353330006037
first_release,CPIAUCSL,6,naive_drift,naive_last,high_volatility,97,97,0,1.0,2.2946744003216173,2.2643329275847184,1.0133997401032644,1.38940938593376,1.3691423371097393,1.0148027332693579,1.0139609373697018,0.5360824742268041,0.6288659793814433,3.513944738585576,4.510099244983036,0.5291855548573472,0.13976779804926207,0.002013564903820685,0.0182159699999665
first_release,CPIAUCSL,6,naive_last,naive_last,high_volatility,97,97,0,1.0,2.2643329275847184,2.2643329275847184,1.0,1.3691423371097393,1.3691423371097393,1.0,1.0,0.5360824742268041,0.6391752577319587,3.4936365392321354,4.484033953299539,0.5192627054274197,0.13868559977339623,0.008155593805126461,0.019864691999482702
first_release,CPIAUCSL,6,random_forest,naive_last,high_volatility,97,97,0,1.0,2.588196690147287,2.2643329275847184,1.1430283323698438,1.6878771744855472,1.3691423371097393,1.2327989053706845,1.17893656157018,0.31958762886597936,0.38144329896907214,2.7594342581202524,3.541695527385536,0.5628662754036075,0.17759183632664532,3.216947028321395e-09,53.5014375950002
first_release,CPIAUCSL,6,ridge,naive_last,high_volatility,97,97,0,1.0,2.4916462547724767,2.2643329275847184,1.1003886506346154,1.583287762557307,1.3691423371097393,1.1564084461076771,1.1227965688238402,0.38144329896907214,0.4845360824742268,3.449072763804996,4.426836966761716,0.5236327514552673,0.16853755852789876,2.262507026355797e-05,1.4608600880001128
first_release,CPIAUCSL,6,seasonal_naive,naive_last,high_volatility,97,97,0,1.0,3.3738069013884298,2.2643329275847184,1.4899782890968896,2.1307460497667625,1.3691423371097393,1.5562633570040418,1.5164923162597503,0.422680412371134,0.5876288659793815,4.830604289897242,6.200013483833787,0.5210475837907858,0.16219612027428326,3.1989269150230784e-05,0.0168683110003893
first_release,CPIAUCSL,6,state_space,naive_last,high_volatility,97,97,0,1.0,2.529203219777139,2.2643329275847184,1.116974977029967,1.5083911904886504,1.3691423371097393,1.1017051694368503,1.1108670539927203,0.5463917525773195,0.6804123711340206,4.124219975809237,5.293379032058503,0.5331142018350232,0.1315982569266876,0.021302513182100326,12.913346415000202
first_release,CPIAUCSL,6,var,naive_last,high_volatility,97,97,0,1.0,2.40716008169094,2.2643329275847184,1.0630769231707327,1.5078155047936175,1.3691423371097393,1.1012846976718413,1.0783600329711762,0.6701030927835051,0.7731958762886598,7.633617721213377,9.797642274474581,0.5089318044462183,0.10296631547227346,0.14516445812153406,0.3109403899999228
first_release,CPIAUCSL,6,arima,naive_last,normal_volatility,140,140,0,1.0,0.8645104051252881,0.8148526755989917,1.0609407455032205,0.5010561659813584,0.5129010223399868,0.9769061556855763,1.0273269095761628,0.9571428571428572,0.9785714285714285,3.4939926753865653,4.484491049105165,0.5089078315637501,0.03642337037081601,9.665007776080506e-05,93.13007569100046
first_release,CPIAUCSL,6,autoreg,naive_last,normal_volatility,140,140,0,1.0,0.9797529557415267,0.8148526755989917,1.2023682133967568,0.5638222151112751,0.5129010223399868,1.0992807394669886,1.1611332238248495,0.95,0.9785714285714285,3.875683646755136,4.974386107181447,0.4919030769171961,0.03757904261933587,0.000351366930541383,1.1876211930015113
first_release,CPIAUCSL,6,bvar_niw,naive_last,normal_volatility,140,140,0,1.0,0.8941716397452445,0.8148526755989917,1.097341478430989,0.5167524584333998,0.5129010223399868,1.0075091214984164,1.06140853565796,0.9571428571428572,0.9785714285714285,3.6490712807739354,4.6835322842704405,0.4794980720508142,0.03416934428287102,7.378974683341225e-07,17.094352009000538
first_release,CPIAUCSL,6,dynamic_factor,naive_last,normal_volatility,140,140,0,1.0,0.7885398244807579,0.8148526755989917,0.9677084558888005,0.4949601341276432,0.5129010223399868,0.965020759501526,0.9666333773338907,0.9642857142857143,0.9785714285714285,3.733087120387592,4.791365446997039,0.4839461194757251,0.03220033061873578,5.713659376248083e-06,636.9873297739989
first_release,CPIAUCSL,6,elastic_net,naive_last,normal_volatility,140,140,0,1.0,1.1299584157589038,0.8148526755989917,1.3867027127674096,0.6382157880743922,0.5129010223399868,1.2443254356614208,1.329751801925014,0.95,0.9785714285714285,4.11165919847435,5.277257448883786,0.4170681105253715,0.0374686490502252,1.5399288371969348e-08,6.856462156999093
first_release,CPIAUCSL,6,hist_gradient_boosting,naive_last,normal_volatility,140,140,0,1.0,1.2252954156666584,0.8148526755989917,1.5037017762332971,0.6387404072010976,0.5129010223399868,1.2453482823781459,1.4003603786912366,0.8357142857142857,0.9214285714285714,2.6522137340385354,3.404079474578091,0.4488651233737822,0.08376263341003466,0.02787768056784499,36.315527020000445
first_release,CPIAUCSL,6,mean,naive_last,normal_volatility,140,140,0,1.0,1.3909399517985972,0.8148526755989917,1.7069833522680997,0.7345274859434122,0.5129010223399868,1.4321037665167995,1.5970315179675796,0.8785714285714286,0.9214285714285714,3.9275518285842015,5.0409581978399,0.36046850584110846,0.03883416912043666,1.513876895563432e-12,0.0276414119994045
first_release,CPIAUCSL,6,naive_drift,naive_last,normal_volatility,140,140,0,1.0,0.8148134384084649,0.8148526755989917,0.9999518475036019,0.5155772279425459,0.5129010223399868,1.00521778176684,1.002058221208897,0.9714285714285714,1.0,3.8257696377708466,4.910322170215628,0.5024681006157845,0.03742220999281246,0.0006564991835908479,0.026895262000372698
first_release,CPIAUCSL,6,naive_last,naive_last,normal_volatility,140,140,0,1.0,0.8148526755989917,0.8148526755989917,1.0,0.5129010223399868,0.5129010223399868,1.0,1.0,0.9714285714285714,1.0,3.7913200438330086,4.866106595080672,0.4857218470344861,0.03718056760137165,0.00012044483626447603,0.0291132750011154
first_release,CPIAUCSL,6,random_forest,naive_last,normal_volatility,140,140,0,1.0,1.3953040958615524,0.8148526755989917,1.71233909839699,0.68869649151765,0.5129010223399868,1.3427473557678613,1.5645024013453384,0.8714285714285714,0.9142857142857143,3.2193742862760533,4.132022162561343,0.5389504384121161,0.06304493002900928,0.014885418797856436,95.33937644000025
first_release,CPIAUCSL,6,ridge,naive_last,normal_volatility,140,140,0,1.0,1.1671443210591996,0.8148526755989917,1.4323378397220592,0.6551989964644966,0.5129010223399868,1.2774374936421646,1.3703777012901015,0.9357142857142857,0.9785714285714285,4.07427822201786,5.229279485018308,0.43715309835226973,0.044058659421755415,1.3536482747246932e-05,2.472003408000312
first_release,CPIAUCSL,6,seasonal_naive,naive_last,normal_volatility,140,140,0,1.0,1.1710328767413534,0.8148526755989917,1.437109936321356,0.7350184080848126,0.5129010223399868,1.4330609144264694,1.4354903275634014,0.9785714285714285,0.9785714285714285,5.4596035255025726,7.007325262658285,0.47291275722892356,0.035777216399521306,0.00010200287902304283,0.024769877999908298
first_release,CPIAUCSL,6,state_space,naive_last,normal_volatility,140,140,0,1.0,0.8383835230979901,0.8148526755989917,1.0288774255808895,0.5581844965885489,0.5129010223399868,1.088288913993517,1.0526420209459406,1.0,1.0,4.4039332230594646,5.652387098230539,0.5162929660494694,0.031973697647401024,0.0002277516951899246,19.520509381999652
first_release,CPIAUCSL,6,var,naive_last,normal_volatility,140,140,0,1.0,10.707077350822969,0.8148526755989917,13.139893469641347,1.5969008543609655,0.5129010223399868,3.113467871589516,9.129323230420614,0.9571428571428572,0.9928571428571429,5.882801265507375,7.550493681534006,0.45982655012252005,0.03322664896243716,3.06410909343199e-08,0.4648519859998645
first_release,CPIAUCSL,6,arima,naive_last,recession,20,20,0,1.0,2.533010331805367,2.8124955082972307,0.9006273340997895,1.684349813150457,1.7348291494011565,0.9709024163744745,0.9287373670096635,0.25,0.45,2.827527351960392,3.6290920671616815,0.47482646797410116,0.19127138386553966,0.004947736009870862,10.714015865000079
first_release,CPIAUCSL,6,autoreg,naive_last,recession,20,20,0,1.0,2.659524444937333,2.8124955082972307,0.945610201719927,1.744821675092084,1.7348291494011565,1.0057599480008603,0.9696701002323003,0.35,0.5,2.7586234345495315,3.540654846599078,0.43534706884554425,0.1733839710069175,0.002549927047079348,0.13256960799986828
first_release,CPIAUCSL,6,bvar_niw,naive_last,recession,20,20,0,1.0,2.65654737022452,2.8124955082972307,0.9445516845759778,1.7652609362081269,1.7348291494011565,1.0175416621385887,0.9737476756010222,0.35,0.4,2.77329067304166,3.5594800433994016,0.45374390725838387,0.18713128969070172,0.0029990301704120315,2.440666522999947
first_release,CPIAUCSL,6,dynamic_factor,naive_last,recession,20,20,0,1.0,2.753134271416859,2.8124955082972307,0.9788937487347986,1.706314939215675,1.7348291494011565,0.9835636781896797,0.980761720516751,0.55,0.55,2.9775303642442696,3.8216188491050476,0.4116395691934295,0.14931323100534585,0.02777873183348678,68.03513288900001
first_release,CPIAUCSL,6,elastic_net,naive_last,recession,20,20,0,1.0,3.4068211274595956,2.8124955082972307,1.211316113184546,2.2466240206266233,1.7348291494011565,1.2950116853882312,1.2447943420660201,0.35,0.5,3.2232341500233233,4.136976244047357,0.43849872943251417,0.18201064039244103,0.0026016712419681953,0.41300709200004226
first_release,CPIAUCSL,6,hist_gradient_boosting,naive_last,recession,20,20,0,1.0,2.06155991854784,2.8124955082972307,0.733000252788304,1.417155366431065,1.7348291494011565,0.816884686840921,0.7665540264093509,0.25,0.35,2.0932511669377,2.6866587866050655,0.4706407397419423,0.19966595813242327,0.005642553449587195,3.3708104669997847
first_release,CPIAUCSL,6,mean,naive_last,recession,20,20,0,1.0,2.4030917215203647,2.8124955082972307,0.854433976669804,1.6858597760127132,1.7348291494011565,0.971772797681347,0.9013695050744212,0.15,0.3,2.5776451707348973,3.308371759723537,0.4949404876532526,0.22212885454732317,0.004645177018794744,0.0039006530000156997
first_release,CPIAUCSL,6,naive_drift,naive_last,recession,20,20,0,1.0,2.804933173051875,2.8124955082972307,0.9973111653963372,1.729107703110044,1.7348291494011565,0.9967020116689372,0.9970675039053772,0.55,0.6,2.9961501720358745,3.8455171136794766,0.41590687982257385,0.1463045562576833,0.0514057739818492,0.0037058880001827
first_release,CPIAUCSL,6,naive_last,naive_last,recession,20,20,0,1.0,2.8124955082972307,2.8124955082972307,1.0,1.7348291494011565,1.7348291494011565,1.0,1.0,0.55,0.55,2.9687822953652043,3.8103908242549984,0.40608885085456076,0.14496069675846157,0.037181670711332826,0.0040966360000414
first_release,CPIAUCSL,6,random_forest,naive_last,recession,20,20,0,1.0,2.6679143648220673,2.8124955082972307,0.9485932891097497,1.900316508241629,1.7348291494011565,1.0953911564707088,1.0073124360541335,0.15,0.2,2.3799984539947703,3.0546949451297407,0.5098674192714316,0.22093363281855327,0.005150850602851587,8.357167129999993
first_release,CPIAUCSL,6,ridge,naive_last,recession,20,20,0,1.0,3.173822546983513,2.8124955082972307,1.128472041153602,2.108812786559625,1.7348291494011565,1.2155737568091725,1.1633127274158301,0.25,0.45,3.271962285263142,4.1995181285401095,0.47074417478239805,0.1924854288587911,0.004469531130048776,0.2563000709999972
first_release,CPIAUCSL,6,seasonal_naive,naive_last,recession,20,20,0,1.0,3.2492822429738473,2.8124955082972307,1.1553021981325973,2.142340755981215,1.7348291494011565,1.2349001379880704,1.1871413740747865,0.3,0.45,3.9781175446024877,5.10585859172825,0.4612688877216712,0.18309375643807807,0.0035817102107509324,0.0034289910001338002
first_release,CPIAUCSL,6,state_space,naive_last,recession,20,20,0,1.0,2.883313404968319,2.8124955082972307,1.0251797368074602,1.7599679550594582,1.7348291494011565,1.0144906521008017,1.020904102924797,0.5,0.65,3.433248045058236,4.406526160138002,0.4396581858258856,0.14310339876177353,0.06007437786001779,2.8200175169997683
first_release,CPIAUCSL,6,var,naive_last,recession,20,20,0,1.0,2.8288902826390454,2.8124955082972307,1.0058292624089347,1.882321899495692,1.7348291494011565,1.0850186026361435,1.0375049984998181,0.25,0.4,3.003792167476657,3.855325508640609,0.48666182391758783,0.19539943355964554,0.02697452028420977,0.062029565000044605
first_release,CPIAUCSL,12,arima,naive_last,all,234,234,0,1.0,2.20866298662737,2.340046765896179,0.943854207880118,1.183400456131623,1.3168162424101446,0.8986830645145042,0.9257857505338725,0.7777777777777778,0.8034188034188035,4.236753674166778,5.43781447022131,0.5441945970146794,0.07843840060606244,0.00011989021306140785,265.0362329919999
first_release,CPIAUCSL,12,autoreg,naive_last,all,234,234,0,1.0,2.322115002807488,2.340046765896179,0.9923370065290882,1.2661936171004446,1.3168162424101446,0.9615568036911162,0.9800249253938994,0.7521367521367521,0.7863247863247863,4.420366247534429,5.673478656803871,0.5463490759005355,0.08387110768140506,0.0006339896047077655,2.6787058229984413
first_release,CPIAUCSL,12,bvar_niw,naive_last,all,234,234,0,1.0,2.1393844273311347,2.340046765896179,0.914248577639774,1.1511528696234419,1.3168162424101446,0.8741940086617612,0.8982267500485688,0.7692307692307693,0.811965811965812,4.0895385154083055,5.2488658595399995,0.5269192510779924,0.08291310668634834,0.0044059253700786845,85.26558239700172
first_release,CPIAUCSL,12,dynamic_factor,naive_last,all,234,234,0,1.0,2.2064779093916003,2.340046765896179,0.9429204328515096,1.2223217661738626,1.3168162424101446,0.9282401954100061,0.9370483378749082,0.7735042735042735,0.8205128205128205,4.910423846600175,6.302460775752693,0.5135271069155789,0.07951760274063457,0.028877455980592104,1559.6960020839997
first_release,CPIAUCSL,12,elastic_net,naive_last,all,234,234,0,1.0,2.436084631159231,2.340046765896179,1.0410410025400803,1.372596040927001,1.3168162424101446,1.0423595918096846,1.041568438247922,0.7692307692307693,0.8076923076923077,4.757460667317842,6.106134660598946,0.497346456525162,0.09085697653624326,0.0017901015402777495,14.929904070999177
first_release,CPIAUCSL,12,hist_gradient_boosting,naive_last,all,234,234,0,1.0,2.1319081404103057,2.340046765896179,0.9110536470812106,1.1659410514514972,1.3168162424101446,0.8854242633865882,0.9008018936033617,0.6581196581196581,0.6965811965811965,2.8526578271071026,3.661346682819317,0.5648297673522615,0.10870897448652259,0.00017483440384089748,70.70274533400143
first_release,CPIAUCSL,12,mean,naive_last,all,234,234,0,1.0,1.986053278070099,2.340046765896179,0.8487237550184134,1.0897758330019782,1.3168162424101446,0.8275838328113128,0.8402677861355731,0.7435897435897436,0.782051282051282,3.7693405513239804,4.837896221854946,0.4587041872187008,0.0877398544579657,0.0006679182764528411,0.0626923039999411
first_release,CPIAUCSL,12,naive_drift,naive_last,all,234,234,0,1.0,2.3925573785250522,2.340046765896179,1.022439984274743,1.3504183123677835,1.3168162424101446,1.025517660608543,1.023671054808263,0.7393162393162394,0.7863247863247863,5.110541854506719,6.559309458219483,0.5189518830896095,0.09098343271214429,0.12305955455567608,0.0668057809990357
first_release,CPIAUCSL,12,naive_last,naive_last,all,234,234,0,1.0,2.340046765896179,2.340046765896179,1.0,1.3168162424101446,1.3168162424101446,1.0,1.0,0.7350427350427351,0.7863247863247863,5.02779736685482,6.4531080580701,0.4997221384556872,0.09024308439645175,0.2823386342607236,0.0680395439998196
first_release,CPIAUCSL,12,random_forest,naive_last,all,234,234,0,1.0,2.273810912354473,2.340046765896179,0.9716946453775939,1.2805344682338362,1.3168162424101446,0.9724473521758036,0.9719957280968777,0.5982905982905983,0.6794871794871795,3.199951640371652,4.1070934664247405,0.5625680104331663,0.11662913555291382,0.00020024117620592475,174.28711912499912
first_release,CPIAUCSL,12,ridge,naive_last,all,234,234,0,1.0,2.566641013121851,2.340046765896179,1.0968332131340512,1.4555317805795325,1.3168162424101446,1.1053416062939043,1.1002365703979924,0.7051282051282052,0.7905982905982906,4.93996282747611,6.340373647256683,0.49725774485458185,0.09597752867054866,0.0019322685612399911,6.174703599001008
first_release,CPIAUCSL,12,seasonal_naive,naive_last,all,234,234,0,1.0,2.340046765896179,2.340046765896179,1.0,1.3230960728637042,1.3168162424101446,1.0047689497222982,1.0019075798889192,0.7350427350427351,0.7948717948717948,5.211051903742314,6.688312709805371,0.5012366218083689,0.08862572387260567,0.340020499361149,0.062480187999400104
first_release,CPIAUCSL,12,state_space,naive_last,all,234,234,0,1.0,2.860561688701283,2.340046765896179,1.2224378291883238,1.580373768111589,1.3168162424101446,1.2001475355582338,1.2135217117362878,0.7564102564102564,0.8162393162393162,6.399996042255587,8.214305990961556,0.5359587567024595,0.08189375209892936,0.005731753747965464,56.34927792099808
first_release,CPIAUCSL,12,var,naive_last,all,234,234,0,1.0,379.38035458333144,2.340046765896179,162.1251165200702,39.064102699231455,1.3168162424101446,29.665568696003586,109.14129739044355,0.8247863247863247,0.8632478632478633,150.81086167102126,193.56364540652817,0.4558763043614541,0.061011325058615146,5.735075725722558e-12,1.1677971590014837
first_release,CPIAUCSL,12,arima,naive_last,expansion,214,214,0,1.0,2.161369352810145,2.236730926270047,0.9663072689813548,1.119437100551332,1.2348399322378873,0.9065442988408934,0.9424020809251702,0.8317757009345794,0.8457943925233645,4.353414469979669,5.587546980621184,0.5468660145763057,0.06687080248223834,1.4172383607711984e-05,246.24333929199986
first_release,CPIAUCSL,12,autoreg,naive_last,expansion,214,214,0,1.0,2.2645643474286374,2.236730926270047,1.0124437950187442,1.1918629052423932,1.2348399322378873,0.9651962769639242,0.9935447877968162,0.8084112149532711,0.8457943925233645,4.562193569877322,5.85551205431089,0.5480707215090648,0.07191810295671168,0.0003255552046906796,2.4899830399984966
first_release,CPIAUCSL,12,bvar_niw,naive_last,expansion,214,214,0,1.0,2.0817999415589177,2.236730926270047,0.9307332934455863,1.080828640044597,1.2348399322378873,0.8752783351327347,0.9085513101204457,0.8271028037383178,0.8598130841121495,4.232353528609734,5.432166944539779,0.5288727560183943,0.07080358465056175,0.000747972864022574,77.99938274400198
first_release,CPIAUCSL,12,dynamic_factor,naive_last,expansion,214,214,0,1.0,2.100958207500754,2.236730926270047,0.9392985910041014,1.140429851924648,1.2348399322378873,0.9235446815020463,0.9329970272032793,0.8177570093457944,0.8598130841121495,5.037129078069152,6.465085179747631,0.517849137083731,0.06975483392523799,0.00500362262997107,1456.3782551189995
first_release,CPIAUCSL,12,elastic_net,naive_last,expansion,214,214,0,1.0,2.207560907846536,2.236730926270047,0.9869586376792516,1.2018884042000673,1.2348399322378873,0.9733151421673719,0.9815012394744997,0.8177570093457944,0.8551401869158879,4.962381664365579,6.369147912889926,0.48364922814441275,0.08119183048678011,0.05206760856966941,13.859899049999077
first_release,CPIAUCSL,12,hist_gradient_boosting,naive_last,expansion,214,214,0,1.0,2.114066236748952,2.236730926270047,0.9451589424188589,1.1034859406050728,1.2348399322378873,0.893626705612959,0.924546047696499,0.705607476635514,0.7476635514018691,2.979506509734734,3.8241552043831057,0.5644024876495273,0.09855359684274695,0.002465639398998401,66.37824296000153
first_release,CPIAUCSL,12,mean,naive_last,expansion,214,214,0,1.0,1.9442582506822839,2.236730926270047,0.8692410105512834,1.0264696072769044,1.2348399322378873,0.8312572184288245,0.8540474937022999,0.7990654205607477,0.8317757009345794,3.9228709448104775,5.034950348558178,0.45492860387971124,0.07528677442027676,9.847615756900306e-05,0.057317108000152696
first_release,CPIAUCSL,12,naive_drift,naive_last,expansion,214,214,0,1.0,2.2950998625405026,2.236730926270047,1.0260956450259269,1.2679856678762518,1.2348399322378873,1.0268421313346214,1.0263942395494046,0.780373831775701,0.8317757009345794,5.2582531170466815,6.748894811210871,0.5215743849841252,0.08120970207753511,0.061661824834875145,0.0610714739992808
first_release,CPIAUCSL,12,naive_last,naive_last,expansion,214,214,0,1.0,2.236730926270047,2.236730926270047,1.0,1.2348399322378873,1.2348399322378873,1.0,1.0,0.7757009345794392,0.8271028037383178,5.169069825947942,6.634429296305978,0.5017867016293207,0.08099284109217458,0.3240996066450945,0.06229496700013171
first_release,CPIAUCSL,12,random_forest,naive_last,expansion,214,214,0,1.0,2.257563845381114,2.236730926270047,1.0093140032475019,1.2187804763510361,1.2348399322378873,0.9869947063845378,1.0003862845023161,0.6448598130841121,0.7336448598130841,3.349762726328717,4.299373913594496,0.5629461361376489,0.10676281935422408,0.001338647779110332,164.64057661699914
first_release,CPIAUCSL,12,ridge,naive_last,expansion,214,214,0,1.0,2.2921862229521586,2.236730926270047,1.024793011993887,1.2663308190307123,1.2348399322378873,1.0255019990613312,1.0250766068208645,0.7429906542056075,0.8317757009345794,5.142527552612335,6.600362657290123,0.4803195690932067,0.0872648598164894,0.020868958941700308,5.5969887540008365
first_release,CPIAUCSL,12,seasonal_naive,naive_last,expansion,214,214,0,1.0,2.236730926270047,2.236730926270047,1.0,1.2401529142143646,1.2348399322378873,1.0043025673512587,1.0017210269405035,0.7757009345794392,0.8411214953271028,5.3790034040345205,6.903876126709458,0.5029003717720583,0.07884354349012578,0.1878511271147535,0.056967276999390304
first_release,CPIAUCSL,12,state_space,naive_last,expansion,214,214,0,1.0,2.8210302944819112,2.236730926270047,1.2612291721589581,1.532875291725996,1.2348399322378873,1.2413554596894047,1.2532796871711367,0.7897196261682243,0.8457943925233645,6.562299988794967,8.422620851097822,0.543996831091944,0.0741995373330058,0.0010284492152967558,51.15883280099811
first_release,CPIAUCSL,12,var,naive_last,expansion,214,214,0,1.0,396.711604885087,2.236730926270047,177.36223889327619,42.54051967127037,1.2348399322378873,34.45022999391883,120.19743533353325,0.883177570093458,0.9065420560747663,164.60875124980421,211.27304495635633,0.45080016772979165,0.047658744899279154,1.0403622107643856e-13,1.074531649001248
first_release,CPIAUCSL,12,arima,naive_last,high_volatility,91,91,0,1.0,3.1912135243213178,3.4508057938430716,0.9247734340817098,2.0118007794287003,2.2373539104078186,0.8991875492161161,0.9145390801354722,0.46153846153846156,0.5274725274725275,3.9671233450502266,5.091747689369607,0.5892418949629197,0.14485346518795417,1.3598877486635995e-05,93.30939507299966
first_release,CPIAUCSL,12,autoreg,naive_last,high_volatility,91,91,0,1.0,3.288330917499385,3.4508057938430716,0.9529168298507049,2.085907685580977,2.2373539104078186,0.932310116820438,0.9446741446385982,0.43956043956043955,0.4835164835164835,3.9575472635011186,5.079456921762969,0.6157815105281695,0.1442605826863213,7.701505675241489e-10,0.9706578139993767
first_release,CPIAUCSL,12,bvar_niw,naive_last,high_volatility,91,91,0,1.0,3.0493995361825568,3.4508057938430716,0.8836775287740898,1.9239071826539242,2.2373539104078186,0.8599029298423511,0.8741676892013943,0.43956043956043955,0.5494505494505495,3.768034706420907,4.836220188066836,0.5716151373164348,0.15244916076473322,1.0820115785720636e-05,33.19936135700051
first_release,CPIAUCSL,12,dynamic_factor,naive_last,high_volatility,91,91,0,1.0,3.227077553042161,3.4508057938430716,0.9351663773139344,2.0601577638848627,2.2373539104078186,0.9208010204828716,0.9294202345815092,0.45054945054945056,0.5714285714285714,4.564686403549301,5.858711571690433,0.5625700915500492,0.15552047831501475,1.0332917304654392e-05,555.508344084
first_release,CPIAUCSL,12,elastic_net,naive_last,high_volatility,91,91,0,1.0,3.317499293190522,3.4508057938430716,0.9613694572756325,2.1092019291185227,2.2373539104078186,0.9427216317037939,0.953910327046897,0.5164835164835165,0.5384615384615384,4.228119969472091,5.426733230212798,0.5876506924549451,0.13652749107317944,9.976071673669286e-10,5.550963640000158
first_release,CPIAUCSL,12,hist_gradient_boosting,naive_last,high_volatility,91,91,0,1.0,2.8596269687584424,3.4508057938430716,0.8286838320083354,1.8436149115504763,2.2373539104078186,0.8240157728172863,0.8268166083319157,0.3516483516483517,0.38461538461538464,2.4561898787478977,3.1524855801047162,0.5871880001971478,0.16461960889838562,7.119957339577575e-11,24.28812614800134
first_release,CPIAUCSL,12,mean,naive_last,high_volatility,91,91,0,1.0,2.6551272401875026,3.4508057938430716,0.7694223896704883,1.6266592059610734,2.2373539104078186,0.7270459976824009,0.7524718328752533,0.5164835164835165,0.5604395604395604,3.3456975826509403,4.294156358170087,0.6004074681021457,0.12980682457451628,1.5816880436725395e-06,0.0242684739997781
first_release,CPIAUCSL,12,naive_drift,naive_last,high_volatility,91,91,0,1.0,3.5375184479513675,3.4508057938430716,1.0251282336035858,2.3096433904728015,2.2373539104078186,1.0323102570982192,1.0280010430014392,0.3626373626373626,0.4835164835164835,4.6136266797957415,5.921525736217441,0.5463643858072897,0.17485813214436408,4.0023929090040365e-07,0.026169020999968096
first_release,CPIAUCSL,12,naive_last,naive_last,high_volatility,91,91,0,1.0,3.4508057938430716,3.4508057938430716,1.0,2.2373539104078186,2.2373539104078186,1.0,1.0,0.3516483516483517,0.4835164835164835,4.556976762694819,5.848816354780765,0.534582970914781,0.17207797289996,2.8163259198633724e-06,0.0265147499992608
first_release,CPIAUCSL,12,random_forest,naive_last,high_volatility,91,91,0,1.0,3.0781143073854613,3.4508057938430716,0.8919987073388579,2.0457911852081234,2.2373539104078186,0.9143797839454118,0.9009511379814794,0.25274725274725274,0.3076923076923077,2.68838775546202,3.4505083284295965,0.5348264217781771,0.19149376402169466,7.887753632858587e-10,59.366698218999915
first_release,CPIAUCSL,12,ridge,naive_last,high_volatility,91,91,0,1.0,3.444531845708108,3.4508057938430716,0.9981818889529636,2.187102730711511,2.2373539104078186,0.97753990575092,0.9899250956721461,0.45054945054945056,0.5384615384615384,4.443989238446754,5.703798437393477,0.5986671557294097,0.13854606618246526,4.6083051303526236e-09,2.3554118320009207
first_release,CPIAUCSL,12,seasonal_naive,naive_last,high_volatility,91,91,0,1.0,3.4508057938430716,3.4508057938430716,1.0,2.230886647238288,2.2373539104078186,0.9971094143222285,0.9988437657288914,0.3516483516483517,0.5054945054945055,4.631077197944984,5.943923233783424,0.5364161107303745,0.1717101205366925,5.534495981198492e-06,0.024325617001276303
first_release,CPIAUCSL,12,state_space,naive_last,high_volatility,91,91,0,1.0,4.189311618916885,3.4508057938430716,1.2140096746074367,2.610114903602715,2.2373539104078186,1.1666079700045984,1.1950489927663015,0.43956043956043955,0.5604395604395604,5.708172794593498,7.326360465614895,0.5278900589776361,0.1595364342756231,0.00013091555790598622,22.075418685998727
first_release,CPIAUCSL,12,var,naive_last,high_volatility,91,91,0,1.0,608.3596519676217,3.4508057938430716,176.29495495024878,79.38812891776513,2.2373539104078186,35.48304474695042,119.97019086892942,0.5714285714285714,0.6483516483516484,159.35216181464767,204.52628545773425,0.5169175147224127,0.11863193865438579,0.012198143840885052,0.44313631700075984
first_release,CPIAUCSL,12,arima,naive_last,normal_volatility,143,143,0,1.0,1.2255074306469667,1.1758291160134473,1.04224960409379,0.6562366140334825,0.7310195445934429,0.8977005045719387,0.9844299642850496,0.9790209790209791,0.9790209790209791,4.40833661087731,5.658038785308757,0.5155281346839812,0.034768734884360254,5.20871534794024e-06,171.72683791900022
first_release,CPIAUCSL,12,autoreg,naive_last,normal_volatility,143,143,0,1.0,1.3937550323388568,1.1758291160134473,1.185338084724649,0.7445573917037427,0.7310195445934429,1.0185191315477466,1.118610503453888,0.951048951048951,0.9790209790209791,4.7148874191919905,6.051492488193535,0.5021647993193137,0.04113130510210868,0.001077307738214789,1.7080480089990644
first_release,CPIAUCSL,12,bvar_niw,naive_last,normal_volatility,143,143,0,1.0,1.2538493596424152,1.1758291160134473,1.0663533863606722,0.6594001249676804,0.7310195445934429,0.9020280372044038,1.0006232466981648,0.9790209790209791,0.9790209790209791,4.294131848400288,5.5114585595683785,0.4984764143808019,0.03732993229195196,9.868350304173388e-05,52.06622104000121
first_release,CPIAUCSL,12,dynamic_factor,naive_last,normal_volatility,143,143,0,1.0,1.1574108656022726,1.1758291160134473,0.9843359463034728,0.6891534039941352,0.7310195445934429,0.9427291090793043,0.9676932114138054,0.9790209790209791,0.9790209790209791,5.130438583087096,6.584846632883221,0.4823179348754614,0.02938450781076842,4.2493540543895554e-06,1004.1876579999998
first_release,CPIAUCSL,12,elastic_net,naive_last,normal_volatility,143,143,0,1.0,1.6453940953966137,1.1758291160134473,1.399347977514954,0.9038468393505785,0.7310195445934429,1.2364195267217564,1.3341765971976751,0.9300699300699301,0.9790209790209791,5.094313838674229,6.538481025390131,0.43988012456984543,0.05399907949164145,1.480467093519272e-05,9.378940430999016
first_release,CPIAUCSL,12,hist_gradient_boosting,naive_last,normal_volatility,143,143,0,1.0,1.4944843118342288,1.1758291160134473,1.271004682126903,0.734694049570329,0.7310195445934429,1.0050265482011562,1.1646134285566043,0.8531468531468531,0.8951048951048951,3.104955612426597,3.9851673845467896,0.5506018009964251,0.07351400002314709,0.0710968430905623,46.414619186000095
first_release,CPIAUCSL,12,mean,naive_last,normal_volatility,143,143,0,1.0,1.4029654498724486,1.1758291160134473,1.1931712106509902,0.7481227774825537,0.7310195445934429,1.0233964098711243,1.1252612903390438,0.8881118881118881,0.9230769230769231,4.038931531388642,5.18391249874531,0.3685293721110539,0.04063876171132133,8.48811758820669e-12,0.038423830000163
first_release,CPIAUCSL,12,naive_drift,naive_last,normal_volatility,143,143,0,1.0,1.1847399862206156,1.1758291160134473,1.0075783717938367,0.7400023535736814,0.7310195445934429,1.0122880558347236,1.0094622454101914,0.9790209790209791,0.9790209790209791,5.426760602050069,6.965171826766235,0.5015075631783584,0.03767613303989188,8.846112105500805e-05,0.04063675999906759
first_release,CPIAUCSL,12,naive_last,naive_last,normal_volatility,143,143,0,1.0,1.1758291160134473,1.1758291160134473,1.0,0.7310195445934429,0.7310195445934429,1.0,1.0,0.9790209790209791,0.9790209790209791,5.327410478593001,6.837657323799677,0.4775379723453548,0.03773700855521748,0.0004288644855797983,0.0415247940005588
first_release,CPIAUCSL,12,random_forest,naive_last,normal_volatility,143,143,0,1.0,1.5591482332946327,1.1758291160134473,1.3259990010970282,0.793552921068381,0.7310195445934429,1.0855426875210514,1.2298164756666374,0.8181818181818182,0.916083916083916,3.525492294405054,4.52492037242165,0.5802217486681595,0.06919401422324863,0.0012411378838660756,114.92042090599921
first_release,CPIAUCSL,12,ridge,naive_last,normal_volatility,143,143,0,1.0,1.7970691333801299,1.1758291160134473,1.5283420940220855,0.9899866304955458,0.7310195445934429,1.3542546677683258,1.4587071235205817,0.8671328671328671,0.951048951048951,5.255582384131154,6.745466962624178,0.4327244833887825,0.05888913167239244,5.145657282522708e-06,3.819291767000088
first_release,CPIAUCSL,12,seasonal_naive,naive_last,normal_volatility,143,143,0,1.0,1.1758291160134473,1.1758291160134473,1.0,0.7454111618980601,0.7310195445934429,1.0196870486036336,1.0078748194414535,0.9790209790209791,0.9790209790209791,5.580126716522433,7.162015103637518,0.47884967431254716,0.035292911641555846,0.00012711601114630698,0.03815457099812379
first_release,CPIAUCSL,12,state_space,naive_last,normal_volatility,143,143,0,1.0,1.4905250528477767,1.1758291160134473,1.2676374760146103,0.925083954617236,0.7310195445934429,1.265470891249183,1.2667708421084394,0.958041958041958,0.9790209790209791,6.840247199858735,8.779362234363976,0.5410933825273471,0.03319204643814129,1.0730707301181113e-07,34.27385923499935
first_release,CPIAUCSL,12,var,naive_last,normal_volatility,143,143,0,1.0,1.3449904621307094,1.1758291160134473,1.1438655871108123,13.403358741982746,0.7310195445934429,18.33515785058392,8.020382492500055,0.986013986013986,1.0,145.37548885234995,186.5874199193971,0.4170318977681169,0.021013553624770087,2.0100712589598132e-15,0.7246608420007237
first_release,CPIAUCSL,12,arima,naive_last,recession,20,20,0,1.0,2.6626324525302354,3.245820806529222,0.8203263862176687,1.867808360840733,2.193962761253297,0.8513400472548364,0.8327318506325359,0.2,0.35,2.9884831589688328,3.8356766089426677,0.5156104291052791,0.21130516391745138,0.005847638140652034,18.792893700000036
first_release,CPIAUCSL,12,autoreg,naive_last,recession,20,20,0,1.0,2.866471453596571,3.245820806529222,0.8831268343065767,2.0615322339815974,2.193962761253297,0.9396386622368883,0.9057315654787013,0.15,0.15,2.902813898465477,3.7257213034787666,0.5279274678892715,0.2218942493443519,0.0007699176569827548,0.18872278299994505
first_release,CPIAUCSL,12,bvar_niw,naive_last,recession,20,20,0,1.0,2.679153850022813,3.245820806529222,0.8254164384655758,1.9036221261170823,2.193962761253297,0.8676638271789271,0.8423153939509163,0.15,0.3,2.561417874153043,3.2875442500423815,0.5060167482156924,0.22252817747258818,0.00549521177791501,7.266199652999745
first_release,CPIAUCSL,12,dynamic_factor,naive_last,recession,20,20,0,1.0,3.1195996661101337,3.245820806529222,0.9611127206513729,2.0985652486404573,2.193962761253297,0.9565181714577763,0.9592749009739343,0.3,0.4,3.554677869882122,4.562379653006836,0.4672813841163513,0.1906868929876831,0.0035832371130506413,103.31774696500023
first_release,CPIAUCSL,12,elastic_net,naive_last,recession,20,20,0,1.0,4.158024558750539,3.245820806529222,1.2810394678555108,3.1991677539051944,2.193962761253297,1.458168666489889,1.351891147309262,0.25,0.3,2.564805998907059,3.291892861085464,0.6439068001991795,0.17926671276454273,1.725337209998905e-05,1.0700050210000986
first_release,CPIAUCSL,12,hist_gradient_boosting,naive_last,recession,20,20,0,1.0,2.3142221939684906,3.245820806529222,0.7129851990945564,1.8342107375082404,2.193962761253297,0.8360263765190122,0.7622016700643388,0.15,0.15,1.495376922991446,1.9192955020867726,0.5694016601715192,0.2282535691702919,4.744907487842478e-05,4.324502373999906
first_release,CPIAUCSL,12,mean,naive_last,recession,20,20,0,1.0,2.387900675864116,3.245820806529222,0.73568469062145,1.7671524482602685,2.193962761253297,0.805461459724497,0.7635953982626689,0.15,0.25,2.1265653410184644,2.7294170661303623,0.49910292894588953,0.2300848102210858,0.003170063237557974,0.0053751959997884
first_release,CPIAUCSL,12,naive_drift,naive_last,recession,20,20,0,1.0,3.2576983156667367,3.245820806529222,1.0036593237413545,2.232447608427172,2.193962761253297,1.0175412490373767,1.0092120938597633,0.3,0.3,3.5300313453291077,4.530746181211618,0.4908911128182911,0.20443438707296263,0.0038818669219615742,0.005734306999754899
first_release,CPIAUCSL,12,naive_last,naive_last,recession,20,20,0,1.0,3.245820806529222,3.245820806529222,1.0,2.193962761253297,2.193962761253297,1.0,1.0,0.3,0.35,3.5161820545584126,4.512970808946202,0.47763131249780894,0.19813111904184696,0.003573842979085917,0.0057445769996879005
first_release,CPIAUCSL,12,random_forest,naive_last,recession,20,20,0,1.0,2.4408946395255766,3.245820806529222,0.7520115203573551,1.941302181379799,2.193962761253297,0.8848382550808812,0.8051422142467655,0.1,0.1,1.5969730206310615,2.049692681708353,0.5585220653952033,0.23335526686514935,4.969446068804268e-05,9.646542507999982
first_release,CPIAUCSL,12,ridge,naive_last,recession,20,20,0,1.0,4.566880781495962,3.245820806529222,1.4070033602315093,3.4799820691519097,2.193962761253297,1.586162778425636,1.4786671275091599,0.3,0.35,2.7725202685185115,3.5584912398988706,0.6784962255012954,0.16089496406234954,4.708618522265633e-06,0.5777148450001722
first_release,CPIAUCSL,12,seasonal_naive,naive_last,recession,20,20,0,1.0,3.245820806529222,3.245820806529222,1.0,2.210587870411641,2.193962761253297,1.0075776624161328,1.0030310649664531,0.3,0.3,3.4139708506157005,4.381784148931625,0.48343449719689324,0.20258885370648244,0.0033402903159365227,0.005512911000009799
first_release,CPIAUCSL,12,state_space,naive_last,recession,20,20,0,1.0,3.2536205335611115,3.245820806529222,1.0024030060489475,2.088607465437434,2.193962761253297,0.9519794512119801,0.9822335841141605,0.4,0.5,4.6633438142842145,5.9853369875034925,0.44995136073497494,0.16394582457692133,0.006765346635409619,5.190445119999964
first_release,CPIAUCSL,12,var,naive_last,recession,20,20,0,1.0,2.750013053451548,3.245820806529222,0.8472473427737238,1.8664410984150042,2.193962761253297,0.8507168541679365,0.8486351473314089,0.2,0.4,3.1734431780431587,4.073070223366705,0.5101909663202427,0.21051632905962156,0.009344834680790837,0.09326551000023539
first_release,INDPRO,1,arima,naive_last,all,244,244,0,1.0,4.1515218456357275,4.179675011730493,0.9932642691080642,2.1556525889227447,2.176735411874648,0.9903144760557985,0.9920843518871579,0.8442622950819673,0.8647540983606558,8.981040386184365,11.527040542247223,0.3824524000512864,0.04610831769891583,1.2715401268830174e-15,235.0277448660035
first_release,INDPRO,1,autoreg,naive_last,all,244,244,0,1.0,4.119771460998406,4.179675011730493,0.9856678927036279,2.138801528142397,2.176735411874648,0.9825730387233506,0.9844299511115169,0.8401639344262295,0.860655737704918,8.804329625949743,11.30023473691878,0.3932601347877099,0.048231794770648886,4.909043240443054e-14,2.6581085559992514
first_release,INDPRO,1,bvar_niw,naive_last,all,244,244,0,1.0,4.1478520265288585,4.179675011730493,0.9923862536890258,2.1545586828965604,2.176735411874648,0.989811931731754,0.9913565249061171,0.8442622950819673,0.860655737704918,9.077608632639635,11.65098454473673,0.3838098600757944,0.04575919140657067,1.1454149116456572e-15,19.03487932499987
first_release,INDPRO,1,dynamic_factor,naive_last,all,236,244,8,0.9672131147540983,4.164859234782989,4.238067525196088,0.9827260207682246,2.1789124902659864,2.2123888921843626,0.9848686629929135,0.9835830776581003,0.8389830508474576,0.8516949152542372,9.200528535055213,11.808750531489565,0.38187944857022943,0.046154980490295414,4.496013668651783e-15,1585.968939506001
first_release,INDPRO,1,elastic_net,naive_last,all,244,244,0,1.0,4.222062323839248,4.179675011730493,1.0101412937584364,2.1664894560635326,2.176735411874648,0.995292971412501,1.0042019648200622,0.8401639344262295,0.8565573770491803,8.689629845825475,11.153019162906533,0.3940944306767207,0.0463228274972603,1.76500077266079e-16,16.14556324999898
first_release,INDPRO,1,hist_gradient_boosting,naive_last,all,244,244,0,1.0,4.1483180157139845,4.179675011730493,0.9924977430234401,2.185354447476284,2.176735411874648,1.0039596156494799,0.9970824920738559,0.7991803278688525,0.8442622950819673,8.352573606347656,10.720412163003168,0.39868186707833225,0.05990767269612008,3.478495792230866e-11,77.43000263399915
first_release,INDPRO,1,mean,naive_last,all,244,244,0,1.0,5.171756587089644,4.179675011730493,1.2373585440434527,2.7964479799257576,2.176735411874648,1.2846981606815504,1.2562943906986916,0.8524590163934426,0.8811475409836066,13.809550664830894,17.72436639173744,0.36273058934603436,0.0434245441871352,3.0249984937992705e-17,0.0610824690009394
first_release,INDPRO,1,naive_drift,naive_last,all,244,244,0,1.0,4.190004662621995,4.179675011730493,1.0024714004946584,2.18216684021535,2.176735411874648,1.0024952175221076,1.002480927305638,0.8401639344262295,0.8565573770491803,9.038963720342881,11.601384336782925,0.37962997178563573,0.04596348052861544,1.099256463925695e-15,0.06818636300114861
first_release,INDPRO,1,naive_last,naive_last,all,244,244,0,1.0,4.179675011730493,4.179675011730493,1.0,2.176735411874648,2.176735411874648,1.0,1.0,0.8401639344262295,0.8565573770491803,9.017704170416838,11.574097999858708,0.37992919717243806,0.0460312632852055,1.517852883998261e-15,0.0688911290022701
first_release,INDPRO,1,random_forest,naive_last,all,244,244,0,1.0,4.243163628640243,4.179675011730493,1.0151898453184915,2.243852258519609,2.176735411874648,1.030833718365044,1.0214473945371125,0.8155737704918032,0.8524590163934426,8.864190296734078,11.377065076094029,0.3934100695988281,0.058154226797534125,6.682367884736675e-13,186.59052484400002
first_release,INDPRO,1,ridge,naive_last,all,244,244,0,1.0,4.18071025460798,4.179675011730493,1.000247685017276,2.1524588026412097,2.176735411874648,0.9888472392643575,0.9956875067161086,0.8401639344262295,0.8524590163934426,8.636743839964174,11.085140709245586,0.3946223219063374,0.04750067838764465,6.31546935603088e-17,6.779696838002951
first_release,INDPRO,1,seasonal_naive,naive_last,all,244,244,0,1.0,6.269845056485033,4.179675011730493,1.5000795609439395,3.3462477165973006,2.176735411874648,1.5372781176539252,1.5149589836279338,0.8360655737704918,0.8647540983606558,15.876858327386826,20.37772705095888,0.39775937719883897,0.055041547888416,2.6738180491717633e-12,0.0649052219997534
first_release,INDPRO,1,state_space,naive_last,all,244,244,0,1.0,4.3206472539688905,4.179675011730493,1.033728039104177,2.2325993946942653,2.176735411874648,1.0256641126500101,1.0305024685225104,0.8442622950819673,0.8565573770491803,9.152743016151211,11.747418481965985,0.3852929670980735,0.04753147769332733,9.750696874477262e-15,70.37482053499991
first_release,INDPRO,1,var,naive_last,all,244,244,0,1.0,4.635529303011777,4.179675011730493,1.1090645301373678,2.2412730886091596,2.176735411874648,1.02964883852325,1.0772982534917208,0.8524590163934426,0.8770491803278688,9.181097041498594,11.783810479514283,0.38656235421016155,0.04240403739098121,1.1112922801413545e-17,1.1710122710006643
first_release,INDPRO,1,arima,naive_last,expansion,224,224,0,1.0,4.222478987303532,4.240613314830254,0.9957236545328708,2.1826633653161536,2.1995017849605794,0.992344439200022,0.9943719683997312,0.8392857142857143,0.8616071428571429,8.95680830514066,11.495939002937424,0.3917264648544438,0.04731684350268824,2.1929168083668059e-13,218.28526480800372
first_release,INDPRO,1,autoreg,naive_last,expansion,224,224,0,1.0,4.1831344472717,4.240613314830254,0.9864456239484181,2.164194772589614,2.1995017849605794,0.9839477227923239,0.9854464634859803,0.8392857142857143,0.8571428571428571,8.775668147356425,11.263448127401448,0.4021383832136606,0.04943299226785161,4.678966137383895e-12,2.4768793269991995
first_release,INDPRO,1,bvar_niw,naive_last,expansion,224,224,0,1.0,4.206264961967539,4.240613314830254,0.991900145023223,2.1744602143042,2.1995017849605794,0.9886148895956326,0.9905860428521868,0.84375,0.8571428571428571,9.078314527442826,11.651890550908073,0.3943376182686231,0.04654260088066229,1.5945676011579447e-13,17.521530226999822
first_release,INDPRO,1,dynamic_factor,naive_last,expansion,222,224,2,0.9910714285714286,4.1783681968759865,4.258482173613738,0.9811871992246084,2.1740210611425494,2.2111134813893107,0.9832245515397722,0.9820021401506739,0.8423423423423423,0.8513513513513513,9.18746683518341,11.791986021199136,0.3908026548569158,0.046449544336615606,2.0889859972463044e-13,1511.9230806580008
first_release,INDPRO,1,elastic_net,naive_last,expansion,224,224,0,1.0,4.239437230547323,4.240613314830254,0.9997226617482858,2.1746347711349197,2.1995017849605794,0.9886942515820212,0.99531129768178,0.8392857142857143,0.8526785714285714,8.677974922258965,11.138060230456501,0.4024372240327235,0.046887000402377886,2.0092632538293333e-14,15.403700916999062
first_release,INDPRO,1,hist_gradient_boosting,naive_last,expansion,224,224,0,1.0,4.0436948154243,4.240613314830254,0.9535636746889202,2.114482853271849,2.1995017849605794,0.9613462774751719,0.9566767158034208,0.8258928571428571,0.8526785714285714,8.350104544955055,10.717243157013884,0.4184412704508194,0.0581536695988756,3.1340923631087094e-09,72.88368955099895
first_release,INDPRO,1,mean,naive_last,expansion,224,224,0,1.0,4.350092444628221,4.240613314830254,1.025816815085473,2.4158188295436416,2.1995017849605794,1.0983482014255057,1.054829369621486,0.8973214285714286,0.9241071428571429,13.936705650460164,17.88756804894769,0.3871748523753961,0.03882800297443692,2.2257849673416618e-15,0.0558989260008398
first_release,INDPRO,1,naive_drift,naive_last,expansion,224,224,0,1.0,4.252227540019611,4.240613314830254,1.0027388078862884,2.2057915714242666,2.1995017849605794,1.0028596414454831,1.0027871413099665,0.8392857142857143,0.8526785714285714,9.019556514392276,11.576475457612478,0.38915475574500036,0.047196748061062735,2.0328350692989904e-13,0.0625368180011667
first_release,INDPRO,1,naive_last,naive_last,expansion,224,224,0,1.0,4.240613314830254,4.240613314830254,1.0,2.1995017849605794,2.1995017849605794,1.0,1.0,0.8392857142857143,0.8526785714285714,8.998742949083066,11.549761535746923,0.3896390883121625,0.04724476775216129,3.2887465518677413e-13,0.0631375590026444
first_release,INDPRO,1,random_forest,naive_last,expansion,224,224,0,1.0,4.136168952246385,4.240613314830254,0.9753704582734279,2.1669055973401066,2.1995017849605794,0.9851801949680814,0.9792943529512894,0.8303571428571429,0.8660714285714286,8.855782973472452,11.366274393509231,0.4143280899671555,0.0564462769622486,6.933155829468222e-11,175.71772771099995
first_release,INDPRO,1,ridge,naive_last,expansion,224,224,0,1.0,4.1930939841519645,4.240613314830254,0.9887942316003901,2.1568090213440247,2.1995017849605794,0.9805898026960138,0.9855124600386396,0.8392857142857143,0.8482142857142857,8.625645848774859,11.070896591762988,0.4045016755679196,0.04809260724977396,2.201018384284425e-15,6.313241668002763
first_release,INDPRO,1,seasonal_naive,naive_last,expansion,224,224,0,1.0,5.880722704918075,4.240613314830254,1.3867623073181508,3.099950879838562,2.1995017849605794,1.4093877536426374,1.3958124858479453,0.875,0.9017857142857143,16.12146200248201,20.691672469124708,0.4218091043530939,0.05097821662321873,1.8180931639292277e-10,0.059738207999703294
first_release,INDPRO,1,state_space,naive_last,expansion,224,224,0,1.0,4.40763668291927,4.240613314830254,1.0393866065328103,2.2714820787313275,2.1995017849605794,1.0327257264635674,1.0367222545051131,0.8392857142857143,0.8526785714285714,9.138004145046887,11.728501345703256,0.39155709270597167,0.048699081617121005,3.7859335558543674e-13,65.76871559599994
first_release,INDPRO,1,var,naive_last,expansion,224,224,0,1.0,4.7550078310921124,4.240613314830254,1.1213019150939607,2.2878602782672735,2.1995017849605794,1.0401720489207413,1.088849968624673,0.8526785714285714,0.875,9.201120986641756,11.809510934868658,0.39569705851046066,0.043166995773009635,1.360972862732515e-15,1.0804733460004057
first_release,INDPRO,1,arima,naive_last,high_volatility,102,102,0,1.0,5.559487309424237,5.6152897012970175,0.9900624197786463,3.016759393494993,3.0675694818725616,0.9834363691913663,0.9874119995437343,0.7254901960784313,0.7549019607843137,9.071682071590645,11.643377885981147,0.32949123270716923,0.06587341651343648,7.817263682202086e-08,95.1365198770012
first_release,INDPRO,1,autoreg,naive_last,high_volatility,102,102,0,1.0,5.510052654753536,5.6152897012970175,0.981258839322364,2.9963617058725287,3.0675694818725616,0.9767869068913265,0.979470066349949,0.7156862745098039,0.7450980392156863,8.91902821518751,11.44744878244474,0.3381197443876857,0.06682285077683671,1.6798202725199036e-07,1.1297890779994708
first_release,INDPRO,1,bvar_niw,naive_last,high_volatility,102,102,0,1.0,5.607223402392582,5.6152897012970175,0.9985635115312799,3.0434891604431926,3.0675694818725616,0.9921500322741934,0.9959981198284453,0.7156862745098039,0.7450980392156863,9.159604113681153,11.75622460530929,0.32506835739420803,0.06430601844160544,1.704998377151127e-08,7.808162871000544
first_release,INDPRO,1,dynamic_factor,naive_last,high_volatility,94,102,8,0.9215686274509803,5.69990792809042,5.827717297231097,0.9780687081026729,3.140561758543802,3.2328981405223054,0.9714385118352088,0.9754166295956872,0.6914893617021277,0.7127659574468085,9.364092390848079,12.018682467645982,0.32295215571081043,0.06818369249971318,5.843768889609659e-08,659.4083833830009
first_release,INDPRO,1,elastic_net,naive_last,high_volatility,102,102,0,1.0,5.765115440431359,5.6152897012970175,1.0266817469986873,3.134542785564559,3.0675694818725616,1.0218326933058137,1.0247421255215379,0.7058823529411765,0.7352941176470589,8.905462948678478,11.4300379513726,0.34704576970519324,0.066264125637639,5.974614993787952e-09,6.8586909629995
first_release,INDPRO,1,hist_gradient_boosting,naive_last,high_volatility,102,102,0,1.0,5.619647135879569,5.6152897012970175,1.0007759946172583,3.143497216481961,3.0675694818725616,1.0247517570695905,1.0103662995981912,0.6176470588235294,0.7058823529411765,8.56592555430299,10.994246423634232,0.3497772186877814,0.0881114611778927,1.8705481721796894e-05,33.236083071998735
first_release,INDPRO,1,mean,naive_last,high_volatility,102,102,0,1.0,7.166105612820732,5.6152897012970175,1.2761773646630392,4.018847078568925,3.0675694818725616,1.3101079217008207,1.289749587478152,0.7352941176470589,0.7941176470588235,14.536409261998429,18.657279301350883,0.29077904320333764,0.05204362867306071,4.4880717316968464e-13,0.025567849000931103
first_release,INDPRO,1,naive_drift,naive_last,high_volatility,102,102,0,1.0,5.627982344253576,5.6152897012970175,1.0022603718831509,3.074340984344468,3.0675694818725616,1.002207448767476,1.002239202636881,0.7058823529411765,0.7352941176470589,9.146551138108189,11.739471292535198,0.32745178048470847,0.06647229324780317,7.274136148708626e-09,0.028521655000696595
first_release,INDPRO,1,naive_last,naive_last,high_volatility,102,102,0,1.0,5.6152897012970175,5.6152897012970175,1.0,3.0675694818725616,3.0675694818725616,1.0,1.0,0.7058823529411765,0.7352941176470589,9.125550314932745,11.712517027800311,0.3270189186178003,0.06636335978604685,7.456631196505038e-09,0.0288351560016578
first_release,INDPRO,1,random_forest,naive_last,high_volatility,102,102,0,1.0,5.724407036911136,5.6152897012970175,1.0194321827400845,3.2129083133733354,3.0675694818725616,1.047379148984118,1.030610969237698,0.6568627450980392,0.7352941176470589,9.104181523007389,11.685090480287917,0.33841416088571363,0.08787698276657452,2.9003787604843435e-08,80.40709898900133
first_release,INDPRO,1,ridge,naive_last,high_volatility,102,102,0,1.0,5.7038928569754885,5.6152897012970175,1.0157789108650985,3.114867005233505,3.0675694818725616,1.0154185662754969,1.0156347730292579,0.7058823529411765,0.7254901960784313,8.840330485581262,11.346441340016415,0.34310877832316344,0.06790108979571487,1.3317834192594153e-08,2.7702802400015067
first_release,INDPRO,1,seasonal_naive,naive_last,high_volatility,102,102,0,1.0,8.947514212634449,5.6152897012970175,1.593419874769374,5.073173451251955,3.0675694818725616,1.6538088154909847,1.6175754510580183,0.6862745098039216,0.7549019607843137,16.536063735427078,21.22380803238256,0.3635710956999989,0.08867205494145528,4.4885463367519693e-07,0.0270511169997524
first_release,INDPRO,1,state_space,naive_last,high_volatility,102,102,0,1.0,5.820601762608617,5.6152897012970175,1.0365630398845098,3.14551191750379,3.0675694818725616,1.0254085314421792,1.0321012365075775,0.7156862745098039,0.7352941176470589,9.291923640965747,11.926054879971764,0.3339956452252147,0.06602940463988252,9.4391919570604e-08,30.981234544999495
first_release,INDPRO,1,var,naive_last,high_volatility,102,102,0,1.0,6.459379691313858,5.6152897012970175,1.150319936266489,3.253567949959026,3.0675694818725616,1.0606338240048352,1.1144454913618276,0.7352941176470589,0.7843137254901961,9.432847814202564,12.106929098150585,0.3360884474732829,0.0596618889695031,6.394395700114123e-08,0.4914979770008984
first_release,INDPRO,1,arima,naive_last,normal_volatility,142,142,0,1.0,2.722838843535213,2.7145822985440384,1.003041552652724,1.5371110814131008,1.5368405165240344,1.0001760526783081,1.0018953526629577,0.9295774647887324,0.9436619718309859,8.915931569906613,11.443474281255243,0.42049492870691985,0.028790784480541252,5.560759547932256e-11,139.8912249890023
first_release,INDPRO,1,autoreg,naive_last,normal_volatility,142,142,0,1.0,2.712133320496766,2.7145822985440384,0.999097843506684,1.52280759766019,1.5368405165240344,0.9908689817108782,0.9958062987883616,0.9295774647887324,0.9436619718309859,8.721940498469094,11.194489436611395,0.43286802084969905,0.03147747228024821,4.87103038282108e-10,1.5283194779997806
first_release,INDPRO,1,bvar_niw,naive_last,normal_volatility,142,142,0,1.0,2.641707344956552,2.7145822985440384,0.9731542662653577,1.516031156771515,1.5368405165240344,0.9864596491771409,0.978476419430071,0.9366197183098591,0.9436619718309859,9.018710470201357,11.575389571649396,0.42600446059355357,0.028509244927416293,9.520498430116654e-12,11.226716453999323
first_release,INDPRO,1,dynamic_factor,naive_last,normal_volatility,142,142,0,1.0,2.7058973682859264,2.7145822985440384,0.9968006384397444,1.5423277633778554,1.5368405165240344,1.003570472534282,0.9995085720775594,0.9366197183098591,0.9436619718309859,9.092253869952891,11.669781503329682,0.42088765651942245,0.02810536214626028,3.329198921102554e-12,926.5605561230001
first_release,INDPRO,1,elastic_net,naive_last,normal_volatility,142,142,0,1.0,2.599253669649429,2.7145822985440384,0.9575151473740672,1.4711272052951891,1.5368405165240344,0.957241294381363,0.9574056061769854,0.9366197183098591,0.9436619718309859,8.53459480011416,10.954033835980203,0.42788994771260647,0.0296156180108388,7.603639776342379e-11,9.286872286999476
first_release,INDPRO,1,hist_gradient_boosting,naive_last,normal_volatility,142,142,0,1.0,2.623941872147109,2.7145822985440384,0.9666098071716064,1.4971110500215017,1.5368405165240344,0.9741486080856384,0.9696253275372192,0.9295774647887324,0.9436619718309859,8.199320798661432,10.52371431381747,0.43381055817577024,0.03715691881045492,1.2867873996670364e-08,44.19391956200042
first_release,INDPRO,1,mean,naive_last,normal_volatility,142,142,0,1.0,3.0120310950962215,2.7145822985440384,1.1095744257640372,1.918386655548271,1.5368405165240344,1.248266579987885,1.1650512874535763,0.9366197183098591,0.9436619718309859,13.287440968273932,17.054245851029187,0.4144140943217744,0.03112335437435199,3.555999390816382e-11,0.035514620000008296
first_release,INDPRO,1,naive_drift,naive_last,normal_volatility,142,142,0,1.0,2.7230511011227843,2.7145822985440384,1.0031197442727333,1.5413093564042921,1.5368405165240344,1.0029078097774031,1.0030349704746013,0.9366197183098591,0.9436619718309859,8.96168261744104,11.50219511504538,0.41711008102996394,0.02821451729612523,5.990800812944678e-12,0.039664708000452
first_release,INDPRO,1,naive_last,naive_last,normal_volatility,142,142,0,1.0,2.7145822985440384,2.7145822985440384,1.0,1.5368405165240344,1.5368405165240344,1.0,1.0,0.9366197183098591,0.9436619718309859,8.940237221539215,11.474670247393613,0.417935171908868,0.02831373335222139,6.384294984631946e-12,0.040055973000612304
first_release,INDPRO,1,random_forest,naive_last,normal_volatility,142,142,0,1.0,2.720114829164179,2.7145822985440384,1.0020380780583105,1.547769740244396,1.5368405165240344,1.00711148853954,1.0040674422508022,0.9295774647887324,0.9366197183098591,8.69180223279128,11.155807391391377,0.4329141730406428,0.03351628524898565,1.512799162149327e-11,106.18342585499869
first_release,INDPRO,1,ridge,naive_last,normal_volatility,142,142,0,1.0,2.581361101029354,2.7145822985440384,0.9509238686238626,1.4611515021875894,1.5368405165240344,0.9507502479778217,0.9508544203654462,0.9366197183098591,0.9436619718309859,8.49050554522514,10.897445889959494,0.43162500814213844,0.029925934349258485,1.484924642635e-11,4.009416598001444
first_release,INDPRO,1,seasonal_naive,naive_last,normal_volatility,142,142,0,1.0,3.168903080518664,2.7145822985440384,1.1673630533206893,2.105779935366493,1.5368405165240344,1.3702006894829033,1.2484981077855748,0.9436619718309859,0.9436619718309859,15.40334458358326,19.76997874035877,0.42231715686701965,0.02988907125129955,1.6037865630967735e-11,0.037854105000001
first_release,INDPRO,1,state_space,naive_last,normal_volatility,142,142,0,1.0,2.7823524846080314,2.7145822985440384,1.0249652353882737,1.5768453290141835,1.5368405165240344,1.0260305555846683,1.0253913634668315,0.9366197183098591,0.9436619718309859,9.052768201143591,11.61910219607451,0.42214033914759175,0.03134735719026444,4.300991980998038e-10,39.39358599000042
first_release,INDPRO,1,var,naive_last,normal_volatility,142,142,0,1.0,2.6368173525582415,2.7145822985440384,0.9713528869515188,1.5141317093296784,1.5368405165240344,0.9852237060708694,0.976901214599259,0.9366197183098591,0.9436619718309859,9.000261979415463,11.551711190071307,0.4228182590493279,0.02717599910047796,6.453993150079008e-13,0.6795142939997659
first_release,INDPRO,1,arima,naive_last,recession,20,20,0,1.0,3.2527139137009553,3.4238517319961748,0.9500159961087326,1.8531318933165593,1.921752033312223,0.9642929270758236,0.955726768495569,0.9,0.9,9.252439693873836,11.875377782516939,0.27858287425592376,0.021980088299579648,2.246768376084096e-05,16.742480057999785
first_release,INDPRO,1,autoreg,naive_last,recession,20,20,0,1.0,3.328698163577216,3.4238517319961748,0.9722086188692867,1.854397190333568,1.921752033312223,0.964951335130076,0.9693057053736025,0.85,0.9,9.12533818619492,11.712244763512885,0.29382375241706227,0.025334765929065785,0.0007386194102692034,0.18122922900005148
first_release,INDPRO,1,bvar_niw,naive_last,recession,20,20,0,1.0,3.426252365991414,3.4238517319961748,1.0007011501032026,1.931661531131,1.921752033312223,1.0051564913927513,1.002483286619022,0.85,0.9,9.069702610843864,11.64083727561767,0.2658989683161127,0.023031431598041177,4.545927774319418e-05,1.513349098000048
first_release,INDPRO,1,dynamic_factor,naive_last,recession,14,20,6,0.7,3.944467029613655,3.9000936275742006,1.0113775222537553,2.2564765806519196,2.232613263363046,1.0106885136268193,1.0111019188029808,0.7857142857142857,0.8571428571428571,9.407649775879523,12.074587766094934,0.24038289173849045,0.02177667822904099,6.148103087890167e-05,74.0458588480002
first_release,INDPRO,1,elastic_net,naive_last,recession,20,20,0,1.0,4.022339032734875,3.4238517319961748,1.1747994211156363,2.0752619272639956,1.921752033312223,1.0798801777184497,1.1368317237567616,0.85,0.9,8.820164989770372,11.32055920634689,0.30065514508948793,0.03212826827701058,0.0010069408567683347,0.7418623329999141
first_release,INDPRO,1,hist_gradient_boosting,naive_last,recession,20,20,0,1.0,5.177622801114919,3.4238517319961748,1.5122216750011719,2.979116302565962,1.921752033312223,1.5502084821168762,1.5274163978474538,0.5,0.75,8.380227093944779,10.755905030083122,0.17737654930647623,0.027490423698908802,6.68794964879859e-06,4.546313083000199
first_release,INDPRO,1,mean,naive_last,recession,20,20,0,1.0,10.694540648956986,3.4238517319961748,3.123540820712424,7.0594944642054545,1.921752033312223,3.6734679302189206,3.343511664515023,0.35,0.4,12.385414825783075,15.896507830982662,0.08895484341718286,0.013716392952923592,7.793751407036277e-10,0.0051835430000996005
first_release,INDPRO,1,naive_drift,naive_last,recession,20,20,0,1.0,3.416544936709263,3.4238517319961748,0.9978659136379566,1.9175698506754781,1.921752033312223,0.9978237657282263,0.9978490544740645,0.85,0.9,9.256324426989677,11.880363783491953,0.2729523914407538,0.020859326828943744,2.0612399220368144e-05,0.0056495449999819005
first_release,INDPRO,1,naive_last,naive_last,recession,20,20,0,1.0,3.4238517319961748,3.4238517319961748,1.0,1.921752033312223,1.921752033312223,1.0,1.0,0.85,0.9,9.230069849355065,11.846666397910733,0.2711784164075232,0.02065052412535008,1.539849438287087e-05,0.005753569999625698
first_release,INDPRO,1,random_forest,naive_last,recession,20,20,0,1.0,5.295821950534814,3.4238517319961748,1.5467439495247193,3.1056548637300287,1.921752033312223,1.6160538976390715,1.5744679287704602,0.65,0.7,8.958352317264321,11.497920721043775,0.15912824147356158,0.018325453072208064,2.1269365117114445e-07,10.872797133000063
first_release,INDPRO,1,ridge,naive_last,recession,20,20,0,1.0,4.039419543842543,3.4238517319961748,1.1797881041675482,2.103736353169686,1.921752033312223,1.094697087190695,1.145751697376807,0.85,0.9,8.761041341284518,11.244674825050657,0.2839735608966165,0.029015142125984782,0.00016086479124994036,0.4664551700001869
first_release,INDPRO,1,seasonal_naive,naive_last,recession,20,20,0,1.0,9.60547765779856,3.4238517319961748,2.8054595846060106,6.104772288295171,1.921752033312223,3.1766701335412826,2.9539438041801196,0.4,0.45,13.137297166320774,16.86153836750161,0.12840243307118288,0.022438491718107717,4.482492872488032e-07,0.0051670140000501
first_release,INDPRO,1,state_space,naive_last,recession,20,20,0,1.0,3.188132088997928,3.4238517319961748,0.9311536650972858,1.797113333479172,1.921752033312223,0.9351431934648556,0.9327494764443137,0.9,0.9,9.317818372519648,11.95929040810853,0.31513476028961296,0.03068530541113269,0.002014672002261353,4.606104938999977
first_release,INDPRO,1,var,naive_last,recession,20,20,0,1.0,2.9869876643227573,3.4238517319961748,0.8724056700262786,1.7194965644382858,1.921752033312223,0.894754648171054,0.8813452612841888,0.85,0.9,8.956828855895175,11.495965379545286,0.2842536660468109,0.023679393835720923,0.00011577962546605212,0.0905389250002587
first_release,INDPRO,3,arima,naive_last,all,242,242,0,1.0,4.783649740031447,4.7947417064384945,0.9976866394299921,2.488902258530616,2.543238597874382,0.9786349816375153,0.9900659763130014,0.8057851239669421,0.8512396694214877,10.083334774696777,12.941820073293561,0.39837199288311703,0.05652034392543762,5.2226620664314e-14,236.29839561000085
first_release,INDPRO,3,autoreg,naive_last,all,242,242,0,1.0,4.81162593554586,4.7947417064384945,1.0035214053521784,2.505107412161564,2.543238597874382,0.9850068390182943,0.9961155788186247,0.8057851239669421,0.8347107438016529,9.622262427597466,12.350040122487568,0.4315595737309959,0.06317469719258555,6.064992507389544e-07,2.8011864449993906
first_release,INDPRO,3,bvar_niw,naive_last,all,242,242,0,1.0,4.6350897869883285,4.7947417064384945,0.9667027070017595,2.438499519203904,2.543238597874382,0.9588166526105659,0.9635482852452821,0.7975206611570248,0.8512396694214877,10.290692523335606,13.207960862392543,0.41222639764294494,0.05799368592871628,2.6587827122048717e-13,32.48346036999888
first_release,INDPRO,3,dynamic_factor,naive_last,all,234,242,8,0.9669421487603306,4.626938735743745,4.830973456964474,0.9577652986425361,2.455820042454275,2.558759585675992,0.9597697478895729,0.9585670783413509,0.8034188034188035,0.8376068376068376,10.131201684977702,13.003256587518477,0.3936880722618014,0.05749023101316199,2.20116530211568e-13,1571.1353352720005
first_release,INDPRO,3,elastic_net,naive_last,all,242,242,0,1.0,4.859098191730228,4.7947417064384945,1.0134223049398707,2.5223460536775275,2.543238597874382,0.9917850632597679,1.0047674082678295,0.8057851239669421,0.8223140495867769,9.367631900185744,12.023225378698656,0.4295193061224242,0.06428783284107016,2.2624381766990753e-08,25.075603770000647
first_release,INDPRO,3,hist_gradient_boosting,naive_last,all,242,242,0,1.0,4.255801704364658,4.7947417064384945,0.8875976986726658,2.303311047593826,2.543238597874382,0.9056606208787938,0.8948228675551171,0.7727272727272727,0.8016528925619835,8.238901700015573,10.574515850720672,0.44858940191198404,0.08014470902955392,0.0012855923725395165,77.09023270400071
first_release,INDPRO,3,mean,naive_last,all,242,242,0,1.0,5.146388163513126,4.7947417064384945,1.0733400209238448,2.782139506727152,2.543238597874382,1.0939357042836804,1.081578294267779,0.8553719008264463,0.8801652892561983,13.622216007740079,17.483924962415326,0.3646300724549486,0.0438808163049236,5.653037637847086e-17,0.06646093700244911
first_release,INDPRO,3,naive_drift,naive_last,all,242,242,0,1.0,4.827524448432943,4.7947417064384945,1.0068372279471127,2.562134328010583,2.543238597874382,1.0074297905638872,1.0070742529938226,0.7933884297520661,0.8347107438016529,10.16731144106468,13.04960295770356,0.38839864910156874,0.059358402629351756,6.398525173413048e-15,0.0712040400020742
first_release,INDPRO,3,naive_last,naive_last,all,242,242,0,1.0,4.7947417064384945,4.7947417064384945,1.0,2.543238597874382,2.543238597874382,1.0,1.0,0.7892561983471075,0.8347107438016529,10.102507914457265,12.966428531761395,0.3896169554811378,0.05950122818305373,1.4630667893008108e-14,0.07228951399982199
first_release,INDPRO,3,random_forest,naive_last,all,242,242,0,1.0,4.210645953707405,4.7947417064384945,0.878179933666343,2.279165519726362,2.543238597874382,0.8961666127713183,0.8853746053083331,0.7520661157024794,0.8181818181818182,8.460176935729256,10.858519541093854,0.4462247150264858,0.07893627852368704,0.00013578917694266656,186.42436628299882
first_release,INDPRO,3,ridge,naive_last,all,242,242,0,1.0,4.83201422374379,4.7947417064384945,1.0077736236042172,2.5134903252171146,2.543238597874382,0.9883029957621235,0.9999853724673797,0.7975206611570248,0.8223140495867769,9.33146186457906,11.976801640587633,0.42785644535498574,0.06449878297471527,3.240089163645579e-08,6.841324742000796
first_release,INDPRO,3,seasonal_naive,naive_last,all,242,242,0,1.0,6.266146473474874,4.7947417064384945,1.3068788387621677,3.3491930970565416,2.543238597874382,1.3169008601299814,1.3108876473092932,0.8305785123966942,0.8636363636363636,15.693443777313732,20.14231702452331,0.398986503296921,0.05616658535146446,3.847260915312614e-12,0.0667822670002503
first_release,INDPRO,3,state_space,naive_last,all,242,242,0,1.0,5.5525610481362,4.7947417064384945,1.1580521721702104,2.786230044203892,2.543238597874382,1.0955441013409437,1.1330489438385036,0.8264462809917356,0.8636363636363636,10.802269398432813,13.864562673112937,0.40515787150300236,0.058961741322026216,6.476186889999179e-10,71.1721218450012
first_release,INDPRO,3,var,naive_last,all,242,242,0,1.0,19.66101462301985,4.7947417064384945,4.100536760221842,4.11282032605054,2.543238597874382,1.6171586611999365,3.1071855206130796,0.8512396694214877,0.8884297520661157,17.559653494488344,22.53757126514553,0.4109520433679965,0.042695536508031616,4.13792016406279e-20,1.2055617810004708
first_release,INDPRO,3,arima,naive_last,expansion,222,222,0,1.0,4.744257813558584,4.751182344194575,0.9985425668529746,2.443103444401309,2.497444010336589,0.9782415278539291,0.9904221512533564,0.8243243243243243,0.8558558558558559,10.139826234540873,13.014326077042902,0.4177508644243755,0.05528966307586471,7.808792262718174e-12,219.15216041400055
first_release,INDPRO,3,autoreg,naive_last,expansion,222,222,0,1.0,4.802883540934239,4.751182344194575,1.0108817538444588,2.480972115506088,2.497444010336589,0.9934044988546986,1.0038908518485545,0.8243243243243243,0.8378378378378378,9.673261060962997,12.415496159775632,0.45160776595075214,0.061482933970532706,9.185683448947113e-06,2.610886426999432
first_release,INDPRO,3,bvar_niw,naive_last,expansion,222,222,0,1.0,4.569265830880828,4.751182344194575,0.9617113172816806,2.377252649144432,2.497444010336589,0.9518742519573207,0.9577764911519366,0.8198198198198198,0.8648648648648649,10.404769996166758,13.354377713641162,0.43259435406094765,0.05570426010639408,3.2466433035649534e-11,29.75864578699898
first_release,INDPRO,3,dynamic_factor,naive_last,expansion,218,222,4,0.9819819819819819,4.5329705425487266,4.76575211215263,0.9511553341160334,2.3843546985547364,2.5012622518734235,0.9532605774419998,0.9519974314464199,0.8256880733944955,0.8486238532110092,10.186571109843248,13.074322474963752,0.41096207397525586,0.05584343948379424,1.0890816305487486e-11,1486.5952216330002
first_release,INDPRO,3,elastic_net,naive_last,expansion,222,222,0,1.0,4.806925646407168,4.751182344194575,1.0117325116516955,2.4715857253438878,2.497444010336589,0.9896461002185926,1.0028979470784543,0.8288288288288288,0.8333333333333334,9.380612038477912,12.039885205834937,0.4463582330508479,0.06191263079363018,2.1762848408693258e-07,23.08291213100086
first_release,INDPRO,3,hist_gradient_boosting,naive_last,expansion,222,222,0,1.0,4.0224639230301795,4.751182344194575,0.8466237731214821,2.1387806856862874,2.497444010336589,0.8563878416629795,0.850529400538081,0.8063063063063063,0.8378378378378378,8.286280476415284,10.635325851891768,0.4793499827002284,0.07397131070958601,0.03157944741093732,72.50388602200086
first_release,INDPRO,3,mean,naive_last,expansion,222,222,0,1.0,4.2906097583457745,4.751182344194575,0.9030614797574398,2.376479598651725,2.497444010336589,0.9515647152912303,0.922462773970956,0.9009009009009009,0.9234234234234234,13.819058169881156,17.736569142360693,0.39021787670271035,0.03878657200551022,1.3050105460681683e-14,0.0609875780023578
first_release,INDPRO,3,naive_drift,naive_last,expansion,222,222,0,1.0,4.788598339337334,4.751182344194575,1.0078750913840377,2.519437708763034,2.497444010336589,1.00880648308247,1.0082476480634106,0.8108108108108109,0.8378378378378378,10.230384283489164,13.130556074545147,0.4073080929778163,0.05865460291403609,1.598368830425974e-12,0.0654587340018533
first_release,INDPRO,3,naive_last,naive_last,expansion,222,222,0,1.0,4.751182344194575,4.751182344194575,1.0,2.497444010336589,2.497444010336589,1.0,1.0,0.8108108108108109,0.8378378378378378,10.167162635533609,13.04941196787211,0.4088740190608576,0.058657236372348445,3.026398265842549e-12,0.0664377620002086
first_release,INDPRO,3,random_forest,naive_last,expansion,222,222,0,1.0,3.8605476054001633,4.751182344194575,0.8125446101047521,2.0649110857748907,2.497444010336589,0.826809761191241,0.8182506705393477,0.7882882882882883,0.8513513513513513,8.486664972685722,10.892516568470706,0.4771889823777139,0.07268647185506691,0.0024437484634618374,176.04111109499857
first_release,INDPRO,3,ridge,naive_last,expansion,222,222,0,1.0,4.7566241973914165,4.751182344194575,1.001145368205767,2.4471459669146185,2.497444010336589,0.9798601917745529,0.9926312976332814,0.8198198198198198,0.8378378378378378,9.350405576155431,12.001115631169101,0.44511187114493433,0.06172610343465235,2.4798871327167574e-07,6.275388257000561
first_release,INDPRO,3,seasonal_naive,naive_last,expansion,222,222,0,1.0,5.8591111991854845,4.751182344194575,1.2331901355763955,3.082303073435841,2.497444010336589,1.2341830530248517,1.233587302555778,0.8693693693693694,0.9009009009009009,16.0053089203921,20.5425916022335,0.4244757262802589,0.051615125947618565,2.211703062501224e-10,0.0614012749999965
first_release,INDPRO,3,state_space,naive_last,expansion,222,222,0,1.0,5.612449134332215,4.751182344194575,1.1812742024498415,2.7930874209823395,2.497444010336589,1.1183783938387093,1.1561158790053887,0.8378378378378378,0.8648648648648649,10.904380808515327,13.995621249094604,0.41795000960769346,0.05796243133299303,6.316485492899309e-09,66.28873961500109
first_release,INDPRO,3,var,naive_last,expansion,222,222,0,1.0,20.474907063036486,4.751182344194575,4.309434069196393,4.233119565789889,2.497444010336589,1.6949807676446675,3.263652748575703,0.8783783783783784,0.9009009009009009,18.35931391587553,23.563924304548433,0.43015610709055324,0.039704705924172724,1.3207378764929523e-17,1.1119466400004852
first_release,INDPRO,3,arima,naive_last,high_volatility,103,103,0,1.0,6.71909973481725,6.733641954337531,0.9978403634141976,3.786968516874236,3.9027562633207773,0.9703318017743645,0.9868369387582643,0.6310679611650486,0.7281553398058253,10.486117735737869,13.458786407036953,0.3666037809525171,0.09322366577299189,6.7183887813967475e-06,97.89930022300041
first_release,INDPRO,3,autoreg,naive_last,high_volatility,103,103,0,1.0,6.7518844995135785,6.733641954337531,1.002709164713502,3.84229060450408,3.9027562633207773,0.9845069343978842,0.995428272587255,0.6213592233009708,0.6893203883495146,10.085104280765247,12.944091209744794,0.3968559073885771,0.09637886125404595,0.00019310201809080496,1.2163598029995013
first_release,INDPRO,3,bvar_niw,naive_last,high_volatility,103,103,0,1.0,6.576743493931415,6.733641954337531,0.9766993164367689,3.763154214217102,3.9027562633207773,0.9642298827585788,0.9717115429654928,0.6019417475728155,0.7184466019417476,10.661166630290111,13.683459230854032,0.36173885760262214,0.0940662607749118,1.085891159916806e-05,13.623444647000353
first_release,INDPRO,3,dynamic_factor,naive_last,high_volatility,95,103,8,0.9223300970873787,6.596702459158671,6.934211022565165,0.9513270417776181,3.8233161010994516,4.055472605101284,0.9427547596524736,0.9478981289275603,0.6,0.6842105263157895,10.6080492288286,13.615283784155501,0.3520431952781043,0.09677275093385128,1.2506583575809606e-06,666.1767181430007
first_release,INDPRO,3,elastic_net,naive_last,high_volatility,103,103,0,1.0,6.77872427035631,6.733641954337531,1.0066950866001627,3.8354606854950126,3.9027562633207773,0.9827569099156338,0.9971198159263511,0.6407766990291263,0.6796116504854369,9.896809974930267,12.702418084594065,0.40892333741525894,0.09691747402977431,3.3887921557833255e-05,9.537791591998907
first_release,INDPRO,3,hist_gradient_boosting,naive_last,high_volatility,103,103,0,1.0,5.849043928276706,6.733641954337531,0.8686300768500167,3.4429055452712807,3.9027562633207773,0.8821728319620403,0.8740471788948261,0.5825242718446602,0.6504854368932039,8.63159835730635,11.078536553751817,0.40607220876697075,0.11891988069046373,2.4922667637116174e-05,33.68198479099965
first_release,INDPRO,3,mean,naive_last,high_volatility,103,103,0,1.0,7.169320165751803,6.733641954337531,1.0647017192729749,4.055274236143006,3.9027562633207773,1.03907955366202,1.054452853028593,0.7378640776699029,0.7864077669902912,14.333112732290328,18.39635103031802,0.2906468768716147,0.05209059053471536,2.9710390165143423e-13,0.028201137000218493
first_release,INDPRO,3,naive_drift,naive_last,high_volatility,103,103,0,1.0,6.77547781653344,6.733641954337531,1.0062129620908875,3.9278771009287747,3.9027562633207773,1.00643669138247,1.0063024538075207,0.6019417475728155,0.6893203883495146,10.5764029651125,13.57466624440729,0.35703167149535825,0.10032536895341378,8.589016735145276e-08,0.0303331870007016
first_release,INDPRO,3,naive_last,naive_last,high_volatility,103,103,0,1.0,6.733641954337531,6.733641954337531,1.0,3.9027562633207773,3.9027562633207773,1.0,1.0,0.5922330097087378,0.6893203883495146,10.511785394882583,13.491730490891742,0.356530224513653,0.10008425779759896,8.790301447357861e-08,0.0306123800007705
first_release,INDPRO,3,random_forest,naive_last,high_volatility,103,103,0,1.0,5.737698617430388,6.733641954337531,0.8520944024554797,3.3392308225755785,3.9027562633207773,0.8556083437642846,0.8534999789790018,0.5533980582524272,0.6796116504854369,8.948126218661223,11.484795665580458,0.40987585804001714,0.11582881826442806,0.0009529431940579738,82.14337517100051
first_release,INDPRO,3,ridge,naive_last,high_volatility,103,103,0,1.0,6.751341667868616,6.733641954337531,1.0026285498473353,3.839923992141321,3.9027562633207773,0.9839005392752881,0.9951373456185164,0.6213592233009708,0.6699029126213593,9.853072051492834,12.646281067609637,0.39906995794668626,0.09691660304210074,5.0577142446019864e-05,2.7561281530011237
first_release,INDPRO,3,seasonal_naive,naive_last,high_volatility,103,103,0,1.0,8.960044877093436,6.733641954337531,1.3306387446575993,5.133056011154332,3.9027562633207773,1.3152386838492234,1.324478720334249,0.6699029126213593,0.7475728155339806,16.271178394560717,20.883831378017383,0.3639694609440118,0.09026207637354851,9.137971496553445e-07,0.0286678619993326
first_release,INDPRO,3,state_space,naive_last,high_volatility,103,103,0,1.0,7.870069189214046,6.733641954337531,1.168768586536514,4.260613860874668,3.9027562633207773,1.0916935553770393,1.1379385740727241,0.6796116504854369,0.7572815533980582,11.336445412452065,14.550170164620049,0.3803432682476126,0.0893317706939786,5.6865605200100136e-05,31.926139354000185
first_release,INDPRO,3,var,naive_last,high_volatility,103,103,0,1.0,30.010091342697084,6.733641954337531,4.456739985018929,7.279941532488529,3.9027562633207773,1.865333380131244,3.4201773430638553,0.7378640776699029,0.8155339805825242,23.405140134120433,30.04017214286309,0.3929361700504316,0.06688374257047017,2.357973718880655e-07,0.5153341080014342
first_release,INDPRO,3,arima,naive_last,normal_volatility,139,139,0,1.0,2.52710591966828,2.5350087264254526,0.9968825327207783,1.527025822491818,1.535826227075973,0.9942699216688662,0.9958374883000134,0.935251798561151,0.9424460431654677,9.784869702846182,12.558744300807454,0.42191246647197883,0.028489942019834943,4.050807888728028e-12,138.39909538700044
first_release,INDPRO,3,autoreg,naive_last,normal_volatility,139,139,0,1.0,2.5546738383011776,2.5350087264254526,1.0077574138781977,1.5142450466127941,1.535826227075973,0.9859481625702754,0.9990337133550288,0.9424460431654677,0.9424460431654677,9.279293284602632,11.909843993081132,0.4572752401573927,0.03752529436160333,1.6169990903219602e-06,1.5848266419998893
first_release,INDPRO,3,bvar_niw,naive_last,normal_volatility,139,139,0,1.0,2.3135909229100906,2.5350087264254526,0.9126559994814782,1.456920860309232,1.535826227075973,0.9486235061130794,0.9270430021341187,0.9424460431654677,0.9496402877697842,10.016168544800975,12.855613150511012,0.4496380280325367,0.028439311467106456,1.0662955515468299e-10,18.86001572299852
first_release,INDPRO,3,dynamic_factor,naive_last,normal_volatility,139,139,0,1.0,2.509747337821528,2.5350087264254526,0.9900349894891506,1.5212004340277152,1.535826227075973,0.9904769219392069,0.9902117624691731,0.9424460431654677,0.9424460431654677,9.805298687381764,12.584964618593894,0.42215039825785333,0.02913929480527002,5.055338839611616e-12,904.9586171289998
first_release,INDPRO,3,elastic_net,naive_last,normal_volatility,139,139,0,1.0,2.6564141809054482,2.5350087264254526,1.0478915331590144,1.549318664632916,1.535826227075973,1.0087851329265491,1.0322489730660283,0.9280575539568345,0.9280575539568345,8.975507139763542,11.5199386973517,0.4447810671068705,0.04008490812870413,3.679629073389475e-07,15.537812178001738
first_release,INDPRO,3,hist_gradient_boosting,naive_last,normal_volatility,139,139,0,1.0,2.4863683310997433,2.5350087264254526,0.9808125333776283,1.4588633262932664,1.535826227075973,0.9498882754924464,0.9684428302235556,0.9136690647482014,0.9136690647482014,7.947910651807299,10.20103288372637,0.48009494791152624,0.04971653201934783,0.0007774022212331496,43.40824791300106
first_release,INDPRO,3,mean,naive_last,normal_volatility,139,139,0,1.0,2.8326623652917586,2.5350087264254526,1.117417204825965,1.838737512987347,1.535826227075973,1.1972301817557056,1.1493423955978612,0.9424460431654677,0.9496402877697842,13.095436420483418,16.807810681883108,0.4194521526354047,0.031018156712455478,2.486648394928264e-10,0.0382598000022306
first_release,INDPRO,3,naive_drift,naive_last,normal_volatility,139,139,0,1.0,2.5605991788288214,2.5350087264254526,1.0100948182689111,1.5501091077906277,1.535826227075973,1.0092998025836866,1.0097768119948212,0.935251798561151,0.9424460431654677,9.864171678640757,12.660527284822376,0.4116418051694801,0.02823009457900473,4.064191714029313e-13,0.0408708530013726
first_release,INDPRO,3,naive_last,naive_last,normal_volatility,139,139,0,1.0,2.5350087264254526,2.5350087264254526,1.0,1.535826227075973,1.535826227075973,1.0,1.0,0.935251798561151,0.9424460431654677,9.7992303570198,12.57717600089502,0.4141344611620797,0.028513697833780802,9.004593830712258e-13,0.0416771339990515
first_release,INDPRO,3,random_forest,naive_last,normal_volatility,139,139,0,1.0,2.5440951853272127,2.5350087264254526,1.003584389594813,1.493649503946007,1.535826227075973,0.9725380890191819,0.9911658693645606,0.8992805755395683,0.920863309352518,8.098603006650173,10.394444427265649,0.47315947955602744,0.050523000496417184,0.00010385882162715292,104.2809911119983
first_release,INDPRO,3,ridge,naive_last,normal_volatility,139,139,0,1.0,2.6218509008980972,2.5350087264254526,1.0342571501105238,1.5305934353380262,1.535826227075973,0.996592849082992,1.019191429699511,0.9280575539568345,0.935251798561151,8.944944963484682,11.480712568765568,0.4491874396215675,0.03992836552412773,8.29923181402956e-07,4.085196588999673
first_release,INDPRO,3,seasonal_naive,naive_last,normal_volatility,139,139,0,1.0,2.9782708773132383,2.5350087264254526,1.1748562623343777,2.027337844163933,1.535826227075973,1.3200307485461675,1.2329260568190936,0.9496402877697842,0.9496402877697842,15.265338269569563,19.592849553948565,0.4249343836015947,0.029779200854279122,2.5136850705482118e-11,0.0381144050009177
first_release,INDPRO,3,state_space,naive_last,normal_volatility,139,139,0,1.0,2.7893337480235045,2.5350087264254526,1.1003251069500928,1.6937010289730292,1.535826227075973,1.1027947036675045,1.1013129456370576,0.935251798561151,0.9424460431654677,10.406441129051641,13.356522589478171,0.4235456710375718,0.03614143368026467,7.055134855552046e-08,39.245982491001016
first_release,INDPRO,3,var,naive_last,normal_volatility,139,139,0,1.0,2.375012376649236,2.5350087264254526,0.9368852863864405,1.7659607270353386,1.535826227075973,1.149844100785747,1.0220688121461632,0.935251798561151,0.9424460431654677,13.228105840660243,16.978090039210933,0.42430193510691167,0.024704921350157668,6.210551899791214e-15,0.6902276729990364
first_release,INDPRO,3,arima,naive_last,recession,20,20,0,1.0,5.200902428462379,5.254054383830391,0.9898836305289131,2.997269095365925,3.0515585195438724,0.9822092796745506,0.9868138901871681,0.6,0.8,9.45627957042729,12.137003431675899,0.18326651877514893,0.020716316812047164,1.6493598716771112e-07,17.146235196000333
first_release,INDPRO,3,autoreg,naive_last,recession,20,20,0,1.0,4.907620780118182,5.254054383830391,0.9340635672180374,2.773009205037352,3.0515585195438724,0.9087189995792195,0.9239257401625103,0.6,0.8,9.056177597240056,11.623478108590058,0.20902464009170146,0.02935311682232949,1.7573858585607693e-05,0.1903000179999586
first_release,INDPRO,3,bvar_niw,naive_last,recession,20,20,0,1.0,5.311231697594752,5.254054383830391,1.0108825127391767,3.118339776864045,3.0515585195438724,1.0218843115386673,1.0152832322589729,0.55,0.7,9.024432574909858,11.582733813532922,0.1861420814031151,0.029024050227134956,1.399849990667691e-05,2.7248145829998967
first_release,INDPRO,3,dynamic_factor,naive_last,recession,16,20,4,0.8,5.756400460662826,5.645028489771303,1.0197292132525686,3.429535353085486,3.3421607587359903,1.0261431453053567,1.0222947860736837,0.5,0.6875,9.376793271184642,12.03498387107659,0.15832979891598392,0.0217234614195587,4.541752668994525e-06,84.54011363900034
first_release,INDPRO,3,elastic_net,naive_last,recession,20,20,0,1.0,5.404496005941149,5.254054383830391,1.0286334345098807,3.0857856981809277,3.0515585195438724,1.0112162943682206,1.0216665784532166,0.55,0.7,9.223552365142675,11.838301297485922,0.24260721721692105,0.055210828925415296,0.00012312926552811662,1.9926916389997866
first_release,INDPRO,3,hist_gradient_boosting,naive_last,recession,20,20,0,1.0,6.289114790102352,5.254054383830391,1.197002225454196,4.129598064767509,3.0515585195438724,1.3532750685655457,1.2595113626987358,0.4,0.4,7.71299728197877,9.899524837721486,0.107146955162472,0.022394576900138866,3.236634542108124e-09,4.5863466819998555
first_release,INDPRO,3,mean,naive_last,recession,20,20,0,1.0,10.776301702122012,5.254054383830391,2.051044948313936,7.284964486364397,3.0515585195438724,2.3872930634321596,2.1855441943612255,0.35,0.4,11.437268007974097,14.679574565021687,0.0806054453047935,0.012878589920626538,2.0559361061353003e-10,0.0054733590000913
first_release,INDPRO,3,naive_drift,naive_last,recession,20,20,0,1.0,5.240221828943677,5.254054383830391,0.9973672608092364,3.0360668016583694,3.0515585195438724,0.9949233423556241,0.9963896934277915,0.6,0.8,9.467202890152908,12.151023360761938,0.17850382207522097,0.02011637538905263,8.135755378610932e-08,0.0057453060002209
first_release,INDPRO,3,naive_last,naive_last,recession,20,20,0,1.0,5.254054383830391,5.254054383830391,1.0,3.0515585195438724,3.0515585195438724,1.0,1.0,0.55,0.8,9.384840510509857,12.045312390932448,0.17586354974624815,0.020021638214173066,8.916988293777782e-08,0.0058517519996134
first_release,INDPRO,3,random_forest,naive_last,recession,20,20,0,1.0,7.00677795951116,5.254054383830391,1.3335944867786031,4.657389736587692,3.0515585195438724,1.5262331384960133,1.4106499474655672,0.35,0.45,8.16615972551251,10.481152537210823,0.10252134742785442,0.02023380457837711,1.7887694342112091e-09,10.383255188000248
first_release,INDPRO,3,ridge,naive_last,recession,20,20,0,1.0,5.601108369293347,5.254054383830391,1.066054509548099,3.2499127023748144,3.0515585195438724,1.065000943472187,1.0656330831177343,0.55,0.65,9.121186666081337,11.706916345133333,0.23632121908655676,0.05804855485018547,0.00018756930808388325,0.5659364850002351
first_release,INDPRO,3,seasonal_naive,naive_last,recession,20,20,0,1.0,9.697815001026411,5.254054383830391,1.8457774306394528,6.311672359246317,3.0515585195438724,2.0683438704592647,1.9348040065673775,0.4,0.45,12.23174068914386,15.699269211940257,0.11605612818187003,0.020209409664369703,1.2899165360845723e-08,0.005380992000253801
first_release,INDPRO,3,state_space,naive_last,recession,20,20,0,1.0,4.8382752164384915,5.254054383830391,0.9208650811321101,2.7101131619631307,3.0515585195438724,0.8881078781894771,0.9077621999550569,0.7,0.85,9.668832746516905,12.40981247971642,0.2631651385409314,0.0505534629862017,0.00019141801951293283,4.883382230000109
first_release,INDPRO,3,var,naive_last,recession,20,20,0,1.0,4.894824625670399,5.254054383830391,0.9316280853000801,2.7774987649437533,3.0515585195438724,0.9101902346473487,0.9230529450389875,0.55,0.75,8.683422817090586,11.14505252777326,0.19778693604761746,0.027590752817218397,2.8691885286868488e-05,0.0936151409999855
first_release,INDPRO,6,arima,naive_last,all,239,239,0,1.0,5.41568951253002,5.468787593199579,0.9902907034210678,2.875334230711591,2.956855214859528,0.9724298356787112,0.9831463563241252,0.7698744769874477,0.799163179916318,11.576163673103133,14.857845221230702,0.40241166309485943,0.06401329180222431,4.939476066263833e-12,200.9552848569996
first_release,INDPRO,6,autoreg,naive_last,all,239,239,0,1.0,5.379617520366933,5.468787593199579,0.9836947273389208,2.8521857983878522,2.956855214859528,0.9646011018917447,0.9760572771600504,0.7447698744769874,0.7866108786610879,10.818314120139,13.88515585047809,0.4634428216923779,0.07578131284117197,0.00015024442825617006,2.5198884450010395
first_release,INDPRO,6,bvar_niw,naive_last,all,239,239,0,1.0,5.18015458931806,5.468787593199579,0.9472217563833649,2.7693904525137434,2.956855214859528,0.9365999520694521,0.9429730346577998,0.7907949790794979,0.8368200836820083,11.668112031427729,14.975859661498799,0.42667454153299017,0.06379896945413831,8.84629147487284e-10,37.482902993999666
first_release,INDPRO,6,dynamic_factor,naive_last,all,231,239,8,0.9665271966527197,5.040256250112467,5.393585302064754,0.9344908753335138,2.717187833831411,2.8988082980214953,0.9373465074202925,0.9356331281682253,0.7748917748917749,0.8138528138528138,11.202357489705632,14.378070178954523,0.39014359858095404,0.06151944827989647,6.419507427853605e-12,1391.7054969259984
first_release,INDPRO,6,elastic_net,naive_last,all,239,239,0,1.0,5.709163072749645,5.468787593199579,1.0439540712550204,3.2439595639146046,2.956855214859528,1.0970978719594549,1.0652115915367941,0.7112970711297071,0.7824267782426778,11.15750704572863,14.320505257316274,0.47555835123409407,0.09861329875086772,0.0013544486800048858,33.69869476499849
first_release,INDPRO,6,hist_gradient_boosting,naive_last,all,239,239,0,1.0,5.200488625780348,5.468787593199579,0.950939954634029,2.944310391784896,2.956855214859528,0.9957573766170258,0.9688669234272277,0.6903765690376569,0.7615062761506276,9.569425177941516,12.28222424673871,0.5097185169671151,0.10402860563338155,0.0007401904411967212,73.00875129999967
first_release,INDPRO,6,mean,naive_last,all,239,239,0,1.0,5.117805918807568,5.468787593199579,0.935820935004231,2.766776686891673,2.956855214859528,0.935715983991159,0.9357789545990023,0.8577405857740585,0.8786610878661087,13.383972330397729,17.178142512991766,0.3647254652397049,0.04390701768246633,9.016174314649983e-17,0.061942580998570196
first_release,INDPRO,6,naive_drift,naive_last,all,239,239,0,1.0,5.540789130150485,5.468787593199579,1.0131659048232995,3.0004783025114046,2.956855214859528,1.0147532038202787,1.013800824422091,0.7573221757322176,0.7907949790794979,11.708121930964587,15.027211811608497,0.3823413015710452,0.06516021722981594,2.5912564874043314e-14,0.0603447690001912
first_release,INDPRO,6,naive_last,naive_last,all,239,239,0,1.0,5.468787593199579,5.468787593199579,1.0,2.956855214859528,2.956855214859528,1.0,1.0,0.7615062761506276,0.7949790794979079,11.57024994767363,14.85025503681438,0.38506086919288696,0.06524949164486708,1.8091161942077576e-13,0.0643110919988345
first_release,INDPRO,6,random_forest,naive_last,all,239,239,0,1.0,5.361127055580523,5.468787593199579,0.9803136370202179,2.9448037688724575,2.956855214859528,0.9959242353408085,0.9865578763484542,0.7071129707112971,0.7782426778242678,9.847520658554066,12.63915593191049,0.4938928003095071,0.09200780338758827,0.00969407494815298,183.92293561200034
first_release,INDPRO,6,ridge,naive_last,all,239,239,0,1.0,5.688094754420149,5.468787593199579,1.0401016052430483,3.241610386533608,2.956855214859528,1.0963033868696233,1.0625823178936782,0.7112970711297071,0.7740585774058577,11.023537671011805,14.148557426399497,0.472944012033085,0.09976625766114879,0.0010343873606346715,6.187112929999021
first_release,INDPRO,6,seasonal_naive,naive_last,all,239,239,0,1.0,6.272383809463786,5.468787593199579,1.146942298008333,3.3491509776164716,2.956855214859528,1.1326733080420985,1.1412347020218392,0.8368200836820083,0.8661087866108786,15.501451824364977,19.895898020681628,0.39911847888971064,0.05689287513345244,5.953403826134284e-12,0.055661599001420606
first_release,INDPRO,6,state_space,naive_last,all,239,239,0,1.0,7.639915112753,5.468787593199579,1.397003445928895,3.766082693532688,2.956855214859528,1.2736784251749724,1.3476734376273258,0.7698744769874477,0.7866108786610879,13.960825906654826,17.918526062617573,0.4108747519215997,0.06844570112213622,6.670274985815372e-10,58.677864533000076
first_release,INDPRO,6,var,naive_last,all,239,239,0,1.0,269.3571799209994,5.468787593199579,49.253545750422674,31.128285247410066,2.956855214859528,10.52749728528351,33.76312636436701,0.8117154811715481,0.8368200836820083,133.79767110292792,171.72745171419487,0.39472133534860143,0.04973065356762684,1.2411079500995734e-24,1.0538451259987012
first_release,INDPRO,6,arima,naive_last,expansion,219,219,0,1.0,5.228748224458877,5.277927712809115,0.9906820458660539,2.7044520457363674,2.786504965097099,0.9705534637876116,0.982630613034677,0.8082191780821918,0.8310502283105022,11.800352000247008,15.145587823976525,0.42955642709034836,0.05914129110686675,3.8374524897923093e-10,186.3373441729994
first_release,INDPRO,6,autoreg,naive_last,expansion,219,219,0,1.0,5.238904676845761,5.277927712809115,0.9926063716506296,2.701639601336657,2.786504965097099,0.9695441548378921,0.9833814849255346,0.7808219178082192,0.817351598173516,11.059043724169095,14.194128952262897,0.4958904195373326,0.06762669679349353,0.0009263162421352593,2.3481731810010693
first_release,INDPRO,6,bvar_niw,naive_last,expansion,219,219,0,1.0,4.921548882282151,5.277927712809115,0.9324775082345178,2.564388379039065,2.786504965097099,0.9202884657159425,0.9276018912270876,0.8264840182648402,0.8721461187214612,12.015769362071325,15.42207301460908,0.4537453842100963,0.05766140796998421,2.8936960840798027e-08,34.32021767299998
first_release,INDPRO,6,dynamic_factor,naive_last,expansion,212,219,7,0.9680365296803652,4.7629529273081905,5.193785955575612,0.9170483666534399,2.51324596327348,2.726331711012005,0.9218415914403064,0.9189656565681865,0.8113207547169812,0.8443396226415094,11.40908927834446,14.643407557091344,0.4158092399147622,0.057149832474271675,3.1660113758065716e-10,1303.6647865489986
first_release,INDPRO,6,elastic_net,naive_last,expansion,219,219,0,1.0,5.413658909707466,5.277927712809115,1.0257167593578331,3.0391185192964714,2.786504965097099,1.0906560574495763,1.0516924785945303,0.7534246575342466,0.8082191780821918,11.265987708904023,14.459738681140555,0.49024461033743344,0.09190118708315326,0.025922773239792973,30.994431359998284
first_release,INDPRO,6,hist_gradient_boosting,naive_last,expansion,219,219,0,1.0,4.752492060855802,5.277927712809115,0.9004465993957966,2.653210093462057,2.786504965097099,0.9521641363268135,0.9211336141682034,0.726027397260274,0.7945205479452054,9.858494782935853,12.653241068066775,0.5442783434831973,0.09490040540717988,0.024132568916461872,68.84311139899962
first_release,INDPRO,6,mean,naive_last,expansion,219,219,0,1.0,4.217877471693618,5.277927712809115,0.7991540811476371,2.3249992129572363,2.786504965097099,0.8343782774764297,0.8132437596791541,0.908675799086758,0.9269406392694064,13.691851825874766,17.573301567387045,0.3917641928834956,0.038162055552094884,2.205980823964859e-14,0.0568951569987446
first_release,INDPRO,6,naive_drift,naive_last,expansion,219,219,0,1.0,5.359449126433713,5.277927712809115,1.0154457237879086,2.8354812940841976,2.786504965097099,1.017576257570168,1.0162979373008123,0.7945205479452054,0.821917808219178,11.941481570993657,15.32672566700517,0.4077103791318513,0.06151348997803235,6.431709963724967e-12,0.0554682830002768
first_release,INDPRO,6,naive_last,naive_last,expansion,219,219,0,1.0,5.277927712809115,5.277927712809115,1.0,2.786504965097099,2.786504965097099,1.0,1.0,0.7990867579908676,0.8264840182648402,11.807892560966504,15.155266028882345,0.4106772484465805,0.061388670786343816,3.475387998178694e-11,0.059087954998862394
first_release,INDPRO,6,random_forest,naive_last,expansion,219,219,0,1.0,4.877485442660771,5.277927712809115,0.924128883164409,2.6295517775710406,2.786504965097099,0.9436738173834228,0.9319468568520146,0.7397260273972602,0.8127853881278538,10.105834271941985,12.970697865372605,0.5300364403519529,0.0824144443562173,0.0075909467722762945,173.80631658000024
first_release,INDPRO,6,ridge,naive_last,expansion,219,219,0,1.0,5.414835878978929,5.277927712809115,1.0259397577267966,3.0486301743277644,2.786504965097099,1.0940695288592572,1.0531916661797807,0.7488584474885844,0.7945205479452054,11.149618042160528,14.310379830855954,0.48749190732412034,0.09340233962336857,0.021240483565105384,5.717313554999383
first_release,INDPRO,6,seasonal_naive,naive_last,expansion,219,219,0,1.0,5.845821745712563,5.277927712809115,1.107597917933816,3.055550624228983,2.786504965097099,1.0965530880087662,1.103179985963796,0.8812785388127854,0.9041095890410958,15.910983250219857,20.42152591524219,0.4258634169526335,0.05187642931453379,7.054699750298795e-10,0.0511252500014442
first_release,INDPRO,6,state_space,naive_last,expansion,219,219,0,1.0,7.751348222653463,5.277927712809115,1.4686347832770712,3.7482687195832955,2.786504965097099,1.345150561916434,1.4192410947328162,0.7945205479452054,0.8082191780821918,14.359804000163347,18.430608901752333,0.43494945349912456,0.06544517520536373,7.181987518722115e-08,54.69456496900003
first_release,INDPRO,6,var,naive_last,expansion,219,219,0,1.0,281.3804423025242,5.277927712809115,53.31267452178931,33.56373907741108,2.786504965097099,12.04510291487728,36.805645879024496,0.8447488584474886,0.8721461187214612,145.32360089726,186.52082245003314,0.41598314602583886,0.04412006418388838,1.1654537534624722e-22,0.9734028549987207
first_release,INDPRO,6,arima,naive_last,high_volatility,104,104,0,1.0,7.82117088556916,7.899946910727089,0.990028284234295,4.643364595406157,4.822927274575736,0.9627689432274562,0.9791245478315596,0.5576923076923077,0.6057692307692307,11.829088725541531,15.182471011589284,0.3679988686283458,0.11040086517061644,1.2657862854576495e-05,85.71404661000034
first_release,INDPRO,6,autoreg,naive_last,high_volatility,104,104,0,1.0,7.737447817292543,7.899946910727089,0.979430356270636,4.639762791056504,4.822927274575736,0.9620221344649356,0.9724670675483558,0.49038461538461536,0.5576923076923077,11.121735521167851,14.27459300259527,0.4144498770810792,0.12282097488662734,2.431613704159014e-07,1.1178467810002055
first_release,INDPRO,6,bvar_niw,naive_last,high_volatility,104,104,0,1.0,7.5596395516814185,7.899946910727089,0.9569228296226171,4.535528369484982,4.822927274575736,0.9404098613292825,0.9503176423052833,0.5673076923076923,0.6634615384615384,11.808013679476131,15.155421482806483,0.36172092676742346,0.1067685293485548,6.0778755228297834e-05,16.179637359999347
first_release,INDPRO,6,dynamic_factor,naive_last,high_volatility,96,104,8,0.9230769230769231,7.38265763789488,7.946824222285828,0.9290072903828906,4.472696096767006,4.83875788591057,0.9243479839713704,0.9271435678182824,0.5416666666666666,0.6145833333333334,11.554283239371065,14.829761988568762,0.3327212010990411,0.1030329456887618,8.578122023286025e-08,601.8182307039987
first_release,INDPRO,6,elastic_net,naive_last,high_volatility,104,104,0,1.0,7.7652653837011005,7.899946910727089,0.9829515908716919,4.839281822100165,4.822927274575736,1.0033910002356126,0.9911273546172601,0.4807692307692308,0.5961538461538461,11.470290571921765,14.721958566993136,0.45519240262588395,0.14291729938716324,2.318715126335248e-06,13.536849321999695
first_release,INDPRO,6,hist_gradient_boosting,naive_last,high_volatility,104,104,0,1.0,6.827455552645315,7.899946910727089,0.8642406879183616,4.139629439227299,4.822927274575736,0.858323006662267,0.8618736154159238,0.5192307692307693,0.625,9.724580044040486,12.481363361467668,0.3932886732416004,0.12479975917971699,1.7437491249952614e-06,32.74022363499989
first_release,INDPRO,6,mean,naive_last,high_volatility,104,104,0,1.0,7.183067604108467,7.899946910727089,0.909255174152475,4.1097082848990105,4.822927274575736,0.8521190660625364,0.8864007309164996,0.7307692307692307,0.7692307692307693,13.81438935739242,17.730576786405518,0.28609383332224875,0.051964698317462164,2.136142532403443e-13,0.0268079179992868
first_release,INDPRO,6,naive_drift,naive_last,high_volatility,104,104,0,1.0,7.996945545696553,7.899946910727089,1.012278390736747,4.885842871030273,4.822927274575736,1.013045105777605,1.0125850767530902,0.5288461538461539,0.5865384615384616,11.986563293371004,15.384587431256607,0.34424787377600014,0.11361936813646355,1.52959179308513e-07,0.026348526000371103
first_release,INDPRO,6,naive_last,naive_last,high_volatility,104,104,0,1.0,7.899946910727089,7.899946910727089,1.0,4.822927274575736,4.822927274575736,1.0,1.0,0.5288461538461539,0.5865384615384616,11.854151230131215,15.214638387981438,0.34443869472140093,0.11314205118379703,1.4987645651845468e-07,0.0278239449991515
first_release,INDPRO,6,random_forest,naive_last,high_volatility,104,104,0,1.0,6.7118632016984705,7.899946910727089,0.8496086464308568,3.9946904375955863,4.822927274575736,0.8282709255546449,0.841073558080372,0.5576923076923077,0.6730769230769231,10.123397740726263,12.993240333509181,0.42532707445496964,0.12196457855662318,1.9406568123960315e-05,82.02531781300004
first_release,INDPRO,6,ridge,naive_last,high_volatility,104,104,0,1.0,7.736869643027068,7.899946910727089,0.9793571691629238,4.845021381525188,4.822927274575736,1.0045810574556913,0.9894467244800308,0.47115384615384615,0.5769230769230769,11.287039752591287,14.48675868669064,0.44985808535380806,0.14442255159905212,2.209788945941201e-06,2.5662763549987733
first_release,INDPRO,6,seasonal_naive,naive_last,high_volatility,104,104,0,1.0,8.975349824350449,7.899946910727089,1.1361278658927574,5.172908467504582,4.822927274575736,1.0725661352543685,1.1107031736374018,0.6730769230769231,0.7307692307692307,15.723228128292298,20.180544825144562,0.36141956712480866,0.09231133791518659,3.089090125260616e-06,0.0243069710007212
first_release,INDPRO,6,state_space,naive_last,high_volatility,104,104,0,1.0,11.161319838747605,7.899946910727089,1.4128347905214402,6.221356910125151,4.822927274575736,1.2899545350644817,1.3636826883386568,0.5480769230769231,0.5769230769230769,14.303201771209055,18.357960727389216,0.38751275968828036,0.11228854425031846,4.9507062922382105e-06,26.46701677400077
first_release,INDPRO,6,var,naive_last,high_volatility,104,104,0,1.0,408.32127901937406,7.899946910727089,51.68658519273433,62.79488008925261,4.822927274575736,13.020076089531447,36.21998155145317,0.6153846153846154,0.6634615384615384,217.2167858760645,278.79472639960017,0.3637198852616209,0.08495623466126376,2.8761350441138767e-12,0.45874169399932363
first_release,INDPRO,6,arima,naive_last,normal_volatility,135,135,0,1.0,2.1909618113918214,2.20667783775062,0.9928779697290028,1.5132960238357769,1.5192885910781524,0.9960556754802438,0.9941490520294992,0.9333333333333333,0.9481481481481482,11.38131770678022,14.607763130880391,0.42892226031350694,0.027207714508241807,2.639117716011519e-12,115.24123824699927
first_release,INDPRO,6,autoreg,naive_last,normal_volatility,135,135,0,1.0,2.261506819219951,2.20667783775062,1.0248468446690981,1.4750894484801509,1.5192885910781524,0.9709080007198396,1.0032713070893948,0.9407407407407408,0.9629629629629629,10.584567263050111,13.585145007365599,0.501185534578119,0.03689142369749478,0.00011845041633045747,1.4020416640008337
first_release,INDPRO,6,bvar_niw,naive_last,normal_volatility,135,135,0,1.0,1.8657115796842914,2.20667783775062,0.8454843510759626,1.408810131291455,1.5192885910781524,0.9272827687672576,0.8782037181524807,0.9629629629629629,0.9703703703703703,11.560335947005257,14.837530554713622,0.47671288179683413,0.025449293431189002,1.9563847959493634e-08,21.30326563400031
first_release,INDPRO,6,dynamic_factor,naive_last,normal_volatility,135,135,0,1.0,2.170539178256902,2.20667783775062,0.9836230468827493,1.4688264024105435,1.5192885910781524,0.9667856462794875,0.9768880866414447,0.9407407407407408,0.9555555555555556,10.952099178832432,14.056867114339948,0.43097730345698104,0.028505235607016326,1.1174823478880457e-10,789.8872662219998
first_release,INDPRO,6,elastic_net,naive_last,normal_volatility,135,135,0,1.0,3.354337977472492,2.20667783775062,1.5200850437197215,2.014970565016097,1.5192885910781524,1.3262592616365185,1.4425547308864402,0.8888888888888888,0.9259259259259259,10.916547884809477,14.011237522454094,0.49124767460634483,0.06472474690255939,0.042262430823406104,20.16184544299879
first_release,INDPRO,6,hist_gradient_boosting,naive_last,normal_volatility,135,135,0,1.0,3.459718523847251,2.20667783775062,1.567840336573063,2.0234720144959333,1.5192885910781524,1.3318549394621535,1.4734461777286993,0.8222222222222222,0.8666666666666667,9.449898466280088,12.128813373169736,0.5994126188001042,0.070212978755297,1.1012212807572456e-05,40.26852766499978
first_release,INDPRO,6,mean,naive_last,normal_volatility,135,135,0,1.0,2.5731392883906286,2.20667783775062,1.1660693030812153,1.7322219743526877,1.5192885910781524,1.140153348432261,1.1557029212216337,0.9555555555555556,0.9629629629629629,13.052391805898115,16.752563517176732,0.4253009446427822,0.02954562476576819,5.38034819104104e-10,0.0351346629992834
first_release,INDPRO,6,naive_drift,naive_last,normal_volatility,135,135,0,1.0,2.2549762285661274,2.20667783775062,1.0218873774817716,1.5480493015783507,1.5192885910781524,1.0189303800930858,1.0207045785262974,0.9333333333333333,0.9481481481481482,11.493618955481125,14.75190022313884,0.411687349650191,0.026404184320496526,4.394259974441146e-13,0.0339962429998201
first_release,INDPRO,6,naive_last,naive_last,normal_volatility,135,135,0,1.0,2.20667783775062,2.20667783775062,1.0,1.5192885910781524,1.5192885910781524,1.0,1.0,0.9407407407407408,0.9555555555555556,11.351540811558156,14.569544899619016,0.4163549887857354,0.026656138284220688,1.2924367879577431e-12,0.036487146999683
first_release,INDPRO,6,random_forest,naive_last,normal_volatility,135,135,0,1.0,4.022303666242224,2.20667783775062,1.8227869956506042,2.136002187041307,1.5192885910781524,1.4059226137711651,1.6560412428988287,0.8222222222222222,0.8592592592592593,9.634993128584373,12.366379800308534,0.5467138039307804,0.06320833445141505,0.0008837590191157507,101.8976177990003
first_release,INDPRO,6,ridge,naive_last,normal_volatility,135,135,0,1.0,3.341495615146084,2.20667783775062,1.5142652715233873,2.0063900644660206,1.5192885910781524,1.3206115521753508,1.4368037837841727,0.8962962962962963,0.9259259259259259,10.82054347483206,13.888017196249283,0.49072872591934286,0.06545312463479268,0.029239277119920654,3.620836575000248
first_release,INDPRO,6,seasonal_naive,naive_last,normal_volatility,135,135,0,1.0,2.755480482797829,2.20667783775062,1.2487008459769695,1.9441822446656303,1.5192885910781524,1.2796661911914675,1.2610869840627688,0.9629629629629629,0.9703703703703703,15.330601930969115,19.676614556502773,0.42816060350859814,0.02814004309371254,4.3755583281934375e-11,0.03135462800069941
first_release,INDPRO,6,state_space,naive_last,normal_volatility,135,135,0,1.0,2.713775699448416,2.20667783775062,1.2298014930057515,1.8746121859355316,1.5192885910781524,1.233874983952342,1.2314308893843877,0.9407407407407408,0.9481481481481482,13.697069685072307,17.579998617163856,0.4288721385309716,0.03450647843736296,2.318043949645906e-08,32.21084775899931
first_release,INDPRO,6,var,naive_last,normal_volatility,135,135,0,1.0,2.2846379430494457,2.20667783775062,1.0353291740031678,6.733278850731374,1.5192885910781524,4.43186297209877,2.3939426932414087,0.9629629629629629,0.9703703703703703,69.53405675917823,89.24599566025303,0.41860393393412715,0.02170484275413313,1.9439244232728546e-16,0.5951034319993773
first_release,INDPRO,6,arima,naive_last,recession,20,20,0,1.0,7.149750524729093,7.236530016277546,0.9880081349274784,4.746494156190286,4.822190449758125,0.9843025085059351,0.9865258843588611,0.35,0.45,9.121301490877697,11.707063721163946,0.10517649734425535,0.021790502313023773,7.675665119616457e-09,14.617940684000217
first_release,INDPRO,6,autoreg,naive_last,recession,20,20,0,1.0,6.730628761030278,7.236530016277546,0.9300906298862418,4.500666656098443,4.822190449758125,0.9333241196071363,0.9313840257745996,0.35,0.45,8.182324956009479,10.501900385934453,0.10814162529012386,0.02831475501189698,2.9966220895756774e-09,0.1717152639999699
first_release,INDPRO,6,bvar_niw,naive_last,recession,20,20,0,1.0,7.445758760176753,7.236530016277546,1.0289128551154458,5.014163157061468,4.822190449758125,1.0398102707272734,1.0332718213601768,0.4,0.45,7.861264260880364,10.089823444941235,0.13024881421867807,0.03663756167160697,1.0809344819982383e-07,3.162685320999685
first_release,INDPRO,6,dynamic_factor,naive_last,recession,19,20,1,0.95,7.465688263919617,7.259036675848649,1.0284681834930678,4.9927497579514775,4.823283900443172,1.0351349539040684,1.031134891657468,0.3684210526315789,0.47368421052631576,8.895665953314504,11.417463643954223,0.10376907422477821,0.021833984763584807,1.4311521767346929e-08,88.0407103769999
first_release,INDPRO,6,elastic_net,naive_last,recession,20,20,0,1.0,8.281632881729486,7.236530016277546,1.1444204422701392,5.48696900248316,4.822190449758125,1.1378582118751406,1.1417955501121397,0.25,0.5,9.969643783958075,12.795899266440358,0.31474381405252894,0.15110761747305515,1.740917920745852e-05,2.7042634050002046
first_release,INDPRO,6,hist_gradient_boosting,naive_last,recession,20,20,0,1.0,8.710341533548437,7.236530016277546,1.2036627380741547,6.131858658419981,4.822190449758125,1.2715919709740098,1.2308344312340966,0.3,0.4,6.40411300325353,8.219590053196388,0.13128841661601612,0.04972438803225187,1.328815570865e-07,4.1656399010000476
first_release,INDPRO,6,mean,naive_last,recession,20,20,0,1.0,10.87142045409602,7.236530016277546,1.5022974311779687,7.6042400264737555,4.822190449758125,1.576926524512356,1.5321490685117236,0.3,0.35,10.012691854924189,12.851150867363481,0.06865139754019604,0.01143345816891106,1.081858232200142e-11,0.0050474239998256
first_release,INDPRO,6,naive_drift,naive_last,recession,20,20,0,1.0,7.234960499414294,7.236530016277546,0.9997831119528667,4.807195544789328,4.822190449758125,0.9968904370067863,0.9986260419744345,0.35,0.45,9.152833872646264,11.74753509501491,0.10454990228021752,0.02178333810522876,4.617288195589136e-09,0.004876485999914399
first_release,INDPRO,6,naive_last,naive_last,recession,20,20,0,1.0,7.236530016277546,7.236530016277546,1.0,4.822190449758125,4.822190449758125,1.0,1.0,0.35,0.45,8.968063332116648,11.510384673670165,0.10456151636494311,0.02259702554044144,4.861315016881356e-09,0.0052231369999721
first_release,INDPRO,6,random_forest,naive_last,recession,20,20,0,1.0,9.108463209715964,7.236530016277546,1.2586782876914449,6.3968130736229725,4.822190449758125,1.3265367969744597,1.2858216914046507,0.35,0.4,7.018986591956351,9.008771760500313,0.09811994184472611,0.026983778523397232,2.929487061734434e-10,10.116619032000102
first_release,INDPRO,6,ridge,naive_last,recession,20,20,0,1.0,8.09792818856418,7.236530016277546,1.11903469899925,5.354743710187603,4.822190449758125,1.1104380397203495,1.1155960352876897,0.3,0.55,9.642957606933317,12.37660209760132,0.3136445585962483,0.1488833438306949,2.235588753923372e-05,0.4697993749996376
first_release,INDPRO,6,seasonal_naive,naive_last,recession,20,20,0,1.0,9.79516078433875,7.236530016277546,1.3535714993658463,6.56407484720947,4.822190449758125,1.36122264676185,1.3566319583242479,0.35,0.45,11.017082711254059,14.140272575243435,0.10626140710070635,0.01892044822794731,4.280525925018516e-09,0.004536348999976399
first_release,INDPRO,6,state_space,naive_last,recession,20,20,0,1.0,6.291899396894011,7.236530016277546,0.8694635941177992,3.9611457082785386,4.822190449758125,0.8214411582348898,0.8502546197646355,0.5,0.55,9.592015782736492,12.31121897409192,0.14725676964770232,0.02664259871903354,7.327069994387452e-07,3.983299564000048
first_release,INDPRO,6,var,naive_last,recession,20,20,0,1.0,6.788315894710221,7.236530016277546,0.9380622866817203,4.460065808898934,4.822190449758125,0.9249045336072624,0.9327991854519372,0.45,0.45,7.588739854991374,9.740042156765906,0.16190450843285203,0.054455048062000244,7.35581573556403e-06,0.08044227099998029
first_release,INDPRO,12,arima,naive_last,all,235,235,0,1.0,6.200343140579755,6.27810770071444,0.9876133759021313,3.243857830516416,3.3671059201352236,0.9633964322649351,0.9779265984472528,0.8127659574468085,0.8340425531914893,13.901751884206309,17.8427053756507,0.41093193228250147,0.06174709483279209,6.492967989641012e-11,225.4175475260002
first_release,INDPRO,12,autoreg,naive_last,all,235,235,0,1.0,6.124620571681985,6.27810770071444,0.9755520076511289,3.272101527952699,3.3671059201352236,0.9717845549157215,0.974045026556966,0.8170212765957446,0.8595744680851064,13.30795338294445,17.080573250234544,0.5048960105472222,0.07557592437918292,0.0013012078014040822,2.7111635910017515
first_release,INDPRO,12,bvar_niw,naive_last,all,235,235,0,1.0,5.659456106269713,6.27810770071444,0.9014589070566079,2.9789797304417984,3.3671059201352236,0.8847300325860145,0.8947673572683705,0.8553191489361702,0.8723404255319149,13.27052553068255,17.032535121924163,0.47790285096831925,0.06222840623955507,0.00021098274991863112,84.05996010700102
first_release,INDPRO,12,dynamic_factor,naive_last,all,227,235,8,0.9659574468085106,5.357156547001173,5.817017610361646,0.9209455610824799,2.84626997306789,3.121416718933271,0.9118519663855037,0.9173081232036895,0.8193832599118943,0.8810572687224669,12.353623240277477,15.855703772736906,0.39231719618379607,0.05981023385135713,2.938778686277565e-09,1499.2217184919996
first_release,INDPRO,12,elastic_net,naive_last,all,235,235,0,1.0,7.6593299317933985,6.27810770071444,1.2200061383021157,4.642187384495611,3.3671059201352236,1.3786876607401706,1.2834787472773377,0.6340425531914894,0.7617021276595745,14.6955621751183,18.861549853877474,0.6031434265953205,0.11754297127692258,1.5339882117081663e-14,40.411900027997035
first_release,INDPRO,12,hist_gradient_boosting,naive_last,all,235,235,0,1.0,6.326088968721966,6.27810770071444,1.0076426321902803,3.725670785327721,3.3671059201352236,1.106490521444035,1.0471817878917822,0.6042553191489362,0.6638297872340425,10.494142956584565,13.469086666481582,0.5568116319066712,0.12351066292857628,1.421605462794023e-05,71.4884621559979
first_release,INDPRO,12,mean,naive_last,all,235,235,0,1.0,5.113051272678383,6.27810770071444,0.814425542922197,2.808730708921859,3.3671059201352236,0.8341676132389265,0.8223223710488888,0.851063829787234,0.8936170212765957,13.24307959380582,16.99730864330987,0.36225660927671743,0.04340816136902667,3.81434475543024e-17,0.061527821999975904
first_release,INDPRO,12,naive_drift,naive_last,all,235,235,0,1.0,6.44088251209071,6.27810770071444,1.025927368426277,3.462992452913919,3.3671059201352236,1.0284774328616442,1.026947394200424,0.7829787234042553,0.8212765957446808,14.062295066025996,18.048760318735436,0.38094618893193005,0.06543374751036259,9.175238129086882e-12,0.0671487009991717
first_release,INDPRO,12,naive_last,naive_last,all,235,235,0,1.0,6.27810770071444,6.27810770071444,1.0,3.3671059201352236,3.3671059201352236,1.0,1.0,0.7914893617021277,0.8297872340425532,13.751765676169377,17.650200161724793,0.38588038183014295,0.06509464515676235,3.3712423642958064e-11,0.0686842769984127
first_release,INDPRO,12,random_forest,naive_last,all,235,235,0,1.0,6.183523273510442,6.27810770071444,0.9849342458407915,3.601096234090111,3.3671059201352236,1.069493006607137,1.0187577501473297,0.6297872340425532,0.6978723404255319,10.378251126479375,13.320341112882604,0.5111868294335065,0.1156416910716314,2.1088102771934553e-05,170.19781526200194
first_release,INDPRO,12,ridge,naive_last,all,235,235,0,1.0,7.619904131759392,6.27810770071444,1.2137262524012224,4.640216341393075,3.3671059201352236,1.3781022787684456,1.2794766629481118,0.625531914893617,0.7531914893617021,14.31637591997429,18.374869564271858,0.5965465412304188,0.120427332229463,3.1677240763003074e-13,6.33308082599915
first_release,INDPRO,12,seasonal_naive,naive_last,all,235,235,0,1.0,6.27810770071444,6.27810770071444,1.0,3.395336309970363,3.3671059201352236,1.008384170413625,1.00335366816545,0.825531914893617,0.8808510638297873,15.341199229346424,19.690216041718386,0.39602011446943464,0.05836532163150054,1.0736808516814389e-12,0.06337510499867172
first_release,INDPRO,12,state_space,naive_last,all,235,235,0,1.0,12.592548447428465,6.27810770071444,2.0057872607052363,5.911981206792415,3.3671059201352236,1.7558049396185875,1.9057943322705768,0.7872340425531915,0.8042553191489362,21.74456162946027,27.908842706214774,0.42137478324090816,0.06634653326167078,4.037562024471074e-09,67.33984066799914
first_release,INDPRO,12,var,naive_last,all,235,235,0,1.0,49419.189212266145,6.27810770071444,7871.669548874147,5005.104859762523,3.3671059201352236,1486.47086800332,5317.590076525817,0.8297872340425532,0.8638297872340426,19517.94029784668,25051.00516645433,0.3856580839068116,0.04914428253170479,2.0115948338982445e-23,1.165186213999948
first_release,INDPRO,12,arima,naive_last,expansion,215,215,0,1.0,5.783077608977917,5.853955888152888,0.987892242352148,2.9287583298583857,3.0440998118657596,0.9621098225630519,0.9775792744365096,0.8651162790697674,0.8744186046511628,14.43857823345466,18.531714535597406,0.4423691883969271,0.05471112116387772,4.954645016738479e-09,209.30907943100033
first_release,INDPRO,12,autoreg,naive_last,expansion,215,215,0,1.0,5.790801174045706,5.853955888152888,0.9892116176968478,2.98613713780873,3.0440998118657596,0.9809590100064742,0.9859105746206984,0.8558139534883721,0.9023255813953488,13.95973243500859,17.91712260695364,0.5415610014525636,0.06376932657750692,1.63743490011575e-06,2.524388240002043
first_release,INDPRO,12,bvar_niw,naive_last,expansion,215,215,0,1.0,5.246722214812341,5.853955888152888,0.896269516726381,2.6782119461274516,3.0440998118657596,0.8798042481024787,0.8896834092768201,0.8976744186046511,0.9162790697674419,13.965859629554782,17.924986776015036,0.5091715048660548,0.052632965244442984,0.0007712915214355128,76.86735443500083
first_release,INDPRO,12,dynamic_factor,naive_last,expansion,207,215,8,0.9627906976744186,4.701243909051865,5.287168352052666,0.8891799156020207,2.4416729547734706,2.762189195735329,0.8839629662382583,0.8870931358565157,0.8743961352657005,0.9323671497584541,12.811583309685783,16.443489158372245,0.424684248143217,0.05277820967324293,6.176637764707834e-08,1396.8448307409997
first_release,INDPRO,12,elastic_net,naive_last,expansion,215,215,0,1.0,7.626545433019329,5.853955888152888,1.302801998978805,4.619660161842619,3.0440998118657596,1.5175784131109624,1.388712564631668,0.6511627906976745,0.786046511627907,15.129929336433358,19.41905406980348,0.6085923511146548,0.11240013436762925,4.768692639075271e-13,37.21698839999701
first_release,INDPRO,12,hist_gradient_boosting,naive_last,expansion,215,215,0,1.0,5.872931926573603,5.853955888152888,1.0032415752327615,3.390141585173985,3.0440998118657596,1.1136762243995322,1.0474154348994698,0.6511627906976745,0.7162790697674418,11.194268273987683,14.367687782981871,0.6073371817935072,0.10480067206721815,4.415906580078053e-08,67.32887353399806
first_release,INDPRO,12,mean,naive_last,expansion,215,215,0,1.0,4.162298922585309,5.853955888152888,0.7110232810276008,2.3110900637398486,3.0440998118657596,0.759203116379866,0.7302952151685069,0.9162790697674419,0.9441860465116279,13.787541564346599,17.696118017086867,0.3915786690695317,0.03659035823616679,1.0797986479055173e-14,0.056318093999908996
first_release,INDPRO,12,naive_drift,naive_last,expansion,215,215,0,1.0,6.026453714474441,5.853955888152888,1.0294668818175843,3.1427804883173245,3.0440998118657596,1.0324170305017306,1.030646941291243,0.8372093023255814,0.8651162790697674,14.611773800949514,18.75400863988869,0.41110418474177357,0.06006950678809043,9.838656186061065e-10,0.06154690099906519
first_release,INDPRO,12,naive_last,naive_last,expansion,215,215,0,1.0,5.853955888152888,5.853955888152888,1.0,3.0440998118657596,3.0440998118657596,1.0,1.0,0.8418604651162791,0.8744186046511628,14.304654632778304,18.359825455025533,0.4160751080984418,0.059524095877654636,2.8907169017394127e-09,0.0630231069986735
first_release,INDPRO,12,random_forest,naive_last,expansion,215,215,0,1.0,5.679229643254719,5.853955888152888,0.9701524493459583,3.198457061735314,3.0440998118657596,1.050707026513348,1.0023742802129143,0.6883720930232559,0.7627906976744186,10.986261019589637,14.100713362265953,0.5586017111070896,0.09990736131834052,0.005658181524556861,160.72480433800197
first_release,INDPRO,12,ridge,naive_last,expansion,215,215,0,1.0,7.644957766816748,5.853955888152888,1.3059472795632867,4.681428421381854,3.0440998118657596,1.537869554452145,1.39871618951883,0.627906976744186,0.7674418604651163,14.710149728434514,18.88027277586175,0.6098503734383196,0.11735379548383805,2.3281544990350028e-14,5.91019304399909
first_release,INDPRO,12,seasonal_naive,naive_last,expansion,215,215,0,1.0,5.853955888152888,5.853955888152888,1.0,3.088334034616933,3.0440998118657596,1.014531134156229,1.0058124536624917,0.8697674418604651,0.9209302325581395,15.905928017717915,20.41503759456945,0.4248199405960553,0.05276237575225126,1.4164892915279095e-10,0.0580590769990039
first_release,INDPRO,12,state_space,naive_last,expansion,215,215,0,1.0,12.869202068957089,5.853955888152888,2.198377014593073,5.904246941189163,3.0440998118657596,1.9395707454054834,2.094854506918037,0.8232558139534883,0.8325581395348837,22.81461219886677,29.282237743473235,0.4490754144147109,0.060316834427911664,1.8997819832298657e-07,62.53094419099949
first_release,INDPRO,12,var,naive_last,expansion,215,215,0,1.0,51666.6515601326,5.853955888152888,8825.937972080466,5470.10931073042,3.0440998118657596,1796.954649584152,6014.34464308194,0.8744186046511628,0.9023255813953488,21333.029576164103,27380.647034132453,0.4081364213488988,0.04390498507317315,6.320271217958051e-21,1.0700907150001808
first_release,INDPRO,12,arima,naive_last,high_volatility,104,104,0,1.0,8.907963899078101,9.009856027378849,0.9886910370164494,5.087341344074902,5.360838179697784,0.9489824489277346,0.9728076017809635,0.6730769230769231,0.6923076923076923,13.838911986356255,17.762051239933584,0.38445935172847273,0.0958787437315416,0.0006328725060122725,96.92233573100063
first_release,INDPRO,12,autoreg,naive_last,high_volatility,104,104,0,1.0,8.591772408767815,9.009856027378849,0.9535970810920202,5.083387432820151,5.360838179697784,0.9482448942539665,0.9514562063567988,0.6346153846153846,0.6923076923076923,12.875295349972516,16.52526267678824,0.42412488304310425,0.11569799000494906,0.0003280697850405065,1.216137704999676
first_release,INDPRO,12,bvar_niw,naive_last,high_volatility,104,104,0,1.0,8.150071412526787,9.009856027378849,0.9045728797175696,4.714864587804817,5.360838179697784,0.879501382015343,0.8945442806366789,0.6826923076923077,0.7211538461538461,12.8021951522174,16.431439588711967,0.40563473118191884,0.09884206670845613,0.006854951213814464,37.11335684200051
first_release,INDPRO,12,dynamic_factor,naive_last,high_volatility,96,104,8,0.9230769230769231,7.762877396265705,8.454028604274388,0.9182459345288666,4.518576333388725,4.946029944319211,0.9135764207369105,0.9163781290120843,0.6666666666666666,0.7291666666666666,12.571785790853673,16.13571237498753,0.32546960270454767,0.08142212286197767,6.139020063905628e-07,650.1063111079993
first_release,INDPRO,12,elastic_net,naive_last,high_volatility,104,104,0,1.0,9.353496044916586,9.009856027378849,1.038140456017665,5.974842409152159,5.360838179697784,1.1145351172470923,1.0686983205094358,0.4519230769230769,0.6442307692307693,14.510922036436435,18.624566801492357,0.6104249494469005,0.1514093706586296,4.242414927226353e-13,18.4228100719979
first_release,INDPRO,12,hist_gradient_boosting,naive_last,high_volatility,104,104,0,1.0,7.2244956241828,9.009856027378849,0.8018436257171307,4.417164382268835,5.360838179697784,0.8239689828723484,0.8106937685792178,0.625,0.6923076923076923,10.3926233438576,13.338787654182612,0.39524900364357873,0.1150557036788082,0.0004558709898499977,31.751703116998527
first_release,INDPRO,12,mean,naive_last,high_volatility,104,104,0,1.0,7.2474352915872275,9.009856027378849,0.8043896894205594,4.26510135342692,5.360838179697784,0.7956034505162707,0.8008751938588439,0.7115384615384616,0.7788461538461539,13.146918277111762,16.87388692951451,0.28287254887287194,0.0528823469484242,1.1763427953287442e-13,0.027253503000106295
first_release,INDPRO,12,naive_drift,naive_last,high_volatility,104,104,0,1.0,9.22822517117419,9.009856027378849,1.0242366962503915,5.492703948607367,5.360838179697784,1.0245979760047554,1.024381208152137,0.6057692307692307,0.6634615384615384,14.056134275808969,18.040853030097335,0.3495720337673104,0.10416086358639386,5.176657924998614e-07,0.0299155150007043
first_release,INDPRO,12,naive_last,naive_last,high_volatility,104,104,0,1.0,9.009856027378849,9.009856027378849,1.0,5.360838179697784,5.360838179697784,1.0,1.0,0.6153846153846154,0.6730769230769231,13.737972860150911,17.632497274019137,0.3503899539235921,0.10311107101400675,1.2599196205326683e-06,0.0305747849993965
first_release,INDPRO,12,random_forest,naive_last,high_volatility,104,104,0,1.0,7.094327510340008,9.009856027378849,0.7873963234020614,4.302880645438797,5.360838179697784,0.8026507238615008,0.7934980835858372,0.5961538461538461,0.6730769230769231,10.54169317011785,13.530116704831464,0.3674999563397262,0.10582597749653068,7.882598001482014e-06,74.89682826800191
first_release,INDPRO,12,ridge,naive_last,high_volatility,104,104,0,1.0,9.253202707533177,9.009856027378849,1.0270089421423445,5.962693825164619,5.360838179697784,1.112268944760568,1.061112943189634,0.41346153846153844,0.6057692307692307,14.128996972357523,18.134371288675116,0.6066807130179647,0.15509630650270526,4.621827737176159e-13,2.8367634200003473
first_release,INDPRO,12,seasonal_naive,naive_last,high_volatility,104,104,0,1.0,9.009856027378849,9.009856027378849,1.0,5.304989308428313,5.360838179697784,0.9895820635883064,0.9958328254353226,0.625,0.7307692307692307,14.914777505631001,19.14290968454801,0.3579470269810271,0.09792202962451223,1.585783883692498e-06,0.0279999289991454
first_release,INDPRO,12,state_space,naive_last,high_volatility,104,104,0,1.0,18.386979669067447,9.009856027378849,2.0407628727022615,9.721245646699867,5.360838179697784,1.813381661754972,1.9498103883233457,0.5961538461538461,0.6153846153846154,20.52846379959719,26.347998039517297,0.39850778186691393,0.10384816509211241,9.439675978739115e-05,30.269012949999336
first_release,INDPRO,12,var,naive_last,high_volatility,104,104,0,1.0,74287.00970844163,9.009856027378849,8245.082882867468,9853.366461894759,5.360838179697784,1838.0272135821567,5682.260615153343,0.625,0.6923076923076923,28136.825558967925,36113.224637903666,0.34209895565536497,0.08164102867295175,6.026507182121536e-13,0.5198798050000968
first_release,INDPRO,12,arima,naive_last,normal_volatility,131,131,0,1.0,2.4429530579564243,2.5018755483263795,0.9764486725131587,1.7803289342562432,1.7842955766657116,0.9977769140598999,0.9849799691318551,0.9236641221374046,0.9465648854961832,13.951640047384974,17.90673613988414,0.4319483321116541,0.03417357982482947,9.263612841408731e-09,128.4952117949996
first_release,INDPRO,12,autoreg,naive_last,normal_volatility,131,131,0,1.0,2.9473109812669107,2.5018755483263795,1.1780406036737134,1.8341340920273939,1.7842955766657116,1.027931759745106,1.1179970661022705,0.9618320610687023,0.9923664122137404,13.651437622861103,17.521430499382753,0.5690196537565985,0.035005605217085956,4.8292820247925e-08,1.4950258860020758
first_release,INDPRO,12,bvar_niw,naive_last,normal_volatility,131,131,0,1.0,2.173501316377667,2.5018755483263795,0.8687487744270984,1.6008726681077974,1.7842955766657116,0.8972015001569,0.880129864719019,0.9923664122137404,0.9923664122137404,13.642329800609078,17.509740736077358,0.5352760147682097,0.026202656005317865,1.0707164010911336e-06,46.946603265000505
first_release,INDPRO,12,dynamic_factor,naive_last,normal_volatility,131,131,0,1.0,2.3598489051339477,2.5018755483263795,0.9432319312255799,1.6207630219930802,1.7842955766657116,0.9083489547296741,0.9292787406272176,0.9312977099236641,0.9923664122137404,12.193748394053697,15.65050662910286,0.44130474560370336,0.03875887943367712,1.6557506055424813e-07,849.1154073840003
first_release,INDPRO,12,elastic_net,naive_last,normal_volatility,131,131,0,1.0,5.981915077123681,2.5018755483263795,2.390972277228282,3.5842017160659863,1.7842955766657116,2.0087488659046806,2.2380829126988417,0.7786259541984732,0.8549618320610687,14.842146712697794,19.04968907103818,0.5973626756291806,0.09153844864192393,2.746069618654401e-05,21.98908995599913
first_release,INDPRO,12,hist_gradient_boosting,naive_last,normal_volatility,131,131,0,1.0,5.509500701227789,2.5018755483263795,2.202148186352974,3.1766987694355393,1.7842955766657116,1.7803657706599219,2.033435220075753,0.5877862595419847,0.6412213740458015,10.574738679665519,13.572530157161678,0.685075092512485,0.09369962247734463,2.5755245150460554e-14,39.73675903899937
first_release,INDPRO,12,mean,naive_last,normal_volatility,131,131,0,1.0,2.2800844127044275,2.5018755483263795,0.9113500526553695,1.6525280598491392,1.7842955766657116,0.9261515196586406,0.917270639456678,0.9618320610687023,0.9847328244274809,13.319421402478962,17.095292293956575,0.4252790694446557,0.027191753924949737,2.4516485127711967e-10,0.03427431899986959
first_release,INDPRO,12,naive_drift,naive_last,normal_volatility,131,131,0,1.0,2.6098943127263605,2.5018755483263795,1.043175114954155,1.851618441065686,1.7842955766657116,1.0377307803036646,1.0409973810939588,0.9236641221374046,0.9465648854961832,14.067186075053254,18.055037860860335,0.4058539151694907,0.0338406548776856,7.523943087716709e-10,0.037233185998467394
first_release,INDPRO,12,naive_last,naive_last,normal_volatility,131,131,0,1.0,2.5018755483263795,2.5018755483263795,1.0,1.7842955766657116,1.7842955766657116,1.0,1.0,0.9312977099236641,0.9541984732824428,13.762715698046632,17.664254362651427,0.4140559887177864,0.03366703870132251,2.9709498209419924e-09,0.0381094919990162
first_release,INDPRO,12,random_forest,naive_last,normal_volatility,131,131,0,1.0,5.351167671466965,2.5018755483263795,2.1388624526294318,3.043954411340009,1.7842955766657116,1.7059698242531118,1.9657054012789037,0.6564885496183206,0.7175572519083969,10.248495610919061,13.153801711640766,0.6252588508209351,0.09467905226436282,2.708053104279403e-08,95.30098699400003
first_release,INDPRO,12,ridge,naive_last,normal_volatility,131,131,0,1.0,6.015328754721174,2.5018755483263795,2.40432772874938,3.590310552750019,1.7842955766657116,2.012172534473903,2.2474656510391893,0.7938931297709924,0.8702290076335878,14.465134779150958,18.565799492989893,0.5885010918723671,0.0937378129994509,2.339028205023157e-05,3.496317405998803
first_release,INDPRO,12,seasonal_naive,naive_last,normal_volatility,131,131,0,1.0,2.5018755483263795,2.5018755483263795,1.0,1.87927591424802,1.7842955766657116,1.053231280077372,1.0212925120309488,0.9847328244274809,1.0,15.679732506189204,20.124718798555943,0.42624607705565126,0.025392917051725156,5.844431564645896e-11,0.0353751759995263
first_release,INDPRO,12,state_space,naive_last,normal_volatility,131,131,0,1.0,4.007682254286198,2.5018755483263795,1.6018711470149356,2.8878323384689404,1.7842955766657116,1.618471948389511,1.6085114675647656,0.9389312977099237,0.9541984732824428,22.71001334171798,29.147986563745597,0.43952873853018604,0.0363936388185823,1.2118680368239177e-06,37.070827717999805
first_release,INDPRO,12,var,naive_last,normal_volatility,131,131,0,1.0,3.1204514264625787,2.5018755483263795,1.2472448633785935,1156.103282497233,1.7842955766657116,647.9326057948466,259.9213892359658,0.9923664122137404,1.0,12675.466502758065,16268.785128051806,0.42023937656444865,0.021051910638775442,3.4774814789450125e-15,0.6453064089998513
first_release,INDPRO,12,arima,naive_last,recession,20,20,0,1.0,9.601934215446681,9.733056122619871,0.9865281874961699,6.631177462590242,6.839421584031969,0.9695523782408858,0.9797378637940564,0.25,0.4,8.130868629786509,10.4358569062236,0.07298142905242645,0.01283919361333898,3.6178237464428037e-12,16.108468094999893
first_release,INDPRO,12,autoreg,naive_last,recession,20,20,0,1.0,8.959361887254383,9.733056122619871,0.9205086022706267,6.346218722000367,6.839421584031969,0.9278882203747923,0.9234604495122929,0.4,0.4,6.301328573254968,8.087667665504224,0.11074735831480378,0.033791477948452664,9.395546335106383e-09,0.1867753509997089
first_release,INDPRO,12,bvar_niw,naive_last,recession,20,20,0,1.0,8.967661327080597,9.733056122619871,0.9213613087301041,6.212233411821017,6.839421584031969,0.9082980681180333,0.9161360124852758,0.4,0.4,5.795683967806061,7.438679840447305,0.14176482156766168,0.04357922776284337,9.410723695357877e-07,7.192605672000184
first_release,INDPRO,12,dynamic_factor,naive_last,recession,20,20,0,1.0,9.847971731667304,9.733056122619871,1.0118067344521282,7.033849112415136,6.839421584031969,1.0284274811830723,1.0184550331445057,0.25,0.35,7.613736521901482,9.772125031411154,0.05731820840379002,0.009655612029974527,2.5120066069898196e-14,102.37688775099983
first_release,INDPRO,12,elastic_net,naive_last,recession,20,20,0,1.0,8.003286040575325,9.733056122619871,0.8222788340833137,4.884355028015289,6.839421584031969,0.7141473833721285,0.7790262537988396,0.45,0.5,10.02611519098142,12.868379532672899,0.5445674880124751,0.17770632606053982,0.03466304314869917,3.1949116280000274
first_release,INDPRO,12,hist_gradient_boosting,naive_last,recession,20,20,0,1.0,9.972270457116645,9.733056122619871,1.024577515169242,7.332609686980379,6.839421584031969,1.0721096216820234,1.0435903577743546,0.1,0.1,2.9677957945010256,3.8091246641034595,0.013661970623185757,0.001319026616365075,1.2906727853339281e-18,4.15958862199983
first_release,INDPRO,12,mean,naive_last,recession,20,20,0,1.0,10.997400784955165,9.733056122619871,1.1299021238968225,8.158367644628473,6.839421584031969,1.1928446790991587,1.155079145977757,0.15,0.35,7.390113410492448,9.485107875207213,0.047044466503963586,0.0081655690962448,1.325548517631324e-13,0.005209728000066902
first_release,INDPRO,12,naive_drift,naive_last,recession,20,20,0,1.0,9.850295250624589,9.733056122619871,1.0120454589522248,6.905271072327315,6.839421584031969,1.0096279323457826,1.011078448309648,0.2,0.35,8.155398665598183,10.467340866337949,0.056747733976111825,0.00836769410191524,2.038440028424704e-14,0.0056018000001064995
first_release,INDPRO,12,naive_last,naive_last,recession,20,20,0,1.0,9.733056122619871,9.733056122619871,1.0,6.839421584031969,6.839421584031969,1.0,1.0,0.25,0.35,7.808209392623418,10.021728258741856,0.06128707444593005,0.010039685452215466,2.3608525304638575e-14,0.0056611699997392
first_release,INDPRO,12,random_forest,naive_last,recession,20,20,0,1.0,10.126490036344453,9.733056122619871,1.0404224437594922,7.929467336904172,6.839421584031969,1.1593768916683156,1.0880042229230216,0.0,0.0,3.84214477554407,4.931339432011623,0.00147685144248927,2.8336288370184652e-05,5.2388580969529263e-33,9.473010923999965
first_release,INDPRO,12,ridge,naive_last,recession,20,20,0,1.0,7.345182501185334,9.733056122619871,0.7546635310275199,4.197186481513709,6.839421584031969,0.6136756493141029,0.698268378342153,0.6,0.6,10.083307479026885,12.94178503968054,0.4535303449954842,0.13785039952044092,0.08995304349459654,0.4228877820000595
first_release,INDPRO,12,seasonal_naive,naive_last,recession,20,20,0,1.0,9.733056122619871,9.733056122619871,1.0,6.695610770019739,6.839421584031969,0.9789732490905392,0.9915892996362157,0.35,0.45,9.27036475435293,11.898384348569422,0.08642198360826366,0.01426259744085115,3.7013583135204865e-11,0.005316027999667799
first_release,INDPRO,12,state_space,naive_last,recession,20,20,0,1.0,9.102107304056396,9.733056122619871,0.9351746449815352,5.995124562027377,6.839421584031969,0.8765543238370075,0.911726516523724,0.4,0.5,10.241518008340375,13.14484605568625,0.12359299812252914,0.03572797456290965,3.10107327685995e-08,4.808896476999649
first_release,INDPRO,12,var,naive_last,recession,20,20,0,1.0,9.286283543411715,9.733056122619871,0.9540974002841877,6.3070118576205445,6.839421584031969,0.9221557378982976,0.9413207353298316,0.35,0.45,5.730555934373056,7.355088914503588,0.1440159564043742,0.04356014133880566,1.620351595515894e-06,0.0950954989997673
first_release,UNRATE,1,arima,naive_last,all,237,237,0,1.0,1.0074462928080987,0.7299789026487248,1.380103300455102,0.2394932739648778,0.18633842519090513,1.285259729545933,1.3421658720914345,0.9156118143459916,0.9620253164556962,1.1091981118300787,1.4236403639958999,0.47467622406073706,0.043492147572854446,2.6812966612682018e-08,252.78169296100336
first_release,UNRATE,1,autoreg,naive_last,all,237,237,0,1.0,1.3237158640531863,0.7299789026487248,1.813361809841476,0.343096890679896,0.18633842519090513,1.841256790317889,1.8245198020320412,0.810126582278481,0.8523206751054853,1.0757684753190433,1.3807338900457238,0.4756149601216005,0.0715480160199271,0.0002587536169304741,2.652182853999295
first_release,UNRATE,1,bvar_niw,naive_last,all,237,237,0,1.0,0.7431421615111462,0.7299789026487248,1.018032382599906,0.19507455688212066,0.18633842519090513,1.0468831465236723,1.0295726881694125,0.8776371308016878,0.9071729957805907,0.9242132115292635,1.1862148148633918,0.46902731556674043,0.05705828069978599,4.672425954957112e-06,18.102474758999385
first_release,UNRATE,1,dynamic_factor,naive_last,all,237,237,0,1.0,0.7225976122816936,0.7299789026487248,0.9898883511013151,0.18365064242641096,0.18633842519090513,0.9855757997217133,0.9881633305494744,0.8607594936708861,0.8987341772151899,0.826018850133243,1.0601837164426333,0.46090258709558235,0.062262439340093574,6.604254765371923e-08,1578.0442156529982
first_release,UNRATE,1,elastic_net,naive_last,all,237,237,0,1.0,0.9798458384952108,0.7299789026487248,1.342293366205304,0.285878095753507,0.18633842519090513,1.5341875700657162,1.4190510477494689,0.7848101265822784,0.8523206751054853,1.068785497456995,1.3717713349897125,0.4254360661901818,0.07046076252152085,3.48118320766881e-08,7.301835082000924
first_release,UNRATE,1,hist_gradient_boosting,naive_last,all,237,237,0,1.0,0.946091289090062,0.7299789026487248,1.2960529210600122,0.31044537624306756,0.18633842519090513,1.6660298375121176,1.4440436876408544,0.8059071729957806,0.8649789029535865,1.0912494235301164,1.4006034719636475,0.41078114759589385,0.0695276625747932,1.3524798201526224e-10,70.7424897730003
first_release,UNRATE,1,mean,naive_last,all,237,237,0,1.0,2.1792924341938695,0.7299789026487248,2.985418381663248,1.2329375592991167,0.18633842519090513,6.616657611203716,4.437914073479435,0.8312236286919831,0.8776371308016878,4.702579164138735,6.035695013858438,0.4405925967250504,0.10324723098992547,4.264704704189644e-13,0.06469993100019308
first_release,UNRATE,1,naive_drift,naive_last,all,237,237,0,1.0,0.7310006846729133,0.7299789026487248,1.0013997418562113,0.186926192556065,0.18633842519090513,1.0031543003787742,1.0021015652652365,0.8607594936708861,0.9029535864978903,0.8277918396935869,1.062459323907277,0.4672189984921238,0.06318143224336817,1.0731702099562386e-06,0.0686492550009796
first_release,UNRATE,1,naive_last,naive_last,all,237,237,0,1.0,0.7299789026487248,0.7299789026487248,1.0,0.18633842519090513,0.18633842519090513,1.0,1.0,0.8607594936708861,0.9029535864978903,0.8276910740145244,1.06232999255836,0.4692593366753327,0.06295149815902243,3.8637754034935177e-07,0.070069169001118
first_release,UNRATE,1,random_forest,naive_last,all,237,237,0,1.0,1.0245189702670832,0.7299789026487248,1.4034912057726892,0.3437209140674264,0.18633842519090513,1.8446056615283815,1.579936988074966,0.7805907172995781,0.8565400843881856,1.1552312908501385,1.482723309627569,0.44390119642089815,0.07874338180444868,1.3804505662305009e-05,166.54189720999904
first_release,UNRATE,1,ridge,naive_last,all,237,237,0,1.0,0.9414251943860319,0.7299789026487248,1.2896608257719167,0.27657194118555967,0.18633842519090513,1.4842453503737065,1.3674946356126325,0.7763713080168776,0.8481012658227848,1.0137330976133685,1.3011123447549409,0.4879292696788864,0.07799280973338765,0.029136450255977997,6.7959843100000406
first_release,UNRATE,1,seasonal_naive,naive_last,all,237,237,0,1.0,1.9534671113879194,0.7299789026487248,2.676059683779591,0.9062249884859415,0.18633842519090513,4.863328578405163,3.55096724162982,0.8312236286919831,0.8523206751054853,3.388427083906964,4.348999079296903,0.4481470033866006,0.07138639590580013,4.3615334076298553e-10,0.0643901150005652
first_release,UNRATE,1,state_space,naive_last,all,237,237,0,1.0,1.075854304831768,0.7299789026487248,1.473815614297942,0.252396552263478,0.18633842519090513,1.3545062002369925,1.426091848673562,0.9240506329113924,0.9578059071729957,1.1367010095509034,1.4589399510621053,0.49607190327306605,0.04407570650090723,2.123637742597263e-05,66.59169922699635
first_release,UNRATE,1,var,naive_last,all,237,237,0,1.0,1.6438843028083758,0.7299789026487248,2.2519613879847076,0.30633460677015023,0.18633842519090513,1.6439690657270936,2.008764459081662,0.8185654008438819,0.8776371308016878,1.215159956717478,1.559640919547047,0.4794531363034879,0.0675289117880014,0.002747095482912394,1.1632172360017012
first_release,UNRATE,1,arima,naive_last,expansion,217,217,0,1.0,0.7846074316011946,0.28300559340517895,2.77240962682272,0.19544653838245354,0.13467105482948588,1.4512883902923215,2.243961132210561,0.9585253456221198,0.9861751152073732,1.153807906117148,1.4808964151010016,0.44580680229950664,0.0324983361113496,8.385893084103328e-12,233.34685640200357
first_release,UNRATE,1,autoreg,naive_last,expansion,217,217,0,1.0,1.1887533446473737,0.28300559340517895,4.200458833141988,0.3121207859731352,0.13467105482948588,2.317653087133889,3.4473365347387483,0.8387096774193549,0.880184331797235,1.1404290090341616,1.4637247865975407,0.4520306060999604,0.0628180352472535,3.1465445967721246e-06,2.4660757979994976
first_release,UNRATE,1,bvar_niw,naive_last,expansion,217,217,0,1.0,0.2715392668733543,0.28300559340517895,0.95948374590813,0.13957064565872498,0.13467105482948588,1.0363819146990623,0.9902430134245028,0.9308755760368663,0.9631336405529954,0.9679237244623924,1.2423166508464119,0.4374469599130646,0.04158889890624176,4.874884324873427e-10,16.58273749599953
first_release,UNRATE,1,dynamic_factor,naive_last,expansion,217,217,0,1.0,0.26233889602721416,0.28300559340517895,0.9269742441154643,0.1313624191255147,0.13467105482948588,0.9754317235566289,0.9463572358919301,0.9078341013824884,0.9447004608294931,0.86387900974814,1.1087767052335769,0.4293791028457105,0.04810415505419512,4.9908040084806665e-11,1468.956535375998
first_release,UNRATE,1,elastic_net,naive_last,expansion,217,217,0,1.0,0.6798783109735939,0.28300559340517895,2.4023493768909807,0.23430097360624466,0.13467105482948588,1.7398020228096192,2.137330435258436,0.8294930875576036,0.8986175115207373,1.1209397821167115,1.4387106346558465,0.39808145046156185,0.05604407321415351,1.3046659383854058e-11,6.766228475001118
first_release,UNRATE,1,hist_gradient_boosting,naive_last,expansion,217,217,0,1.0,0.6330205876591621,0.28300559340517895,2.2367776553195786,0.24665248846686602,0.13467105482948588,1.8315182039612428,2.074673874776244,0.8617511520737328,0.9170506912442397,1.1498033041153135,1.475756564076423,0.3769249541104421,0.05157461309601429,2.5576204650328403e-14,66.2733249600004
first_release,UNRATE,1,mean,naive_last,expansion,217,217,0,1.0,2.1185797130452175,0.28300559340517895,7.485999437516587,1.209976894659371,0.13467105482948588,8.984684171304565,8.085473331031778,0.8571428571428571,0.9032258064516129,4.892325572412494,6.2792318923120805,0.41464478094401297,0.09673911132122061,9.866458875918858e-16,0.059295988000104397
first_release,UNRATE,1,naive_drift,naive_last,expansion,217,217,0,1.0,0.2858424142653099,0.28300559340517895,1.010023903859983,0.135616136520219,0.13467105482948588,1.0070177046725426,1.0088214241850069,0.9078341013824884,0.9493087557603687,0.8658937398073926,1.1113625832695353,0.43653532849180215,0.050013230273350376,1.5730109565905899e-09,0.0629915550010654
first_release,UNRATE,1,naive_last,naive_last,expansion,217,217,0,1.0,0.28300559340517895,0.28300559340517895,1.0,0.13467105482948588,0.13467105482948588,1.0,1.0,0.9078341013824884,0.9493087557603687,0.8657412402716879,1.111166852234471,0.4385847078320131,0.04973125098516524,1.1699617210353414e-09,0.06428394200124299
first_release,UNRATE,1,random_forest,naive_last,expansion,217,217,0,1.0,0.7454737075686548,0.28300559340517895,2.6341306495004875,0.2793381739000952,0.13467105482948588,2.0742257811359686,2.41016870215468,0.8341013824884793,0.9124423963133641,1.215154892675516,1.5596344199195546,0.4009639657728558,0.06015572475625892,9.767145992384823e-10,156.33872514599886
first_release,UNRATE,1,ridge,naive_last,expansion,217,217,0,1.0,0.6099903721836197,0.28300559340517895,2.1554004104445275,0.22239193786482178,0.13467105482948588,1.6513714706282203,1.9537888345180048,0.8202764976958525,0.8940092165898618,1.063015566985741,1.3643657094042392,0.47104584744210937,0.06702415032364924,0.0024607178462013406,6.219083176999949
first_release,UNRATE,1,seasonal_naive,naive_last,expansion,217,217,0,1.0,1.7781054485533516,0.28300559340517895,6.282933941901421,0.8108567691004563,0.13467105482948588,6.021017434868427,6.1781673390882235,0.8894009216589862,0.9078341013824884,3.5290257695353167,4.529455538652972,0.402401187588199,0.05223512228196986,2.6712807250973224e-16,0.0590314330005586
first_release,UNRATE,1,state_space,naive_last,expansion,217,217,0,1.0,0.874317004854298,0.28300559340517895,3.089398320133337,0.2149863539541494,0.13467105482948588,1.5963813027703313,2.4921915131881347,0.9400921658986175,0.967741935483871,1.187666724130188,1.5243537375454341,0.4800606631591528,0.03859126914227847,2.269280228708428e-06,62.08751689199653
first_release,UNRATE,1,var,naive_last,expansion,217,217,0,1.0,1.576667241861686,0.28300559340517895,5.571152226678334,0.2709902727970221,0.13467105482948588,2.012238436389595,4.147586710562839,0.8709677419354839,0.9170506912442397,1.293891275288475,1.6606914729449072,0.4538973019063577,0.05572198221271834,3.528201194146472e-05,1.0711584560017569
first_release,UNRATE,1,arima,naive_last,high_volatility,98,98,0,1.0,1.557249891979034,1.1225881175358368,1.387196129776709,0.416853353053867,0.3102216456260896,1.3437274894618432,1.3698086736507626,0.8469387755102041,0.9285714285714286,1.335654896475438,1.7142945004241883,0.4664162402919743,0.057391833944011456,0.00046330493967031925,107.99856141900011
first_release,UNRATE,1,autoreg,naive_last,high_volatility,98,98,0,1.0,2.0518126375262855,1.1225881175358368,1.8277519648347649,0.6661538355534641,0.3102216456260896,2.147348016960686,1.955590385685133,0.6938775510204082,0.7551020408163265,1.3838659351793967,1.7761726986983293,0.4600100037121934,0.08915000530663811,0.025956320059022618,1.0953936859997904
first_release,UNRATE,1,bvar_niw,naive_last,high_volatility,98,98,0,1.0,1.141986155378565,1.1225881175358368,1.0172797462753378,0.32288611689668256,0.3102216456260896,1.0408239445865666,1.0266974255998293,0.8061224489795918,0.8469387755102041,1.1354679665126026,1.457357357455835,0.4320530974657981,0.06956352679811013,0.0005625432012610153,7.51640907299804
first_release,UNRATE,1,dynamic_factor,naive_last,high_volatility,98,98,0,1.0,1.1108807534191352,1.1225881175358368,0.9895710956371068,0.3037124523281241,0.3102216456260896,0.9790176043814459,0.9853496991348425,0.7959183673469388,0.8367346938775511,1.027460440961283,1.3187311991977035,0.4678914852992491,0.07429096865061909,0.0007953745792752785,652.7248814780002
first_release,UNRATE,1,elastic_net,naive_last,high_volatility,98,98,0,1.0,1.5023813046196703,1.1225881175358368,1.338319265232833,0.49997427008242473,0.3102216456260896,1.611667906259011,1.4476587216433043,0.6428571428571429,0.7653061224489796,1.3052005301475713,1.6752067444121135,0.4264276811470274,0.09649479434315936,0.011132306145684324,3.156563193999314
first_release,UNRATE,1,hist_gradient_boosting,naive_last,high_volatility,98,98,0,1.0,1.4528382668786848,1.1225881175358368,1.294186393196261,0.5632901675667965,0.3102216456260896,1.8157668090179966,1.5028185595249552,0.6938775510204082,0.7959183673469388,1.3562057537907324,1.7406712402299411,0.44233180583701254,0.1023211065626204,6.295478077986521e-05,29.587409633999755
first_release,UNRATE,1,mean,naive_last,high_volatility,98,98,0,1.0,2.859500647150312,1.1225881175358368,2.547239368101567,1.739321015653139,0.3102216456260896,5.6067042392958735,3.7710253165792893,0.5918367346938775,0.7040816326530612,4.987465378688868,6.40134251168045,0.6409392308173564,0.11623224109080366,1.3300984145062855e-09,0.026519512000158296
first_release,UNRATE,1,naive_drift,naive_last,high_volatility,98,98,0,1.0,1.1240759007500414,1.1225881175358368,1.0013253153057333,0.31127698012344085,0.3102216456260896,1.003401872539298,1.0021559381991592,0.7959183673469388,0.8367346938775511,1.0300048714204457,1.3219969403366494,0.4592368945576792,0.07469727221289468,0.0012912170110848781,0.0284534150008489
first_release,UNRATE,1,naive_last,naive_last,high_volatility,98,98,0,1.0,1.1225881175358368,1.1225881175358368,1.0,0.3102216456260896,0.3102216456260896,1.0,1.0,0.7959183673469388,0.8367346938775511,1.0305248000245824,1.3226642614755433,0.4676816391284654,0.07455953804238379,0.0010588539722139049,0.0289695190007769
first_release,UNRATE,1,random_forest,naive_last,high_volatility,98,98,0,1.0,1.576272741585771,1.1225881175358368,1.404141658871114,0.636995036611639,0.3102216456260896,2.0533545791946755,1.6638268270005385,0.6428571428571429,0.7857142857142857,1.439903977551245,1.8480967474223657,0.46805423455571177,0.11433899989870609,0.0031215007448714936,69.70866642500062
first_release,UNRATE,1,ridge,naive_last,high_volatility,98,98,0,1.0,1.4457835510337256,1.1225881175358368,1.287902061717281,0.4865712074964648,0.3102216456260896,1.5684631113166405,1.4001264815570247,0.6530612244897959,0.7551020408163265,1.2458414319216429,1.5990201666461257,0.488674533551715,0.10175475375575964,0.2833694678789375,2.7078899589989147
first_release,UNRATE,1,seasonal_naive,naive_last,high_volatility,98,98,0,1.0,2.961435807309746,1.1225881175358368,2.6380430730108873,1.6305455164184373,0.3102216456260896,5.256066233314148,3.6852523371321917,0.6530612244897959,0.6938775510204082,3.8902183426354044,4.993041187381157,0.48993902613724866,0.12171069164074871,0.00031363279412473157,0.026750996999960298
first_release,UNRATE,1,state_space,naive_last,high_volatility,98,98,0,1.0,1.6650173481069548,1.1225881175358368,1.4831952361671081,0.4477468748533023,0.3102216456260896,1.4433128092969114,1.4672422654190294,0.8673469387755102,0.9081632653061225,1.3762286231923992,1.7663703148850538,0.46150952203527706,0.055628442548678506,0.006366055502881236,26.809613179998962
first_release,UNRATE,1,var,naive_last,high_volatility,98,98,0,1.0,2.549157152373324,1.1225881175358368,2.270785796280216,0.5640566088331507,0.3102216456260896,1.8182374337379685,2.089766451263317,0.7653061224489796,0.826530612244898,1.60644944048989,2.0618555349203382,0.48722650232438774,0.07523892871718077,0.018889737128261797,0.4828589110000454
first_release,UNRATE,1,arima,naive_last,normal_volatility,139,139,0,1.0,0.14419250823331323,0.14167548286857243,1.0177661322465776,0.11444803834818039,0.09899629855314913,1.156084015471907,1.0730932855367095,0.9640287769784173,0.9856115107913669,0.9495379327275953,1.2187187426291926,0.4804998097394331,0.033954627458191264,6.838624765390799e-07,144.78313154200325
first_release,UNRATE,1,autoreg,naive_last,normal_volatility,139,139,0,1.0,0.1394587296314324,0.14167548286857243,0.9843533038161837,0.1153301237906179,0.09899629855314913,1.1649943025768732,1.0566097033204596,0.8920863309352518,0.920863309352518,0.8585486834750526,1.1019353055280596,0.4866170157195997,0.059399214074115955,0.009029871752748421,1.5567891679995047
first_release,UNRATE,1,bvar_niw,naive_last,normal_volatility,139,139,0,1.0,0.14887374220900826,0.14167548286857243,1.0508080805139264,0.10496280953372454,0.09899629855314913,1.0602700410800925,1.0545928647403928,0.9280575539568345,0.9496402877697842,0.7752710101741042,0.9950495690068487,0.4950954693357503,0.047026520216195807,0.0012988794234145057,10.586065686001344
first_release,UNRATE,1,dynamic_factor,naive_last,normal_volatility,139,139,0,1.0,0.14221828301125672,0.14167548286857243,1.0038312919899333,0.09900274767556282,0.09899629855314913,1.0000651450863107,1.0023248332284842,0.9064748201438849,0.9424460431654677,0.683995282499085,0.8778984408311448,0.4559751624627814,0.05419963835043446,7.403440197483752e-05,925.3193341749982
first_release,UNRATE,1,elastic_net,naive_last,normal_volatility,139,139,0,1.0,0.21361121228881108,0.14167548286857243,1.5077500211308332,0.1349325915503852,0.09899629855314913,1.3630064307701624,1.4498525849865649,0.8848920863309353,0.9136690647482014,0.9021043952722728,1.1578384564041346,0.42473694197600287,0.05267087391805761,1.6847738270381322e-07,4.145271888001609
first_release,UNRATE,1,hist_gradient_boosting,naive_last,normal_volatility,139,139,0,1.0,0.19496547299817024,0.14167548286857243,1.3761412281829535,0.13218070322346012,0.09899629855314913,1.3352085396657023,1.359768152776053,0.8848920863309353,0.9136690647482014,0.904445679893135,1.1608434626823758,0.38853679862014107,0.04577571578315055,7.904407890732652e-11,41.155080139000546
first_release,UNRATE,1,mean,naive_last,normal_volatility,139,139,0,1.0,1.5273687101130666,0.14167548286857243,10.780755280925742,0.8759190073372876,0.09899629855314913,8.84799755282794,10.00765218968662,1.0,1.0,4.50172413517533,5.77790037510623,0.29934101297651816,0.04626731824994865,3.200044442452544e-26,0.0381804190000348
first_release,UNRATE,1,naive_drift,naive_last,normal_volatility,139,139,0,1.0,0.14233976051242103,0.14167548286857243,1.004688726873547,0.09925441427115245,0.09899629855314913,1.002607326958439,1.0038561669075037,0.9064748201438849,0.9496402877697842,0.6852243784760897,0.8794759684390865,0.47284666889194804,0.05546765515017812,0.00020315273021149919,0.0401958400001307
first_release,UNRATE,1,naive_last,naive_last,normal_volatility,139,139,0,1.0,0.14167548286857243,0.14167548286857243,1.0,0.09899629855314913,0.09899629855314913,1.0,1.0,0.9064748201438849,0.9496402877697842,0.6846860010002391,0.8787849684296989,0.4703716701975844,0.05524538013034081,0.00017378379783816224,0.041099650000341104
first_release,UNRATE,1,random_forest,naive_last,normal_volatility,139,139,0,1.0,0.19471742057538435,0.14167548286857243,1.3743903788633431,0.13695210824488793,0.09899629855314913,1.3834063520199302,1.377996768125978,0.8776978417266187,0.9064748201438849,0.9545268067011575,1.22512189305282,0.42687243572153316,0.053587520949424525,2.7924354026544174e-07,96.83323078499842
first_release,UNRATE,1,ridge,naive_last,normal_volatility,139,139,0,1.0,0.1934217353104965,0.14167548286857243,1.3652449343682656,0.12851490450592865,0.09899629855314913,1.2981788853138945,1.338418514746517,0.8633093525179856,0.9136690647482014,0.8500883727053763,1.0910766142129544,0.4874038318404893,0.06185506649260222,0.03261027152672603,4.088094351001126
first_release,UNRATE,1,seasonal_naive,naive_last,normal_volatility,139,139,0,1.0,0.568539717233495,0.14167548286857243,4.012971798097982,0.39555296159828257,0.09899629855314913,3.9956338507537037,4.0060366191602705,0.9568345323741008,0.9640287769784173,3.0346461964581364,3.8949262261152007,0.41868212403722277,0.03441602374922549,1.4131963398455015e-11,0.037639118000604904
first_release,UNRATE,1,state_space,naive_last,normal_volatility,139,139,0,1.0,0.1376811452329331,0.14167548286857243,0.9718064300557582,0.11466754784763067,0.09899629855314913,1.1583013660462058,1.0464044044519372,0.9640287769784173,0.9928057553956835,0.9678254258324385,1.242190485920746,0.5204396252968311,0.03482829613660939,1.3676434548472944e-05,39.78208604699739
first_release,UNRATE,1,var,naive_last,normal_volatility,139,139,0,1.0,0.16170100899460965,0.14167548286857243,1.1413478586454808,0.12463132474012115,0.09899629855314913,1.2589493401433498,1.1883884512446286,0.8561151079136691,0.9136690647482014,0.9392867954966408,1.205561550434942,0.4739726336412707,0.06252572777898585,0.05161926465067464,0.6803583250016558
first_release,UNRATE,1,arima,naive_last,recession,20,20,0,1.0,2.3125264266762398,2.333559512847273,0.9909866939089247,0.7174003550341812,0.7469293936123039,0.9604660911317009,0.9787784527980351,0.45,0.7,0.6251818438153766,0.8024122095055439,0.7879094501700866,0.05796567926742546,3.298985685943382e-05,19.43483655899979
first_release,UNRATE,1,autoreg,naive_last,recession,20,20,0,1.0,2.3305238102815045,2.333559512847273,0.9986991107151734,0.6791876267482512,0.7469293936123039,0.9093063314372465,0.9629419990040026,0.5,0.55,0.3742016845100081,0.48028266245851403,0.7315052012563956,0.09928103875702343,0.0006542366688799817,0.1861070559997973
first_release,UNRATE,1,bvar_niw,naive_last,recession,20,20,0,1.0,2.396721709705988,2.333559512847273,1.0270668892355133,0.7972919936559641,0.7469293936123039,1.0674261857604723,1.0432106078454968,0.3,0.3,0.4499541462048189,0.5775098944476242,0.8116741744091243,0.10094718371542527,1.7569592895598096e-07,1.5197372629998531
first_release,UNRATE,1,dynamic_factor,naive_last,recession,20,20,0,1.0,2.3325372900148755,2.333559512847273,0.9995619469626682,0.7509778652411352,0.7469293936123039,1.0054201530472004,1.0019052293964812,0.35,0.4,0.4152361183116097,0.5329497880608944,0.8029323912066924,0.09200584377329414,2.4534668165176924e-07,109.08768027700012
first_release,UNRATE,1,elastic_net,naive_last,recession,20,20,0,1.0,2.522283728908905,2.333559512847273,1.080873967440137,0.8454898710513037,0.7469293936123039,1.1319542091687422,1.1013060641315793,0.3,0.35,0.5029115088990762,0.6454799336121562,0.7222336468457082,0.13679307304220883,2.8155602165891874e-05,0.5356066069998053
first_release,UNRATE,1,hist_gradient_boosting,naive_last,recession,20,20,0,1.0,2.501807940203948,2.333559512847273,1.0720994799705743,1.0025982086148542,0.7469293936123039,1.3422931500474005,1.180176948001305,0.2,0.3,0.45593981918072685,0.5851924225400335,0.7781208469130452,0.12215307191181199,1.461781783476011e-08,4.469164812999906
first_release,UNRATE,1,mean,naive_last,recession,20,20,0,1.0,2.7532645771956257,2.333559512847273,1.1798561648150354,1.482060770640355,0.7469293936123039,1.9842046427879947,1.5015955560042191,0.55,0.6,2.643830634368432,3.3933198826364235,0.7221263979493073,0.09154574207353287,0.0026299503857699635,0.005403943000088701
first_release,UNRATE,1,naive_drift,naive_last,recession,20,20,0,1.0,2.3335982625345135,2.333559512847273,1.0000166053991884,0.7436403005449935,0.7469293936123039,0.9955965140809312,0.9982485688718854,0.35,0.4,0.41438622345879733,0.5318589598267749,0.8001368179956128,0.08878799838498018,6.117692274780346e-07,0.0056576999999142
first_release,UNRATE,1,naive_last,naive_last,recession,20,20,0,1.0,2.333559512847273,2.333559512847273,1.0,0.7469293936123039,0.7469293936123039,1.0,1.0,0.35,0.4,0.41484677012430016,0.5324500650725563,0.8020790596253505,0.08921271387255296,4.391650733737543e-07,0.005785226999875001
first_release,UNRATE,1,random_forest,naive_last,recession,20,20,0,1.0,2.5315097667288637,2.333559512847273,1.0848276004069266,1.04227364488297,0.7469293936123039,1.395411204588322,1.209061042079485,0.2,0.25,0.5050602110447936,0.6482377629595217,0.9097701489521576,0.04468744665866157,1.7882556921368185e-11,10.20317206400017
first_release,UNRATE,1,ridge,naive_last,recession,20,20,0,1.0,2.542690895961069,2.333559512847273,1.089619048480416,0.864424977215565,0.7469293936123039,1.1573048063285183,1.1166933516196569,0.3,0.35,0.47901830492312747,0.6148133383100546,0.6711144009479176,0.16821552328610098,0.00012190463237672026,0.5769011330000912
first_release,UNRATE,1,seasonal_naive,naive_last,recession,20,20,0,1.0,3.3039370454050725,2.333559512847273,1.4158357767245464,1.9409701688184549,0.7469293936123039,2.5985992590698896,1.8889411696626839,0.2,0.25,1.8629313448393432,2.391046495283562,0.9444891047992579,0.009641152699178382,1.1779625550377126e-11,0.005358682000006599
first_release,UNRATE,1,state_space,naive_last,recession,20,20,0,1.0,2.3284893190461733,2.333559512847273,0.9978272704110669,0.6582972039196937,0.7469293936123039,0.8813379277203609,0.9512315333347845,0.75,0.85,0.5837230063656648,0.7492003677179901,0.6697938585090253,0.07404927189973858,0.053019098840716206,4.5041823349998245
first_release,UNRATE,1,var,naive_last,recession,20,20,0,1.0,2.24746975589467,2.333559512847273,0.963107965972738,0.6898206303785898,0.7469293936123039,0.9235419522620144,0.9472815604884486,0.25,0.45,0.360925150222163,0.4632424151802647,0.7567339395123516,0.1169189106153652,1.2159310255314348e-05,0.09205877999994419
first_release,UNRATE,3,arima,naive_last,all,237,237,0,1.0,2.320332690413859,1.2439219316950314,1.8653362653169523,0.5595478894852308,0.4050784009682467,1.3813323251690546,1.6717346892577931,0.8987341772151899,0.9240506329113924,2.291127557273302,2.940630384067293,0.4653841775014595,0.043802676855291524,5.602625156418737e-12,223.84348508299928
first_release,UNRATE,3,autoreg,naive_last,all,237,237,0,1.0,3.7956285996829813,1.2439219316950314,3.051339881523645,0.8706965509112158,0.4050784009682467,2.1494519303670994,2.690584701061027,0.7932489451476793,0.8438818565400844,2.6093306564207888,3.3490396403249783,0.4733594977449341,0.07295439414516575,0.00019276900702417662,2.505764570000881
first_release,UNRATE,3,bvar_niw,naive_last,all,237,237,0,1.0,1.2359000911817235,1.2439219316950314,0.9935511704481511,0.414017671124007,0.4050784009682467,1.0220680000078826,1.0049579022720436,0.8565400843881856,0.8945147679324894,1.6519784389001235,2.12029137174499,0.4637885421134489,0.058013631071141096,4.65934918804748e-08,23.62845616400086
first_release,UNRATE,3,dynamic_factor,naive_last,all,237,237,0,1.0,1.2146851863183465,1.2439219316950314,0.9764963181115028,0.39715062814461755,0.4050784009682467,0.9804290408852221,0.9780694072209906,0.8734177215189873,0.890295358649789,1.5090236419947438,1.9368108763035121,0.44446732044038634,0.0591742010772894,9.07143374228048e-09,1450.4082892869992
first_release,UNRATE,3,elastic_net,naive_last,all,237,237,0,1.0,1.413290527591678,1.2439219316950314,1.1361569336315636,0.48992835401976953,0.4050784009682467,1.2094655080317995,1.165480363391658,0.7721518987341772,0.8312236286919831,1.5418452429807068,1.9789369451060363,0.41323665383550345,0.0687728683755701,3.3335684087570035e-10,7.067486662000891
first_release,UNRATE,3,hist_gradient_boosting,naive_last,all,237,237,0,1.0,1.3795457582905877,1.2439219316950314,1.1090292108691646,0.5472622906974857,0.4050784009682467,1.3510033845037925,1.2058188803230157,0.6962025316455697,0.8016877637130801,1.5181902117878372,1.948576041261557,0.380684317894348,0.08586778753332987,3.3859123391917493e-11,69.61163078399935
first_release,UNRATE,3,mean,naive_last,all,237,237,0,1.0,2.194576209733421,1.2439219316950314,1.7642395023480129,1.2497443844343243,0.4050784009682467,3.085191364059644,2.2926202470326653,0.8312236286919831,0.8776371308016878,4.756838452882539,6.105336057017031,0.4420230560917007,0.10269629949446293,9.405678965782548e-13,0.0619391930021489
first_release,UNRATE,3,naive_drift,naive_last,all,237,237,0,1.0,1.2492253148418333,1.2439219316950314,1.0042634372878814,0.4080281220438088,0.4050784009682467,1.0072818522747977,1.0054708032826478,0.8565400843881856,0.890295358649789,1.5206599364234068,1.9517458985139748,0.458618587135984,0.06137912044421054,1.8900658164606348e-07,0.059430342000556
first_release,UNRATE,3,naive_last,naive_last,all,237,237,0,1.0,1.2439219316950314,1.2439219316950314,1.0,0.4050784009682467,0.4050784009682467,1.0,1.0,0.8607594936708861,0.8860759493670886,1.5183866354588784,1.9488281483139913,0.46057418782785275,0.06036693682032336,1.6909316954992822e-07,0.064357026999064
first_release,UNRATE,3,random_forest,naive_last,all,237,237,0,1.0,1.5851324025406106,1.2439219316950314,1.2743021584808207,0.6478244520985026,0.4050784009682467,1.5992569600107716,1.404284079092801,0.6919831223628692,0.7848101265822784,1.603034635280556,2.0574726798835856,0.3966157798562199,0.09222127737230897,6.38064753080093e-09,172.17191073099792
first_release,UNRATE,3,ridge,naive_last,all,237,237,0,1.0,1.432798466304606,1.2439219316950314,1.1518395405668278,0.5107380834518511,0.4050784009682467,1.2608376112650026,1.1954387688460977,0.7510548523206751,0.8059071729957806,1.5295422568626924,1.9631462333761112,0.4569294884269338,0.08096855627004555,0.0014664696947261054,5.980229029999709
first_release,UNRATE,3,seasonal_naive,naive_last,all,237,237,0,1.0,1.9524516666357001,1.2439219316950314,1.5695934100745295,0.9167400402999353,0.4050784009682467,2.2631175547960076,1.8470030679631209,0.8270042194092827,0.8565400843881856,3.408216783329063,4.3743988835231855,0.4539818749485184,0.07065829155842039,1.0322109543005771e-09,0.055394672000548
first_release,UNRATE,3,state_space,naive_last,all,237,237,0,1.0,2.687408215569982,1.2439219316950314,2.1604315729910657,0.6182386672648331,0.4050784009682467,1.526219778164118,1.9067468550602866,0.8987341772151899,0.9282700421940928,2.4059973455263934,3.0880641611505837,0.506411448285309,0.04664255467193869,1.654688087335876e-06,56.903299701001316
first_release,UNRATE,3,var,naive_last,all,237,237,0,1.0,11.025947253386473,1.2439219316950314,8.863857909766054,1.472271058504889,0.4050784009682467,3.6345335988928658,6.772128185416778,0.8481012658227848,0.9029535864978903,6.011347028675083,7.7154803823896945,0.4937598095782844,0.057548698943066155,5.5186165472398706e-05,1.0255558539992675
first_release,UNRATE,3,arima,naive_last,expansion,217,217,0,1.0,2.290879944842426,1.027995230314026,2.2284927763163074,0.5119788819038328,0.33800087984055793,1.5147264768817876,1.9429862565424996,0.9585253456221198,0.9723502304147466,2.405271805147622,3.0871329401559637,0.4244309978972591,0.026299210233668133,1.5156196874800495e-18,207.1596318149994
first_release,UNRATE,3,autoreg,naive_last,expansion,217,217,0,1.0,3.8910826907347134,1.027995230314026,3.7851174557941167,0.8674055564183539,0.33800087984055793,2.5662819482231147,3.297583252765716,0.8433179723502304,0.8894009216589862,2.7950727607765344,3.5874370503404815,0.43481391098008215,0.059304107283312736,8.033413184336021e-08,2.330785168000947
first_release,UNRATE,3,bvar_niw,naive_last,expansion,217,217,0,1.0,1.0078495674312506,1.027995230314026,0.980402960744651,0.34523221673685817,0.33800087984055793,1.0213944321674884,0.996799549313786,0.9170506912442397,0.9539170506912442,1.735348278627244,2.2272954025935205,0.42292040317846424,0.040356694567389155,5.215739728935224e-13,21.642725770001114
first_release,UNRATE,3,dynamic_factor,naive_last,expansion,217,217,0,1.0,0.9896881935023525,1.027995230314026,0.9627361726182604,0.32900139238229903,0.33800087984055793,0.9733743667693878,0.9669914502787114,0.9354838709677419,0.9539170506912442,1.5859449419438243,2.035538295950727,0.39887983902406726,0.03857207821405352,1.089287467997836e-14,1351.7862461359991
first_release,UNRATE,3,elastic_net,naive_last,expansion,217,217,0,1.0,1.2337065397197744,1.027995230314026,1.200109206093212,0.43794304870798034,0.33800087984055793,1.2956861204460983,1.2383399718343666,0.8110599078341014,0.8663594470046083,1.629468593763688,2.0914002982913455,0.3911708964039645,0.05536236581302402,7.821078517799832e-13,6.674777247000794
first_release,UNRATE,3,hist_gradient_boosting,naive_last,expansion,217,217,0,1.0,1.1923327034118123,1.027995230314026,1.159862096877225,0.487067388315424,0.33800087984055793,1.4410240249823725,1.272326868119284,0.7373271889400922,0.8387096774193549,1.6002627170628858,2.053914961367585,0.3323766888980913,0.06357997368878239,2.1619940598375397e-16,65.47644776599941
first_release,UNRATE,3,mean,naive_last,expansion,217,217,0,1.0,2.1347909792913144,1.027995230314026,2.0766545566939945,1.2258682040278517,0.33800087984055793,3.6268195651032604,2.6967205600577007,0.8571428571428571,0.9032258064516129,4.955738854230247,6.360621958384452,0.4161887880351025,0.09623788635384074,2.2814341834001283e-15,0.0568023930020051
first_release,UNRATE,3,naive_drift,naive_last,expansion,217,217,0,1.0,1.035070310127097,1.027995230314026,1.0068824052918122,0.34180135805514245,0.33800087984055793,1.0112439891173575,1.0086270388220302,0.9170506912442397,0.9539170506912442,1.5982806338800462,2.0513709851438677,0.41339302306810466,0.04178773690217029,2.591085974403235e-13,0.0544931440003363
first_release,UNRATE,3,naive_last,naive_last,expansion,217,217,0,1.0,1.027995230314026,1.027995230314026,1.0,0.33800087984055793,0.33800087984055793,1.0,1.0,0.9216589861751152,0.9493087557603687,1.5959656832339604,2.048399778156336,0.41574218872655,0.04101028389532785,3.5149579757781667e-13,0.058913816999367596
first_release,UNRATE,3,random_forest,naive_last,expansion,217,217,0,1.0,1.434892847563492,1.027995230314026,1.3958166392709517,0.5847915341772096,0.33800087984055793,1.730147964268815,1.5295491692700969,0.7419354838709677,0.8387096774193549,1.688594379549749,2.167287422782688,0.3454594821831752,0.06855336689292418,9.300854036928215e-15,162.08241032599759
first_release,UNRATE,3,ridge,naive_last,expansion,217,217,0,1.0,1.2522767347673847,1.027995230314026,1.2181736819779274,0.45735524311370146,0.33800087984055793,1.353118498772682,1.2721516086958293,0.7972350230414746,0.8433179723502304,1.616765874439834,2.0750965345461,0.44096719833381814,0.06994224123249636,5.4063309623660146e-05,5.528162620999598
first_release,UNRATE,3,seasonal_naive,naive_last,expansion,217,217,0,1.0,1.776886937579342,1.027995230314026,1.7284972587241954,0.8186784829066696,0.33800087984055793,2.422119384105915,2.0059461088768833,0.8847926267281107,0.9124423963133641,3.5683461721798553,4.579922729082081,0.4084319588551821,0.05168149257769695,5.694336167014332e-16,0.050825879000459595
first_release,UNRATE,3,state_space,naive_last,expansion,217,217,0,1.0,2.701010560149897,1.027995230314026,2.6274543699242727,0.6000669466945149,0.33800087984055793,1.7753413747845241,2.286609171868373,0.9308755760368663,0.9447004608294931,2.5385630979901133,3.258210462409119,0.4791202187624261,0.038952406882701,1.3617673099982135e-07,53.12684884700124
first_release,UNRATE,3,var,naive_last,expansion,217,217,0,1.0,11.495929279932017,1.027995230314026,11.182862469527516,1.5129693767599204,0.33800087984055793,4.476229107668654,8.50020912478397,0.9078341013824884,0.9585253456221198,6.5124520694002515,8.358641739201891,0.46335722060567985,0.042834658762837666,2.0730693685286785e-08,0.9453639659994091
first_release,UNRATE,3,arima,naive_last,high_volatility,98,98,0,1.0,3.597650407338287,1.915351515667928,1.878323836595447,1.0392986528157822,0.7380081787502879,1.4082481505498854,1.6902935621772222,0.8061224489795918,0.8469387755102041,2.7114691934488526,3.480133033364325,0.45315475886009515,0.06957411015192305,0.00010616367252295691,95.41470816700013
first_release,UNRATE,3,autoreg,naive_last,high_volatility,98,98,0,1.0,5.897076508756196,1.915351515667928,3.0788481699139947,1.756532233125869,0.7380081787502879,2.3800986001270434,2.799348341999214,0.6428571428571429,0.7040816326530612,3.2766963751178535,4.20559426708747,0.44838527251301563,0.10682137248469013,0.0011873711910935939,1.0302129359990273
first_release,UNRATE,3,bvar_niw,naive_last,high_volatility,98,98,0,1.0,1.9004966994929016,1.915351515667928,0.9922443394575298,0.7446987510788233,0.7380081787502879,1.0090657156941878,0.998972889952193,0.7448979591836735,0.7959183673469388,1.9640759856304508,2.520864236313169,0.40072690952642537,0.0801170629296969,5.398508301624458e-06,9.76891782200067
first_release,UNRATE,3,dynamic_factor,naive_last,high_volatility,98,98,0,1.0,1.8690572616627892,1.915351515667928,0.9758298914708641,0.7194037365816164,0.7380081787502879,0.9747910081427885,0.9754143381396339,0.7755102040816326,0.8061224489795918,1.8169495631240276,2.3320295173783556,0.4469714598693659,0.08710217004803052,9.740449566182321e-05,595.4363664319997
first_release,UNRATE,3,elastic_net,naive_last,high_volatility,98,98,0,1.0,2.1739054078417626,1.915351515667928,1.1349903085980908,0.9265015374555734,0.7380081787502879,1.2554082246411853,1.1831574750153286,0.6020408163265306,0.6938775510204082,1.832836652535472,2.3524203758835394,0.42560908753450993,0.11018712975281579,0.0010255669084811279,2.874819951000229
first_release,UNRATE,3,hist_gradient_boosting,naive_last,high_volatility,98,98,0,1.0,2.1032099613717072,1.915351515667928,1.0980804015174566,1.0127909689988885,0.7380081787502879,1.3723302778485549,1.207780352049896,0.46938775510204084,0.673469387755102,1.7967909517660707,2.3061562198085066,0.38859511619178116,0.13305407098098224,8.464946146267005e-08,28.767391349999627
first_release,UNRATE,3,mean,naive_last,high_volatility,98,98,0,1.0,2.8779413448973843,1.915351515667928,1.5025656237799143,1.7657666490403032,0.7380081787502879,2.392611220149861,1.858583862327893,0.5918367346938775,0.7040816326530612,4.972473411211181,6.382100529739337,0.6418107425219701,0.11636820218337265,1.7872713162037053e-09,0.025455140000355803
first_release,UNRATE,3,naive_drift,naive_last,high_volatility,98,98,0,1.0,1.923063334585933,1.915351515667928,1.0040263204194744,0.7430140846975818,0.7380081787502879,1.0067829952179808,1.005128990338877,0.7448979591836735,0.8061224489795918,1.8309827379211403,2.350040902236573,0.4376521777082144,0.08643163977676555,0.0005126049801321908,0.0247112359996275
first_release,UNRATE,3,naive_last,naive_last,high_volatility,98,98,0,1.0,1.915351515667928,1.915351515667928,1.0,0.7380081787502879,0.7380081787502879,1.0,1.0,0.7448979591836735,0.8061224489795918,1.8306252696204783,2.34958209663977,0.4489607718794449,0.08606628009657408,0.0010588539722139049,0.0266685599988199
first_release,UNRATE,3,random_forest,naive_last,high_volatility,98,98,0,1.0,2.3582913075328,1.915351515667928,1.2312577029550675,1.1682898950525538,0.7380081787502879,1.5830310946294481,1.37196705962482,0.5102040816326531,0.6632653061224489,1.8513614717429523,2.376196723930132,0.43373696183517707,0.13799333232339694,8.340308146322988e-05,71.83050011999882
first_release,UNRATE,3,ridge,naive_last,high_volatility,98,98,0,1.0,2.19010781043441,1.915351515667928,1.1434495404728193,0.9547516015803746,0.7380081787502879,1.2936870201047244,1.2035445323255813,0.5816326530612245,0.6632653061224489,1.8235033925805035,2.340441266418922,0.47328638680366947,0.11802423579200078,0.027932191495541003,2.4283380429994237
first_release,UNRATE,3,seasonal_naive,naive_last,high_volatility,98,98,0,1.0,2.9604363991596556,1.915351515667928,1.5456360751239346,1.6499561061322507,0.7380081787502879,2.235688104332688,1.8216568868074359,0.6428571428571429,0.7040816326530612,3.8353417590744225,4.922607854902157,0.49203917401324165,0.1215532558653538,0.00020260572438925788,0.0228201890002942
first_release,UNRATE,3,state_space,naive_last,high_volatility,98,98,0,1.0,4.1712973765507035,1.915351515667928,2.1778234138374724,1.17505208087605,0.7380081787502879,1.5921938465042949,1.9435715869042014,0.7755102040816326,0.8469387755102041,2.8607579145149815,3.671743032454933,0.4527103367013938,0.07265587630534817,0.0009958697825485537,22.845979728001225
first_release,UNRATE,3,var,naive_last,high_volatility,98,98,0,1.0,17.142403236322185,1.915351515667928,8.950003744009479,2.882558851052564,0.7380081787502879,3.9058630162253327,6.93234745289582,0.7448979591836735,0.826530612244898,7.8482893260392075,10.073170296362026,0.4972447920620274,0.07746148357249358,0.0019298514610531163,0.4226803199994672
first_release,UNRATE,3,arima,naive_last,normal_volatility,139,139,0,1.0,0.23339858134969438,0.22759297254326444,1.0255087349207423,0.22130634411548988,0.1703509317406206,1.2991202446280419,1.1349533388036623,0.9640287769784173,0.9784172661870504,1.9947715835667985,2.560261609742767,0.47400635755076664,0.025824295405787907,2.459160713852316e-09,128.42877691599915
first_release,UNRATE,3,autoreg,naive_last,normal_volatility,139,139,0,1.0,0.21475517771114888,0.22759297254326444,0.9435931844087359,0.2461505303569993,0.1703509317406206,1.4449614559889377,1.1441404930408166,0.8992805755395683,0.9424460431654677,2.138813818778254,2.745137817139912,0.4909672248868621,0.04892279465828293,0.005640734237522508,1.4755516340018535
first_release,UNRATE,3,bvar_niw,naive_last,normal_volatility,139,139,0,1.0,0.2405094460669803,0.22759297254326444,1.0567525147168615,0.18087561475298544,0.1703509317406206,1.0617823624727214,1.0587644538192054,0.935251798561151,0.9640287769784173,1.431938441924785,1.8378730931285754,0.5082492614913504,0.03808238690773359,8.802331243398482e-05,13.859538342000185
first_release,UNRATE,3,dynamic_factor,naive_last,normal_volatility,139,139,0,1.0,0.22968996148266757,0.22759297254326444,1.0092137684040507,0.1699505948581001,0.1703509317406206,0.9976499284246354,1.0045882324122846,0.9424460431654677,0.9496402877697842,1.291924791126616,1.6581675178478668,0.44270181206599785,0.03996487799874591,2.1447526904332729e-07,854.9719228549998
first_release,UNRATE,3,elastic_net,naive_last,normal_volatility,139,139,0,1.0,0.27150943072598216,0.22759297254326444,1.192960519351578,0.18212855562618124,0.1703509317406206,1.0691374198263468,1.1434312795414856,0.8920863309352518,0.9280575539568345,1.3366858319277068,1.7156176917521138,0.4045136430261321,0.03997584895460418,2.221285348889836e-09,4.192666711000662
first_release,UNRATE,3,hist_gradient_boosting,naive_last,normal_volatility,139,139,0,1.0,0.3552635098253716,0.22759297254326444,1.5609599270813932,0.21904782685908672,0.1703509317406206,1.285862217605084,1.4509208432908696,0.8561151079136691,0.8920863309352518,1.321766668493831,1.6964691527896067,0.3751069205335678,0.05324707346359583,1.6934587753478008e-09,40.84423943399972
first_release,UNRATE,3,mean,naive_last,normal_volatility,139,139,0,1.0,1.5402080999266592,0.22759297254326444,6.7673798655354895,0.885930125935145,0.1703509317406206,5.200618023528501,6.140675128732694,1.0,1.0,4.6048080506076685,5.910207148191235,0.3011655505509352,0.04550038419385707,2.0217379728540417e-25,0.036484053001793096
first_release,UNRATE,3,naive_drift,naive_last,normal_volatility,139,139,0,1.0,0.2312419949391578,0.22759297254326444,1.0160331066250285,0.17185096851812715,0.1703509317406206,1.0088055683768757,1.0131420913257674,0.935251798561151,0.9496402877697842,1.301871198676804,1.6709335937311351,0.473400659969951,0.04368225122874188,2.55770627481723e-05,0.0347191060009285
first_release,UNRATE,3,naive_last,naive_last,normal_volatility,139,139,0,1.0,0.22759297254326444,0.22759297254326444,1.0,0.1703509317406206,0.1703509317406206,1.0,1.0,0.9424460431654677,0.9424460431654677,1.2982471667694053,1.6662821991346652,0.4687620638202554,0.042577041866271224,5.442196682505034e-06,0.0376884670002441
first_release,UNRATE,3,random_forest,naive_last,normal_volatility,139,139,0,1.0,0.6025490727401431,0.22759297254326444,2.647485403467812,0.28087759303737314,0.1703509317406206,1.6488174744182933,2.2480182318480044,0.8201438848920863,0.8705035971223022,1.42795528295455,1.8327607639370997,0.37044401126673915,0.05904794441423094,4.740915144066693e-11,100.3414106109991
first_release,UNRATE,3,ridge,naive_last,normal_volatility,139,139,0,1.0,0.34428462779082203,0.22759297254326444,1.5127208188529415,0.19769258146195676,0.1703509317406206,1.1605019088652069,1.3718332548578476,0.8705035971223022,0.9064748201438849,1.322289082040063,1.6971396633171512,0.4453972866936957,0.055184948178460605,0.0003764531739153875,3.551890987000285
first_release,UNRATE,3,seasonal_naive,naive_last,normal_volatility,139,139,0,1.0,0.5662574344009873,0.22759297254326444,2.4880268844563918,0.3997963392095256,0.1703509317406206,2.3468984591071256,2.4315755143166853,0.9568345323741008,0.9640287769784173,3.1070783112208233,3.9878918389538383,0.4271501101402962,0.033642606832487786,1.2574273343889006e-11,0.0325744830002538
first_release,UNRATE,3,state_space,naive_last,normal_volatility,139,139,0,1.0,0.21591156264999806,0.22759297254326444,0.9486741187008936,0.22566518140944294,0.1703509317406206,1.3247076438246008,1.0990875287503763,0.9856115107913669,0.9856115107913669,2.085374786095591,2.6765495612381645,0.5442726636466305,0.025204036411697016,6.665163081708934e-09,34.05731997300009
first_release,UNRATE,3,var,naive_last,normal_volatility,139,139,0,1.0,0.3170644072916309,0.22759297254326444,1.3931203751528765,0.4779674349820676,0.1703509317406206,2.8057811606797047,1.958184689363608,0.920863309352518,0.9568345323741008,4.716236631972318,6.053224184049495,0.4913027715681634,0.04395434547806159,0.002992062235694128,0.6028755339998004
first_release,UNRATE,3,arima,naive_last,recession,20,20,0,1.0,2.618685445231389,2.6210684844162313,0.9990908138421368,1.075671621743401,1.1328695052036704,0.9495106160086937,0.9792587347087596,0.25,0.4,1.0526624678369347,1.3510776505052082,0.9097261762070337,0.018108512501558833,3.1404924308644133e-10,16.683853267999893
first_release,UNRATE,3,autoreg,naive_last,recession,20,20,0,1.0,2.538867314216907,2.6210684844162313,0.9686382974393619,0.9064038411587626,1.1328695052036704,0.8000955423332777,0.9012211953969282,0.25,0.35,0.594028824160952,0.7624277416567646,0.8915791141435756,0.03089402547567821,6.114328431080515e-09,0.17497940199993353
first_release,UNRATE,3,bvar_niw,naive_last,recession,20,20,0,1.0,2.6606891824467627,2.6210684844162313,1.0151162391467827,1.1603398512245726,1.1328695052036704,1.0242484645360488,1.0187691293024892,0.2,0.25,0.7474156778608649,0.959297637038431,0.9072078495580325,0.035753832877818935,3.39904261681124e-11,1.9857303939997442
first_release,UNRATE,3,dynamic_factor,naive_last,recession,20,20,0,1.0,2.6185520218570977,2.6210684844162313,0.9990399096497877,1.1365698361657723,1.1328695052036704,1.0032663346882453,1.0007304796651706,0.2,0.2,0.6744275375472205,0.8656183731312286,0.9390914938074484,0.015237247168162408,2.7307052930355624e-13,98.62204315100013
first_release,UNRATE,3,elastic_net,naive_last,recession,20,20,0,1.0,2.6748883254369096,2.6210684844162313,1.020533550092517,1.0539689166526816,1.1328695052036704,0.9303533300273593,0.984461462066454,0.35,0.45,0.5911318869853606,0.7587095630454362,0.652650121967701,0.15895226085719205,0.0002600955533604209,0.3927094150000971
first_release,UNRATE,3,hist_gradient_boosting,naive_last,recession,20,20,0,1.0,2.6697012145918615,2.6210684844162313,1.0185545438681896,1.200376981542855,1.1328695052036704,1.059589808030933,1.0349686495332868,0.25,0.4,0.6277035295535583,0.8056487581111529,0.9048220925037332,0.027932544340221105,2.436352006471232e-09,4.135183017999935
first_release,UNRATE,3,mean,naive_last,recession,20,20,0,1.0,2.7612486801764096,2.6210684844162313,1.053482080530757,1.508800941844552,1.1328695052036704,1.3318400176843808,1.1648252553922065,0.55,0.6,2.5987690982599,3.33548402718052,0.7223248645057911,0.09119649006068885,0.002784807061215422,0.0051368000001438
first_release,UNRATE,3,naive_drift,naive_last,recession,20,20,0,1.0,2.620746387935547,2.6210684844162313,0.9998771125277346,1.1265885113208387,1.1328695052036704,0.994455677503913,0.9977085385182058,0.2,0.2,0.6784753690188723,0.8708137085796348,0.949315957272475,0.010515882408767328,1.3690627642221038e-13,0.0049371980002196995
first_release,UNRATE,3,naive_last,naive_last,recession,20,20,0,1.0,2.6210684844162313,2.6210684844162313,1.0,1.1328695052036704,1.1328695052036704,1.0,1.0,0.2,0.2,0.6766539670992421,0.8684759645245477,0.9470013780769871,0.011578814358430509,1.4024613927498563e-13,0.0054432099996963995
first_release,UNRATE,3,random_forest,naive_last,recession,20,20,0,1.0,2.726826982353884,2.6210684844162313,1.0403493836831994,1.331731611544532,1.1328695052036704,1.1755384052862379,1.0944249923244147,0.15,0.2,0.6747114099598127,0.8659827194283244,0.9516616096087548,0.011962892352612787,2.5291954921219694e-13,10.089500405000337
first_release,UNRATE,3,ridge,naive_last,recession,20,20,0,1.0,2.704082645188735,2.6210684844162313,1.0316718778109275,1.089941901120774,1.1328695052036704,0.9621071942657873,1.0038460043928714,0.25,0.4,0.5831660061507093,0.748485465681729,0.6301203359372382,0.17609806996295516,0.00022082556339931954,0.4520664090001095
first_release,UNRATE,3,seasonal_naive,naive_last,recession,20,20,0,1.0,3.3039370454050725,2.6210684844162313,1.2605306061435975,1.9807079380168673,1.1328695052036704,1.748399024705648,1.4556779735684175,0.2,0.25,1.6708129142979633,2.1444651592091715,0.9481984645612167,0.009311746224246378,7.648200756760314e-12,0.0045687930000884005
first_release,UNRATE,3,state_space,naive_last,recession,20,20,0,1.0,2.535135256399904,2.6210684844162313,0.9672144285709243,0.8154018354527871,1.1328695052036704,0.7197667795870204,0.8682353689773628,0.55,0.75,0.967658931295041,1.2419767924954723,0.8025212886085888,0.03571990699282174,0.00012560115937806725,3.776450854000074
first_release,UNRATE,3,var,naive_last,recession,20,20,0,1.0,2.5933753080797866,2.6210684844162313,0.9894343942170544,1.0306943054377946,1.1328695052036704,0.9098085001877543,0.9575840366053343,0.2,0.3,0.5743573368070083,0.7371796609773773,0.8236278999310436,0.10275634935829965,4.9123430416760134e-09,0.08019188799985849
first_release,UNRATE,6,arima,naive_last,all,237,237,0,1.0,3.8110254193544897,1.593181674543511,2.3920846443620123,0.9145858853366905,0.633811637167644,1.4429932044538674,2.0124480683987542,0.8860759493670886,0.8945147679324894,3.62569499166062,4.653529142011891,0.4586491410760944,0.04855430582583659,1.1882331740808045e-17,224.2141349319989
first_release,UNRATE,6,autoreg,naive_last,all,237,237,0,1.0,9.183251645824017,1.593181674543511,5.7640957039348715,1.5988614952324334,0.633811637167644,2.522613031179692,4.467502634832799,0.810126582278481,0.8607594936708861,5.499954029765312,7.059114574200876,0.4728046595663139,0.07076221638822078,1.3830278160601432e-09,2.536377091001295
first_release,UNRATE,6,bvar_niw,naive_last,all,237,237,0,1.0,1.6008158704223683,1.593181674543511,1.0047917924244545,0.6614093106379373,0.633811637167644,1.0435423899656069,1.0202920314409154,0.8312236286919831,0.8776371308016878,2.3833436946519964,3.0589885150304768,0.4651461261778909,0.06866089842253632,1.6811855868211258e-08,37.064960496999745
first_release,UNRATE,6,dynamic_factor,naive_last,all,237,237,0,1.0,1.5341621893474005,1.593181674543511,0.962954956023442,0.61735877876183,0.633811637167644,0.9740414068770684,0.9673895363648926,0.8607594936708861,0.8776371308016878,2.2087314540612897,2.8348761305056325,0.4314584413691529,0.061168259855823116,7.195063571623253e-16,1449.617327722001
first_release,UNRATE,6,elastic_net,naive_last,all,237,237,0,1.0,1.5645342820361152,1.593181674543511,0.9820187534383962,0.6458691604918193,0.633811637167644,1.019023827612345,0.9968207831079756,0.7468354430379747,0.8059071729957806,1.8411422622991107,2.3630805106069985,0.3937524624732596,0.08124779440232639,9.87404644775804e-08,7.613239915001019
first_release,UNRATE,6,hist_gradient_boosting,naive_last,all,237,237,0,1.0,1.661533595164461,1.593181674543511,1.0429027785801859,0.7705995299362723,0.633811637167644,1.215817894066921,1.11206882477488,0.6708860759493671,0.7510548523206751,1.9491652782792126,2.5017265506152286,0.3611719731981501,0.0920953676802059,2.7011581504107172e-14,68.86093631800172
first_release,UNRATE,6,mean,naive_last,all,237,237,0,1.0,2.216187732758621,1.593181674543511,1.3910452073167474,1.2741516573260572,0.633811637167644,2.010300194265828,1.6387472020963796,0.8270042194092827,0.8776371308016878,4.833721904246886,6.204014898531656,0.4440141836667554,0.10214744636800775,1.4341624537794733e-12,0.062200609000450796
first_release,UNRATE,6,naive_drift,naive_last,all,237,237,0,1.0,1.6071934877092713,1.593181674543511,1.0087948621237908,0.6422197293968084,0.633811637167644,1.0132659164586157,1.010583283857721,0.8354430379746836,0.8776371308016878,2.2431573041980126,2.8790612308017827,0.4521792698551682,0.06529937079537174,2.648829085849983e-11,0.06023397700095011
first_release,UNRATE,6,naive_last,naive_last,all,237,237,0,1.0,1.593181674543511,1.593181674543511,1.0,0.633811637167644,0.633811637167644,1.0,1.0,0.8481012658227848,0.8734177215189873,2.2330427987695813,2.866079403627543,0.45398058358229976,0.06324061711236142,9.684637857276698e-12,0.06455833400090119
first_release,UNRATE,6,random_forest,naive_last,all,237,237,0,1.0,2.0305060770861254,1.593181674543511,1.274497509938984,0.9728335126675783,0.633811637167644,1.5348937375384015,1.378656000978751,0.6371308016877637,0.759493670886076,2.1702844263813352,2.785529904707841,0.3744155299866299,0.10043939063640686,1.0449751924371856e-13,174.58001738699977
first_release,UNRATE,6,ridge,naive_last,all,237,237,0,1.0,1.6707301129709278,1.593181674543511,1.048675201118941,0.7058269585104813,0.633811637167644,1.1136225924545293,1.0746541576531763,0.6835443037974683,0.7637130801687764,1.8935566188539623,2.4303536089367856,0.4198373823093424,0.09173644682344313,0.000551573555421037,5.843537706999026
first_release,UNRATE,6,seasonal_naive,naive_last,all,237,237,0,1.0,1.9523111912146005,1.593181674543511,1.225416550045361,0.9354619376584761,0.633811637167644,1.4759305175254225,1.3256221370373855,0.8227848101265823,0.8481012658227848,3.4454841139775336,4.422230984573202,0.45995126019154037,0.0706407227714067,9.243389705515016e-10,0.05608591299893291
first_release,UNRATE,6,state_space,naive_last,all,237,237,0,1.0,4.941784857671656,1.593181674543511,3.1018338565108143,1.0858978486733044,0.633811637167644,1.713281651826287,2.5464129746370032,0.8481012658227848,0.890295358649789,4.037827919370584,5.182496028055051,0.51347064692136,0.05101305262281468,3.379464328721336e-07,57.00895369799949
first_release,UNRATE,6,var,naive_last,all,237,237,0,1.0,114.08388880034106,1.593181674543511,71.60758287847437,12.547494511404793,0.633811637167644,19.796882505150286,50.88330272914474,0.8649789029535865,0.9029535864978903,52.75221481471655,67.70673471171376,0.5197279731195903,0.056815116778839915,4.982340876948965e-06,1.0206591769996247
first_release,UNRATE,6,arima,naive_last,expansion,217,217,0,1.0,3.884739663414483,1.4152721970366935,2.7448710372099283,0.8586878965765261,0.5446666177551233,1.5765385073821134,2.2775380252788024,0.9447004608294931,0.9493087557603687,3.8304443711180793,4.916322125510411,0.4145785694220529,0.029112859424416365,9.900592067075242e-26,208.0054867179989
first_release,UNRATE,6,autoreg,naive_last,expansion,217,217,0,1.0,9.562260351800418,1.4152721970366935,6.756481454113169,1.6241353017127862,0.5446666177551233,2.9818888266124315,5.246644403112874,0.8755760368663594,0.9170506912442397,5.932826373811404,7.614700212932963,0.4274600723002561,0.0524733369443877,4.8649046281456726e-15,2.3545493020011996
first_release,UNRATE,6,bvar_niw,naive_last,expansion,217,217,0,1.0,1.4148710884243934,1.4152721970366935,0.9997165855351783,0.5734717376381867,0.5446666177551233,1.0528857817682777,1.0209842640284181,0.8986175115207373,0.9308755760368663,2.5171090685153006,3.2306745136863904,0.41873439838685655,0.04908599050430579,1.5367491234408253e-14,33.94613910899994
first_release,UNRATE,6,dynamic_factor,naive_last,expansion,217,217,0,1.0,1.3441639076629477,1.4152721970366935,0.9497564570810952,0.528128663868468,0.5446666177551233,0.9696365568449606,0.9577084969866414,0.9262672811059908,0.9354838709677419,2.3328938679504114,2.9942368634698058,0.38249603017247547,0.037825147928178905,1.1411247998294816e-23,1351.3371106000009
first_release,UNRATE,6,elastic_net,naive_last,expansion,217,217,0,1.0,1.4220066012947168,1.4152721970366935,1.004758380947583,0.6087744177949403,0.5446666177551233,1.117700989834922,1.0499354245025185,0.7649769585253456,0.8202764976958525,1.9482616795818855,2.500566794242901,0.36720906420918986,0.07164256721001554,6.357980963885685e-10,7.105102831000824
first_release,UNRATE,6,hist_gradient_boosting,naive_last,expansion,217,217,0,1.0,1.5075766765250156,1.4152721970366935,1.065220301565727,0.704535216444817,0.5446666177551233,1.293516425421117,1.1565387511078828,0.7096774193548387,0.7926267281105991,2.054420517606399,2.636820187748273,0.3098301255895767,0.06733184019565398,1.1063194278835547e-19,64.85241411700177
first_release,UNRATE,6,mean,naive_last,expansion,217,217,0,1.0,2.15827148332272,1.4152721970366935,1.5249868455281772,1.2506335130177293,0.5446666177551233,2.296144966938293,1.8334500940922234,0.8525345622119815,0.9032258064516129,5.039605390048694,6.468263491764507,0.41854741989491406,0.09592501739482609,3.5695744439512995e-15,0.0565575050004228
first_release,UNRATE,6,naive_drift,naive_last,expansion,217,217,0,1.0,1.4321661634227527,1.4152721970366935,1.0119369026123963,0.5537902057768543,0.5446666177551233,1.0167507751059437,1.0138624516098154,0.9078341013824884,0.9400921658986175,2.369792006345859,3.041595111393071,0.4035030883662559,0.04300859763793718,3.595342195939875e-18,0.054853157001094
first_release,UNRATE,6,naive_last,naive_last,expansion,217,217,0,1.0,1.4152721970366935,1.4152721970366935,1.0,0.5446666177551233,0.5446666177551233,1.0,1.0,0.9216589861751152,0.9354838709677419,2.3593388288784998,3.028178603362786,0.40585717871759125,0.041331565264948945,1.1540620846779583e-18,0.0589244860008431
first_release,UNRATE,6,random_forest,naive_last,expansion,217,217,0,1.0,1.9265223710696915,1.4152721970366935,1.3612380537846056,0.9044639395943932,0.5446666177551233,1.6605826575570146,1.4809758952935694,0.6820276497695853,0.8064516129032258,2.2830734381949123,2.930293034143836,0.32033717534824013,0.07426937949802784,5.197602842427383e-19,164.62018718500002
first_release,UNRATE,6,ridge,naive_last,expansion,217,217,0,1.0,1.537217544229384,1.4152721970366935,1.0861638824305462,0.6650466237451983,0.5446666177551233,1.22101594271782,1.1401047065454557,0.7096774193548387,0.7972350230414746,2.0076979107540636,2.5768523710736218,0.4031633476547408,0.08285740101236597,0.00011321562122802182,5.339630229998873
first_release,UNRATE,6,seasonal_naive,naive_last,expansion,217,217,0,1.0,1.776718354326053,1.4152721970366935,1.2553898522462024,0.8351594197770708,0.5446666177551233,1.533340565682603,1.3665701376207626,0.880184331797235,0.9032258064516129,3.627300894006934,4.655590295359039,0.414785317154948,0.05207678248690989,4.567220448707036e-16,0.0513423329992221
first_release,UNRATE,6,state_space,naive_last,expansion,217,217,0,1.0,5.099926523243218,1.4152721970366935,3.6034951678705185,1.0824326764398462,0.5446666177551233,1.9873306737636292,2.9570293702277626,0.8940092165898618,0.9262672811059908,4.282142697931687,5.496070651533664,0.478375636114668,0.03970753931600182,1.0988613557807171e-10,53.323912096999436
first_release,UNRATE,6,var,naive_last,expansion,217,217,0,1.0,119.22231840079355,1.4152721970366935,84.23985057462589,13.572653265267972,0.5446666177551233,24.919194279261124,60.51158805647998,0.9170506912442397,0.9539170506912442,57.54303671985206,73.85568805749038,0.4879379401516411,0.04550945704659201,3.757082084633419e-06,0.9355799889994749
first_release,UNRATE,6,arima,naive_last,high_volatility,98,98,0,1.0,5.9107979836028415,2.4426482784561716,2.4198318013015965,1.6909950038009547,1.1618594685579346,1.4554212876534607,2.034067595842342,0.7653061224489796,0.7857142857142857,4.0118273007473375,5.149124595336107,0.4684944776000808,0.08355217899884446,8.045165529584358e-07,94.55593914899967
first_release,UNRATE,6,autoreg,naive_last,high_volatility,98,98,0,1.0,14.2757740796424,2.4426482784561716,5.844383821261866,3.1208628118714175,1.1618594685579346,2.686093194855088,4.581067570699155,0.6632653061224489,0.7244897959183674,6.296817251785426,8.081877447083816,0.48129372464848313,0.10729516417938201,0.0015714538497019932,1.0329793220004952
first_release,UNRATE,6,bvar_niw,naive_last,high_volatility,98,98,0,1.0,2.4564146887423854,2.4426482784561716,1.005635854497609,1.2202931440763893,1.1618594685579346,1.0502932386401092,1.023498808154609,0.7142857142857143,0.7653061224489796,2.6818685452027573,3.4421410126476135,0.3970968287438836,0.10610659928134962,6.303768867565405e-06,15.380079566000175
first_release,UNRATE,6,dynamic_factor,naive_last,high_volatility,98,98,0,1.0,2.3487725532634056,2.4426482784561716,0.9615680546312225,1.1250509448696948,1.1618594685579346,0.9683192979148111,0.964268551944658,0.7448979591836735,0.7653061224489796,2.5208480393569936,3.2354734308079274,0.45834438917677545,0.09827274613062861,0.0003543175666699297,589.8688947600002
first_release,UNRATE,6,elastic_net,naive_last,high_volatility,98,98,0,1.0,2.3325504333079996,2.4426482784561716,0.954926852908288,1.1463390228283374,1.1618594685579346,0.9866417185988416,0.9676127991845096,0.5714285714285714,0.6428571428571429,2.029856286068187,2.605292337894075,0.41074979712618803,0.128511971592166,4.929302274391668e-07,2.9705707170009767
first_release,UNRATE,6,hist_gradient_boosting,naive_last,high_volatility,98,98,0,1.0,2.4097232279373078,2.4426482784561716,0.9865207566683839,1.3127892388397857,1.1618594685579346,1.129903636684375,1.0438739086747804,0.5102040816326531,0.6224489795918368,2.1808534919134783,2.7990951534589876,0.4108677484353322,0.14290790068807824,7.385148929279188e-08,27.978526477001196
first_release,UNRATE,6,mean,naive_last,high_volatility,98,98,0,1.0,2.9016374549235935,2.4426482784561716,1.1879063721599399,1.8020650446546131,1.1618594685579346,1.5510180821535005,1.333151056157364,0.5816326530612245,0.7040816326530612,4.944221071640378,6.345839044472335,0.6437694908434598,0.11652926249741179,1.2808508745980453e-09,0.025444367000540497
first_release,UNRATE,6,naive_drift,naive_last,high_volatility,98,98,0,1.0,2.462131639678358,2.4426482784561716,1.0079763269210829,1.174644500919464,1.1618594685579346,1.0110039404140654,1.0091873723182758,0.7244897959183674,0.7755102040816326,2.5587604997889377,3.28413354697082,0.4468402194926544,0.09944441679286731,0.00021491433400675988,0.0247130069997707
first_release,UNRATE,6,naive_last,naive_last,high_volatility,98,98,0,1.0,2.4426482784561716,2.4426482784561716,1.0,1.1618594685579346,1.1618594685579346,1.0,1.0,0.7448979591836735,0.7653061224489796,2.5514982607618553,3.2748125640898795,0.45993693865794183,0.09740304856330252,0.0006598809322422685,0.0263301710005754
first_release,UNRATE,6,random_forest,naive_last,high_volatility,98,98,0,1.0,2.8132016468799996,2.4426482784561716,1.1517014838738997,1.5933881318620158,1.1618594685579346,1.3714120984353484,1.2395857296984791,0.45918367346938777,0.6632653061224489,2.356152705816967,3.0240892586851493,0.4340211315100893,0.1503743277993794,4.150028718769804e-06,71.79125465200036
first_release,UNRATE,6,ridge,naive_last,high_volatility,98,98,0,1.0,2.456491122790868,2.4426482784561716,1.0056671459648072,1.2297510554109594,1.1618594685579346,1.0584335616228095,1.026773712228008,0.5306122448979592,0.6530612244897959,2.0997689975843556,2.6950243316734386,0.4548114115788673,0.13147604741643537,0.0004356210450121606,2.4173426449999864
first_release,UNRATE,6,seasonal_naive,naive_last,high_volatility,98,98,0,1.0,2.959384933338931,2.4426482784561716,1.2115477121451774,1.6802100477649264,1.1618594685579346,1.4461387915100894,1.3053841438911422,0.6326530612244898,0.6836734693877551,3.748708476308337,4.811415240259331,0.4941329692614529,0.12266634044595018,8.890572949210587e-05,0.0231103679998575
first_release,UNRATE,6,state_space,naive_last,high_volatility,98,98,0,1.0,7.676858499102731,2.4426482784561716,3.142842367774185,2.080808482029996,1.1618594685579346,1.7909295731028758,2.602077249905661,0.6632653061224489,0.7448979591836735,4.4581399048567505,5.721960621104261,0.47118919908659246,0.09358388687053575,0.04234985841454277,22.559341547999765
first_release,UNRATE,6,var,naive_last,high_volatility,98,98,0,1.0,177.4118480620289,2.4426482784561716,72.63094307386679,24.17503462511486,1.1618594685579346,20.80719336489136,51.90144319027662,0.7448979591836735,0.7857142857142857,60.709487201151774,77.91978325175185,0.5202756475514664,0.08842486141419413,0.009536866223024703,0.41814728500019777
first_release,UNRATE,6,arima,naive_last,normal_volatility,139,139,0,1.0,0.36273918271970435,0.348067635865058,1.0421514250188268,0.3671895284338283,0.26151892151117995,1.4040648619688152,1.1869167997988224,0.9712230215827338,0.9712230215827338,3.3534578241030775,4.304116520243738,0.4517078246778881,0.024188828462251802,9.405720410030303e-15,129.65819578299923
first_release,UNRATE,6,autoreg,naive_last,normal_volatility,139,139,0,1.0,0.32334972494548686,0.348067635865058,0.9289853224700443,0.5257958187531504,0.26151892151117995,2.0105459892341773,1.3616095891756976,0.9136690647482014,0.9568345323741008,4.938136794096452,6.338029958787007,0.4668195633213313,0.04550877301930058,8.60259186438569e-08,1.5033977690007991
first_release,UNRATE,6,bvar_niw,naive_last,normal_volatility,139,139,0,1.0,0.3393767862709615,0.348067635865058,0.975031147114563,0.2673761043288129,0.26151892151117995,1.022396784078901,0.9939774019002982,0.9136690647482014,0.9568345323741008,2.1728729367097332,2.788852221746452,0.5131233286853205,0.03723094754031135,6.078743565065615e-06,21.68488093099957
first_release,UNRATE,6,dynamic_factor,naive_last,normal_volatility,139,139,0,1.0,0.35152415332427006,0.348067635865058,1.0099305913651566,0.2594175393476519,0.26151892151117995,0.9919647031603477,1.002744236083233,0.9424460431654677,0.9568345323741008,1.9886780342125199,2.5524406238176827,0.4125028810443542,0.03465557026511826,2.3714694687306912e-15,859.7484329620006
first_release,UNRATE,6,elastic_net,naive_last,normal_volatility,139,139,0,1.0,0.5810145729064367,0.348067635865058,1.6692576759181643,0.29301990503154013,0.26151892151117995,1.1204539363283261,1.449736180082229,0.8705035971223022,0.920863309352518,1.7080920872676768,2.1923124597139516,0.38176873012802953,0.04826480686131155,1.1710170509819722e-09,4.642669198000043
first_release,UNRATE,6,hist_gradient_boosting,naive_last,normal_volatility,139,139,0,1.0,0.7830092291935395,0.348067635865058,2.249589299641474,0.38833628193235636,0.26151892151117995,1.4849261372307814,1.9437240346771971,0.7841726618705036,0.841726618705036,1.7858167535586513,2.292070988898046,0.32613466403812236,0.05405633714988422,9.145165416384226e-13,40.88240984100052
first_release,UNRATE,6,mean,naive_last,normal_volatility,139,139,0,1.0,1.5614779931200353,0.348067635865058,4.486133820627331,0.9019537295692334,0.26151892151117995,3.4489042871441895,4.0712420072340745,1.0,1.0,4.755816016444282,6.104023774055495,0.30317950666447463,0.04446422103858439,2.340169684347879e-25,0.0367562419999103
first_release,UNRATE,6,naive_drift,naive_last,normal_volatility,139,139,0,1.0,0.36088189597693376,0.348067635865058,1.0368154312308533,0.26684111350313744,0.26151892151117995,1.0203510780833882,1.0302296899718673,0.9136690647482014,0.9496402877697842,2.020645698673475,2.5934706769559863,0.45594349241291193,0.04173753624062517,2.0252798794163903e-09,0.0355209700011794
first_release,UNRATE,6,naive_last,naive_last,normal_volatility,139,139,0,1.0,0.348067635865058,0.348067635865058,1.0,0.26151892151117995,0.26151892151117995,1.0,1.0,0.920863309352518,0.9496402877697842,2.0085202428325815,2.5779078228699253,0.4497811389965953,0.0396432011310773,5.104049144880315e-10,0.0382281630003258
first_release,UNRATE,6,random_forest,naive_last,normal_volatility,139,139,0,1.0,1.2041838771968492,0.348067635865058,3.4596260988301077,0.535320184026896,0.26151892151117995,2.0469654009490514,2.894561819677685,0.762589928057554,0.8273381294964028,2.039240603469882,2.617336978882112,0.33239143682620537,0.061766173068064714,3.4949337233954253e-13,102.78876273499942
first_release,UNRATE,6,ridge,naive_last,normal_volatility,139,139,0,1.0,0.7105636773473393,0.348067635865058,2.0414528790686446,0.336441624005108,0.26151892151117995,1.2864905608396873,1.7394679517770615,0.7913669064748201,0.841726618705036,1.7481694741375695,2.24375122887785,0.3951794336157206,0.06298723867938726,4.18118750070842e-06,3.4261950619990396
first_release,UNRATE,6,seasonal_naive,naive_last,normal_volatility,139,139,0,1.0,0.5692984449517321,0.348067635865058,1.6355971836819752,0.4103877305330654,0.26151892151117995,1.5692467992818686,1.6090570299219324,0.9568345323741008,0.9640287769784173,3.2317000311831547,4.147842084880824,0.43585192573937187,0.03316916865758315,1.0496193753608932e-11,0.0329755449990754
first_release,UNRATE,6,state_space,naive_last,normal_volatility,139,139,0,1.0,0.2973017464135755,0.348067635865058,0.8541493542618139,0.38445006400455806,0.26151892151117995,1.4700659584515867,1.100515995937723,0.9784172661870504,0.9928057553956835,3.741492850466668,4.80215408475417,0.5432805885602611,0.019295121861248897,1.3007776291207761e-11,34.44961214999972
first_release,UNRATE,6,var,naive_last,normal_volatility,139,139,0,1.0,0.5379647882371063,0.348067635865058,1.5455754365099008,4.349660474400571,0.26151892151117995,16.63229738508471,7.580264215939824,0.9496402877697842,0.9856115107913669,47.142051549460035,60.50616811514014,0.5193418429445985,0.0350080136476844,4.546301829030372e-06,0.6025118919994272
first_release,UNRATE,6,arima,naive_last,recession,20,20,0,1.0,2.892895662111116,2.8888579058167605,1.0013976998613277,1.5210790633844737,1.6010350977934933,0.950059786622284,0.9808625345657102,0.25,0.3,1.4041642245471844,1.8022252710529407,0.9368148435224448,0.009269949592627566,8.605372342789125e-11,16.208648213999993
first_release,UNRATE,6,autoreg,naive_last,recession,20,20,0,1.0,2.691836349290274,2.8888579058167605,0.9317994989889324,1.3246406949206109,1.6010350977934933,0.8273651819040055,0.8900257721549617,0.1,0.25,0.8032890968651965,1.0310103939577355,0.9647934314030412,0.004126457862879648,1.0394975205883068e-14,0.1818277890000949
first_release,UNRATE,6,bvar_niw,naive_last,recession,20,20,0,1.0,2.9405378008761356,2.8888579058167605,1.0178893863056804,1.6155319776852306,1.6010350977934933,1.0090546921249364,1.0143555086333829,0.1,0.3,0.9319893882351511,1.1961954296138084,0.9687133727106139,0.003282638092968857,4.3091794560866366e-16,3.118821387999815
first_release,UNRATE,6,dynamic_factor,naive_last,recession,20,20,0,1.0,2.8787617493453,2.8888579058167605,0.996505139123966,1.5855055253548076,1.6010350977934933,0.990300292317084,0.9940232004012133,0.15,0.25,0.8615692633643153,1.1058121778443433,0.9627006028531024,0.0053102498743717265,5.2378434059439904e-14,98.28021712200007
first_release,UNRATE,6,elastic_net,naive_last,recession,20,20,0,1.0,2.6582381399680513,2.8888579058167605,0.9201692248745247,1.0483471187529543,1.6010350977934933,0.6547933397573609,0.8140188708276592,0.55,0.65,0.6788965847810091,0.8713543331574574,0.681748333638416,0.09936656543617021,0.004812344402013169,0.5081370840001955
first_release,UNRATE,6,hist_gradient_boosting,naive_last,recession,20,20,0,1.0,2.83804138357048,2.8888579058167605,0.9824094767195157,1.4873973313185638,1.6010350977934933,0.9290223139820344,0.9610546116245232,0.25,0.3,0.8071459315792409,1.0359605877216924,0.9182310197511716,0.021711834199687082,3.384132417060454e-10,4.0085222009999475
first_release,UNRATE,6,mean,naive_last,recession,20,20,0,1.0,2.767735574134042,2.8888579058167605,0.9580725893652171,1.5293235230714153,1.6010350977934933,0.9552092425575747,0.9569272506421601,0.55,0.6,2.5998860832972612,3.3369176619552343,0.7203285705912342,0.09048758488247625,0.003809984193433591,0.005643104000028
first_release,UNRATE,6,naive_drift,naive_last,recession,20,20,0,1.0,2.8904940959886547,2.8888579058167605,1.0005663795954103,1.6016800606733095,1.6010350977934933,1.00040284118737,1.0005009642321943,0.05,0.2,0.8691707858938802,1.115568626386307,0.9803158390098673,0.001477698659013897,2.7869769559254614e-18,0.0053808199998561
first_release,UNRATE,6,naive_last,naive_last,recession,20,20,0,1.0,2.8888579058167605,2.8888579058167605,1.0,1.6010350977934933,1.6010350977934933,1.0,1.0,0.05,0.2,0.8627308720878147,1.1073030865001603,0.9761195263643859,0.0022128397428298223,2.582202449283769e-17,0.0056338480000581006
first_release,UNRATE,6,random_forest,naive_last,recession,20,20,0,1.0,2.930420834628472,2.8888579058167605,1.0143873219683197,1.714643380511636,1.6010350977934933,1.0709592705835835,1.0370161014144252,0.15,0.25,0.9465236482040209,1.2148499503272938,0.9611656778131585,0.007441360398059271,2.98244029372164e-13,9.95983020199975
first_release,UNRATE,6,ridge,naive_last,recession,20,20,0,1.0,2.7273445993651406,2.8888579058167605,0.9440909481472209,1.1482935907138017,1.6010350977934933,0.7172194989955881,0.8533423684865677,0.4,0.4,0.6551236017378625,0.8408420397521128,0.6007506583117703,0.15987786727958309,0.0014638319440382075,0.5039074770001538
first_release,UNRATE,6,seasonal_naive,naive_last,recession,20,20,0,1.0,3.3039370454050725,2.8888579058167605,1.143682781611565,2.0237442566717236,1.6010350977934933,1.264022418659527,1.1918186364307497,0.2,0.25,1.4727720506585467,1.8902824625468895,0.9500017421385684,0.009313906141877895,3.964726215335244e-12,0.0047435799997108
first_release,UNRATE,6,state_space,naive_last,recession,20,20,0,1.0,2.6816593615377755,2.8888579058167605,0.9282766577539908,1.1234949674063273,1.6010350977934933,0.7017303798990416,0.8376581466120112,0.35,0.5,1.3870125719826192,1.780211363312094,0.8942515141739689,0.015531598757402912,1.693696534911762e-08,3.685041601000051
first_release,UNRATE,6,var,naive_last,recession,20,20,0,1.0,2.8026916345894275,2.8888579058167605,0.9701728939129073,1.424522031989278,1.6010350977934933,0.8897506581539147,0.9380039996093104,0.3,0.35,0.7717971439961294,0.9905909100375098,0.8646498308218383,0.05155797551434391,9.556969560454815e-09,0.0850791880001499
first_release,UNRATE,12,arima,naive_last,all,235,235,0,1.0,5.69134070103649,1.9684641383143833,2.891259530849287,1.4124052416283464,0.9718386303256377,1.4533330920948124,2.3160889553474973,0.8553191489361702,0.8553191489361702,5.449711678569938,6.994629214569514,0.4544032177564627,0.0608175602342776,1.036211478039893e-20,256.5685026199993
first_release,UNRATE,12,autoreg,naive_last,all,235,235,0,1.0,24.600631868855803,1.9684641383143833,12.497373657983724,3.6525901337272657,0.9718386303256377,3.7584327477323867,9.001797293883188,0.7659574468085106,0.8,12.232134677732294,15.699774890818956,0.47356155089991403,0.08201721862520711,2.101602770067696e-09,2.761770853000402
first_release,UNRATE,12,bvar_niw,naive_last,all,235,235,0,1.0,2.049961328377562,1.9684641383143833,1.0414014095948763,1.0662505923049543,0.9718386303256377,1.097147776424242,1.0636999563266225,0.7787234042553192,0.8170212765957446,3.7797536327775374,4.851261267208657,0.468353431293695,0.08272335813301339,0.00010659892907291251,82.8900773670006
first_release,UNRATE,12,dynamic_factor,naive_last,all,235,235,0,1.0,1.8666971377530888,1.9684641383143833,0.9483013184845528,0.9347421133977207,0.9718386303256377,0.9618285219682131,0.9537121998780169,0.8212765957446808,0.8425531914893617,3.28804587130131,4.220161187735331,0.4321396214557149,0.07354384168625921,1.0654525847749957e-17,1587.6463929709996
first_release,UNRATE,12,elastic_net,naive_last,all,235,235,0,1.0,2.0083079746869483,1.9684641383143833,1.0202410781060425,1.059427549377976,0.9718386303256377,1.090127019362247,1.0481954546085244,0.5234042553191489,0.6127659574468085,2.391327905010743,3.0692361380836672,0.29041088213651134,0.093957457296514,5.717688134559243e-26,9.031320471001411
first_release,UNRATE,12,hist_gradient_boosting,naive_last,all,235,235,0,1.0,2.429143532030344,1.9684641383143833,1.2340298635617744,1.412138182375688,0.9718386303256377,1.4530582941558081,1.3216412357993879,0.5191489361702127,0.6212765957446809,2.9951264025156683,3.8442031197257824,0.341879290492977,0.12239300879331136,2.4858787505144367e-27,68.61260285700062
first_release,UNRATE,12,mean,naive_last,all,235,235,0,1.0,2.2612353874841378,1.9684641383143833,1.1487308015783604,1.3233102558108754,0.9718386303256377,1.3616563640482873,1.2339010265663313,0.8297872340425532,0.8723404255319149,4.975614681807277,6.386132306900821,0.4495636981966253,0.10154515208857785,1.0813180517050584e-11,0.0640855089990022
first_release,UNRATE,12,naive_drift,naive_last,all,235,235,0,1.0,2.005656679314159,1.9684641383143833,1.018894192825694,0.9955956606195547,0.9718386303256377,1.0244454475800748,1.0211146947274463,0.8085106382978723,0.8425531914893617,3.397690356829187,4.360888361377476,0.4570933823921328,0.07707999543543345,2.57958560395899e-09,0.0677801390010762
first_release,UNRATE,12,naive_last,naive_last,all,235,235,0,1.0,1.9684641383143833,1.9684641383143833,1.0,0.9718386303256377,0.9718386303256377,1.0,1.0,0.8212765957446808,0.8382978723404255,3.3562116825616735,4.307651059309911,0.45936105943736355,0.07460046260666461,8.750197067257292e-10,0.070682971999122
first_release,UNRATE,12,random_forest,naive_last,all,235,235,0,1.0,2.3986872808642277,1.9684641383143833,1.218557775158784,1.4208513813961667,0.9718386303256377,1.4620239791456702,1.3159442567535384,0.5319148936170213,0.5957446808510638,3.119774462903675,4.004187173223116,0.34357592437143425,0.12524642432548022,1.5979566791094052e-31,169.43615041100162
first_release,UNRATE,12,ridge,naive_last,all,235,235,0,1.0,2.1045918268046,1.9684641383143833,1.069154263895701,1.116600243516186,0.9718386303256377,1.1489564302892985,1.10107513045314,0.5191489361702127,0.5914893617021276,2.343629551791355,3.0080159645051014,0.31085886107885585,0.10544390969110022,1.461821935946907e-22,6.46768719099774
first_release,UNRATE,12,seasonal_naive,naive_last,all,235,235,0,1.0,1.9684641383143833,1.9684641383143833,1.0,0.9756378662169192,0.9718386303256377,1.0039093279200153,1.0015637311680061,0.8,0.8468085106382979,3.5420577001364864,4.546181840498193,0.4668160099774213,0.06955330271064403,1.232820683055687e-09,0.06338781500197671
first_release,UNRATE,12,state_space,naive_last,all,235,235,0,1.0,9.157773042714132,1.9684641383143833,4.652242763516144,1.9318378846386792,0.9718386303256377,1.9878175494951986,3.5864726779077656,0.8,0.8382978723404255,6.8614181819950195,8.806534895760706,0.5212974117602446,0.06158969625189668,2.0653360281214252e-07,67.62236798800049
first_release,UNRATE,12,var,naive_last,all,235,235,0,1.0,10622.863141709095,1.9684641383143833,5396.523581478891,1075.9042395667552,0.9718386303256377,1107.0811614128243,3680.7466134524643,0.8212765957446808,0.8382978723404255,4193.977368639248,5382.911676462372,0.5408904395955239,0.06637561732430537,3.0862193159856196e-05,1.209322502998421
first_release,UNRATE,12,arima,naive_last,expansion,215,215,0,1.0,5.861765496377055,1.7920236709400081,3.271031287941782,1.353237879886022,0.865195199371456,1.5640838979101106,2.5882523319291133,0.9023255813953488,0.9023255813953488,5.734468860076848,7.360111100273487,0.41400304903610546,0.04505713499397735,2.458758704240317e-29,238.5453618509993
first_release,UNRATE,12,autoreg,naive_last,expansion,215,215,0,1.0,25.701114393918562,1.7920236709400081,14.341950282630481,3.804952331354759,0.865195199371456,4.397796397990843,10.364288728774627,0.8232558139534883,0.8558139534883721,13.266340023192752,17.027163081219506,0.4289262046123514,0.06502987170262861,8.08626206873855e-15,2.568487439000425
first_release,UNRATE,12,bvar_niw,naive_last,expansion,215,215,0,1.0,1.8798758185517919,1.7920236709400081,1.049023988374942,0.9633180723447791,0.865195199371456,1.1134112545291595,1.074778894836629,0.8372093023255814,0.8744186046511628,4.004139886806976,5.139257906361864,0.4223427401615542,0.06496036809321844,2.8511738355654673e-09,75.83783975900062
first_release,UNRATE,12,dynamic_factor,naive_last,expansion,215,215,0,1.0,1.679734660496413,1.7920236709400081,0.937339549546969,0.8326346494402277,0.865195199371456,0.9623662383299367,0.947350225060156,0.8744186046511628,0.8976744186046511,3.4838582251063754,4.471483622990831,0.3857805280889243,0.05364686891260004,5.9309819099199305e-25,1482.0197649819993
first_release,UNRATE,12,elastic_net,naive_last,expansion,215,215,0,1.0,1.9425287123361528,1.7920236709400081,1.083986078887673,1.0543318619213338,0.865195199371456,1.2186057697584096,1.1378339552359678,0.5348837209302325,0.6325581395348837,2.4878701391639098,3.1931467541448733,0.2686807445293223,0.08212366936582742,5.234526833896908e-28,8.01568923000156
first_release,UNRATE,12,hist_gradient_boosting,naive_last,expansion,215,215,0,1.0,2.327212698227541,1.7920236709400081,1.2986506461752254,1.340557881843122,0.865195199371456,1.5494282478878825,1.3989616868602883,0.5627906976744186,0.6744186046511628,3.1759029187683523,4.076227266408884,0.28269875553612434,0.09172218512884374,1.2257612179552083e-34,64.50072959100048
first_release,UNRATE,12,mean,naive_last,expansion,215,215,0,1.0,2.208340677872566,1.7920236709400081,1.2323166896083344,1.3045781202844071,0.865195199371456,1.5078425322194953,1.3425270266527987,0.8558139534883721,0.8976744186046511,5.186620195681328,6.656954951992751,0.42516012882139953,0.09592748010936142,2.9780104024664955e-14,0.058555895998754395
first_release,UNRATE,12,naive_drift,naive_last,expansion,215,215,0,1.0,1.8325167533727955,1.7920236709400081,1.0225962876994514,0.8881467971592629,0.865195199371456,1.0265276527244729,1.02416883370946,0.8651162790697674,0.8976744186046511,3.6058828591461523,4.6281005452232655,0.4108765347613874,0.05836804755059929,2.363368586848266e-15,0.06207514400073419
first_release,UNRATE,12,naive_last,naive_last,expansion,215,215,0,1.0,1.7920236709400081,1.7920236709400081,1.0,0.865195199371456,0.865195199371456,1.0,1.0,0.8790697674418605,0.8930232558139535,3.5608153799493647,4.570257061896166,0.41394659639788695,0.0563567154720339,3.0508536960150863e-16,0.06478302999913821
first_release,UNRATE,12,random_forest,naive_last,expansion,215,215,0,1.0,2.3027445615635598,1.7920236709400081,1.2849967324123863,1.3596639566187898,0.865195199371456,1.5715112122750494,1.3996025243574515,0.5767441860465117,0.6372093023255814,3.2926015225582526,4.2260083028218975,0.285705171647423,0.0961642257609907,1.0930776149939114e-40,159.87208906000154
first_release,UNRATE,12,ridge,naive_last,expansion,215,215,0,1.0,2.0517289304166795,1.7920236709400081,1.1449228956559723,1.1178754102425068,0.865195199371456,1.2920499455551961,1.2037737156156618,0.5302325581395348,0.6093023255813953,2.45248355334778,3.1477285629538256,0.2973696064958585,0.0967792325624511,5.320137466416947e-22,5.929439665997938
first_release,UNRATE,12,seasonal_naive,naive_last,expansion,215,215,0,1.0,1.7920236709400081,1.7920236709400081,1.0,0.8724036844736952,0.865195199371456,1.0083316286399602,1.0033326514559842,0.8511627906976744,0.8930232558139535,3.7368045921910062,4.796136770401678,0.4240468322716186,0.05314616600356162,8.706141805844543e-16,0.0579901190021026
first_release,UNRATE,12,state_space,naive_last,expansion,215,215,0,1.0,9.524430959366148,1.7920236709400081,5.314902427806714,1.9457435814051822,0.865195199371456,2.248907047587318,4.088504275718956,0.8418604651162791,0.8790697674418605,7.262728041606224,9.321610524287886,0.48634254527303217,0.05132461064007161,1.8717162592849798e-08,62.97512253700029
first_release,UNRATE,12,var,naive_last,expansion,215,215,0,1.0,11105.964622591715,1.7920236709400081,6197.443037549871,1175.8025300393065,0.865195199371456,1359.0026053005142,4262.066864650128,0.8790697674418605,0.8976744186046511,4584.014923622517,5883.519458630607,0.5033617712303714,0.054876735536110825,1.4189444181290628e-05,1.1128433019985133
first_release,UNRATE,12,arima,naive_last,high_volatility,98,98,0,1.0,8.78095527463275,2.9717376212909374,2.9548218563179414,2.5131237811899654,1.7400898355526087,1.4442494461165913,2.3505928922374015,0.6836734693877551,0.6836734693877551,5.059884295814542,6.494291185535367,0.5012100841012752,0.11678750824629662,4.786503834601949e-06,108.40976168199927
first_release,UNRATE,12,autoreg,naive_last,high_volatility,98,98,0,1.0,38.08835005394845,2.9717376212909374,12.816861684243404,6.798961143094843,1.7400898355526087,3.907247203093778,9.253015891783553,0.5510204081632653,0.5816326530612245,9.987141641542372,12.818357523513441,0.516378829827081,0.13370386433101905,1.0435104965764439e-05,1.1219113520005477
first_release,UNRATE,12,bvar_niw,naive_last,high_volatility,98,98,0,1.0,3.07270613150195,2.9717376212909374,1.0339762533164523,1.8896163881475714,1.7400898355526087,1.0859303637892217,1.05475789750556,0.5510204081632653,0.6224489795918368,3.8550768522135157,4.9479375727229655,0.42919635668985434,0.14635810515641887,4.393154745898895e-09,34.65352285400007
first_release,UNRATE,12,dynamic_factor,naive_last,high_volatility,98,98,0,1.0,2.80176315455691,2.9717376212909374,0.9428030033619894,1.6530023403998402,1.7400898355526087,0.9499522993736058,0.945662721766636,0.6224489795918368,0.673469387755102,3.401323092156078,4.365550926691928,0.5027407939116516,0.12960487713694477,7.235261473201538e-07,645.2390268390002
first_release,UNRATE,12,elastic_net,naive_last,high_volatility,98,98,0,1.0,2.560347723211488,2.9717376212909374,0.8615658747488146,1.424928990517437,1.7400898355526087,0.8188824285988173,0.8444924962888156,0.4387755102040816,0.5510204081632653,2.382979624495948,3.0585212360440184,0.3917784201272192,0.14918683419422613,2.74638344325482e-09,3.6333484219997234
first_release,UNRATE,12,hist_gradient_boosting,naive_last,high_volatility,98,98,0,1.0,2.9718202343405618,2.9717376212909374,1.0000277995772684,1.9037256334996082,1.7400898355526087,1.094038706855059,1.0376321624883846,0.41836734693877553,0.5306122448979592,3.121054250403997,4.005829762696866,0.500466706724258,0.16461131992837524,6.307678661994996e-08,27.731700303000594
first_release,UNRATE,12,mean,naive_last,high_volatility,98,98,0,1.0,2.939914197800098,2.9717376212909374,0.989291307798225,1.8650632871943968,1.7400898355526087,1.0718201147368347,1.0223028305736688,0.5918367346938775,0.6938775510204082,4.873720677577532,6.255352768310281,0.6481273026785299,0.11600094866514299,1.1886375719578452e-09,0.026528580000496897
first_release,UNRATE,12,naive_drift,naive_last,high_volatility,98,98,0,1.0,3.020120379672841,2.9717376212909374,1.01628096573374,1.7743431878140197,1.7400898355526087,1.0196848183131493,1.0176425067655037,0.6020408163265306,0.673469387755102,3.4975097950190666,4.489005223282372,0.4842241208296723,0.1327289837120879,1.6569244984983771e-06,0.0283915160006771
first_release,UNRATE,12,naive_last,naive_last,high_volatility,98,98,0,1.0,2.9717376212909374,2.9717376212909374,1.0,1.7400898355526087,1.7400898355526087,1.0,1.0,0.6326530612244898,0.6632653061224489,3.4622975677764694,4.443810818897704,0.4980434295532411,0.1291300193271133,1.026777159717548e-06,0.0294972560001508
first_release,UNRATE,12,random_forest,naive_last,high_volatility,98,98,0,1.0,3.026422712750317,2.9717376212909374,1.018401722637823,1.9943849878695534,1.7400898355526087,1.1461390941555538,1.0694966712449152,0.35714285714285715,0.46938775510204084,3.2360898585944295,4.1534763673656325,0.5024648008555261,0.17744974647890666,6.160578141965785e-09,67.80273547900015
first_release,UNRATE,12,ridge,naive_last,high_volatility,98,98,0,1.0,2.573636859217988,2.9717376212909374,0.8660377150321863,1.4484060143879742,1.7400898355526087,0.8323742744741665,0.8525723388089783,0.4387755102040816,0.5306122448979592,2.3070723527011285,2.9610953074426654,0.3966109318943606,0.15407574080145464,5.4278761980617794e-09,2.6202172059987516
first_release,UNRATE,12,seasonal_naive,naive_last,high_volatility,98,98,0,1.0,2.9717376212909374,2.9717376212909374,1.0,1.7393391702298315,1.7400898355526087,0.9995686054205709,0.9998274421682284,0.5714285714285714,0.6632653061224489,3.585411901817495,4.601826355940135,0.5006589968172172,0.12690897012685481,1.8280804062229107e-06,0.026422770999767697
first_release,UNRATE,12,state_space,naive_last,high_volatility,98,98,0,1.0,14.168102254084687,2.9717376212909374,4.7676154693394475,3.586599856874244,1.7400898355526087,2.0611578687460295,3.68503242910208,0.5510204081632653,0.6326530612244898,6.075061107090754,7.797256516715864,0.4890021857470186,0.12311742538249955,0.0006384066340646265,26.625175947000315
first_release,UNRATE,12,var,naive_last,high_volatility,98,98,0,1.0,16449.870310703325,2.9717376212909374,5535.438321623233,1945.3930478061839,1.7400898355526087,1117.9842603864047,3768.4566971285017,0.6326530612244898,0.673469387755102,3098.6547368859237,3977.080298342309,0.5292521015594284,0.11155543448371334,5.548546972956926e-07,0.5021946369984629
first_release,UNRATE,12,arima,naive_last,normal_volatility,137,137,0,1.0,0.6374112604597711,0.573947783682593,1.1105736071842294,0.6250299359565312,0.4222866733019649,1.480108124344219,1.2583874140482252,0.9781021897810219,0.9781021897810219,5.728566302730733,7.3525352499370085,0.4209209338017794,0.01863697506826098,1.4793961289382304e-21,148.15874093800005
first_release,UNRATE,12,autoreg,naive_last,normal_volatility,137,137,0,1.0,0.5987188145529391,0.573947783682593,1.0431590321882749,1.401901382500823,0.4222866733019649,3.319785991679553,1.9538098159847863,0.9197080291970803,0.9562043795620438,13.838042105079827,17.760934759402467,0.44293313239726906,0.043489480270074,3.0157541260352407e-12,1.6398595009998544
first_release,UNRATE,12,bvar_niw,naive_last,normal_volatility,137,137,0,1.0,0.6742445847420421,0.573947783682593,1.1747489996666938,0.4772735996584106,0.4222866733019649,1.1302123174441883,1.1569343267776917,0.9416058394160584,0.9562043795620438,3.7258727896773487,4.782105953775065,0.49636360144826713,0.03604987108225311,5.018365656524433e-06,48.23655451300053
first_release,UNRATE,12,dynamic_factor,naive_last,normal_volatility,137,137,0,1.0,0.6015991711128155,0.573947783682593,1.0481775315043542,0.4209501261991244,0.4222866733019649,0.9968349768360207,1.027640509637021,0.9635036496350365,0.9635036496350365,3.207015450543884,4.116159768627691,0.3816365929835848,0.027938795676210652,1.1460412032892184e-19,942.4073661319995
first_release,UNRATE,12,elastic_net,naive_last,normal_volatility,137,137,0,1.0,1.4930457554847072,0.573947783682593,2.6013616533283757,0.7979739637453689,0.4222866733019649,1.8896498852445693,2.3166769460948533,0.583941605839416,0.656934306569343,2.3972996677147576,3.076900812535387,0.21789979656651579,0.04255594550402427,3.1487237508442268e-18,5.397972049001689
first_release,UNRATE,12,hist_gradient_boosting,naive_last,normal_volatility,137,137,0,1.0,1.9504171008154603,0.573947783682593,3.3982483359393685,1.0604916844914243,0.4222866733019649,2.5113074873975423,3.043471996522638,0.5912408759124088,0.6861313868613139,2.9050466281137988,3.7285869809581467,0.22843719713045474,0.06209486200145866,2.9807237191821102e-33,40.88090255400003
first_release,UNRATE,12,mean,naive_last,normal_volatility,137,137,0,1.0,1.608769827835481,0.573947783682593,2.802989877429633,0.9357788902956549,0.4222866733019649,2.2159801610090275,2.568185990861391,1.0,1.0,5.04850236366505,6.479682633775804,0.3075254993701534,0.0432472326171283,2.3012198666789116e-24,0.0375569289985053
first_release,UNRATE,12,naive_drift,naive_last,normal_volatility,137,137,0,1.0,0.6128451152498061,0.573947783682593,1.067771551128986,0.43853538569212736,0.4222866733019649,1.0384779189528046,1.0560540982585134,0.9562043795620438,0.9635036496350365,3.3262866711167187,4.269242722934557,0.43768599285287096,0.03704611295310879,6.291721087138409e-11,0.039388623000399095
first_release,UNRATE,12,naive_last,naive_last,normal_volatility,137,137,0,1.0,0.573947783682593,0.573947783682593,1.0,0.4222866733019649,0.4222866733019649,1.0,1.0,0.9562043795620438,0.9635036496350365,3.280325428904374,4.210252107196014,0.4316904589165169,0.034407064255299075,4.076050762198434e-12,0.0411857159989712
first_release,UNRATE,12,random_forest,naive_last,normal_volatility,137,137,0,1.0,1.821434990197504,0.573947783682593,3.1735203828312044,1.0105864658166634,0.4222866733019649,2.393128956485024,2.861363812292732,0.656934306569343,0.6861313868613139,3.0365707491978795,3.8973963628146002,0.22991818790836108,0.05772929869027856,7.173647376221996e-42,101.63341493200149
first_release,UNRATE,12,ridge,naive_last,normal_volatility,137,137,0,1.0,1.691053386249736,0.573947783682593,2.94635406621751,0.8792501300458553,0.4222866733019649,2.0821166890510163,2.6006591153509127,0.5766423357664233,0.635036496350365,2.3697799569799844,3.0415796461994,0.249517963707181,0.06244413529985494,7.382475772065607e-15,3.847469984998988
first_release,UNRATE,12,seasonal_naive,naive_last,normal_volatility,137,137,0,1.0,0.573947783682593,0.573947783682593,1.0,0.4293405830543984,0.4222866733019649,1.0167040785286383,1.0066816314114553,0.9635036496350365,0.9781021897810219,3.5110452055033563,4.50637773456162,0.4426071580774213,0.027740935777684522,1.2555794131741586e-11,0.036965044002209
first_release,UNRATE,12,state_space,naive_last,normal_volatility,137,137,0,1.0,0.5139496672359828,0.573947783682593,0.8954641551856037,0.7481395395358662,0.4222866733019649,1.7716389998433444,1.2459340930487,0.9781021897810219,0.9854014598540146,7.423921783021427,9.528500451573803,0.5443991062806544,0.01686964092700339,1.6093540856820352e-10,40.997192041000176
first_release,UNRATE,12,var,naive_last,normal_volatility,137,137,0,1.0,1.0620879873899893,0.573947783682593,1.8504958422791813,453.93414316190893,0.4222866733019649,1074.9430940182995,431.0875351126873,0.9562043795620438,0.9562043795620438,4977.492827849656,6388.542881248985,0.5492156741030958,0.03447240966184909,4.771024985894593e-08,0.707127865999958
first_release,UNRATE,12,arima,naive_last,recession,20,20,0,1.0,3.350417819231323,3.3177552652358187,1.0098447749711228,2.0484543803583355,2.11825551308309,0.9670478219961482,0.992725993781133,0.35,0.35,2.388571977370657,3.0656989432518036,0.8887050315003038,0.024515977193149366,6.094460081085421e-08,18.02314076899998
first_release,UNRATE,12,autoreg,naive_last,recession,20,20,0,1.0,3.1799396797705675,3.3177552652358187,0.9584611960655104,2.0146965092317073,2.11825551308309,0.9511111840796516,0.9555211912711669,0.15,0.2,1.1144272140323603,1.4303518440130674,0.9533915234912126,0.0127659485411227,3.264696934037655e-13,0.1932834139999775
first_release,UNRATE,12,bvar_niw,naive_last,recession,20,20,0,1.0,3.3745712706241062,3.3177552652358187,1.0171248331616314,2.1727751818768395,2.11825551308309,1.0257380039645911,1.0205701014828152,0.15,0.2,1.367601401961077,1.755297396311682,0.9629683609642086,0.005669313839406956,7.714731615522803e-14,7.0522376079999844
first_release,UNRATE,12,dynamic_factor,naive_last,recession,20,20,0,1.0,3.257659006731408,3.3177552652358187,0.9818864703089729,2.0323973509407707,2.11825551308309,0.9594675138990415,0.9729188877450003,0.25,0.25,1.1830630678968528,1.518445008738707,0.930499875148713,0.015763135128644284,4.710612060751947e-11,105.62662798900027
first_release,UNRATE,12,elastic_net,naive_last,recession,20,20,0,1.0,2.6128613611910634,3.3177552652358187,0.7875389087824557,1.114206189536878,2.11825551308309,0.5260017890453486,0.6829240608876128,0.4,0.4,1.3534988878642065,1.7371970154257088,0.5240098614137938,0.16940459691671347,0.06308588184941477,1.0156312409998511
first_release,UNRATE,12,hist_gradient_boosting,naive_last,recession,20,20,0,1.0,3.3335486168118633,3.3177552652358187,1.0047602521323773,2.1816264131007737,2.11825551308309,1.0299165514388056,1.0148227718549485,0.05,0.05,1.0517788527993202,1.3499435428824447,0.9780700412791423,0.008612675422234714,1.3634846327762628e-23,4.111873266000145
first_release,UNRATE,12,mean,naive_last,recession,20,20,0,1.0,2.76670696935856,3.3177552652358187,0.833909299564297,1.524680712720406,2.11825551308309,0.7197813027292707,0.7882581008302865,0.55,0.6,2.707305407661229,3.474788872162578,0.7119020689803023,0.09097981984163862,0.0060641499269005195,0.0055296130002478
first_release,UNRATE,12,naive_drift,naive_last,recession,20,20,0,1.0,3.3416276201945254,3.3177552652358187,1.007195333305276,2.1506709428176918,2.11825551308309,1.015302889351352,1.0104383557237067,0.2,0.25,1.1596209569218163,1.4883573850352456,0.9539244944226464,0.007889174861846749,5.296487079972898e-12,0.005704995000342001
first_release,UNRATE,12,naive_last,naive_last,recession,20,20,0,1.0,3.3177552652358187,3.3177552652358187,1.0,2.11825551308309,2.11825551308309,1.0,1.0,0.2,0.25,1.1567219356439942,1.4846365315076633,0.9475665371117374,0.00978145146782835,1.606909066838673e-11,0.0058999419999837995
first_release,UNRATE,12,random_forest,naive_last,recession,20,20,0,1.0,3.256176184383995,3.3177552652358187,0.9814395348876203,2.078616197752968,2.11825551308309,0.981286811206063,0.9813784454149973,0.05,0.15,1.2618835716169636,1.619610030036209,0.9656865161545551,0.014107739297583218,5.750211747704013e-20,9.564061351000106
first_release,UNRATE,12,ridge,naive_last,recession,20,20,0,1.0,2.6060016611756387,3.3177552652358187,0.7854713361416096,1.1028922012082336,2.11825551308309,0.5206606069930583,0.679547044482189,0.4,0.4,1.1734490350597901,1.5061055311813192,0.45586834784607844,0.18439171982231564,0.04643900527493505,0.5382475249998027
first_release,UNRATE,12,seasonal_naive,naive_last,recession,20,20,0,1.0,3.3177552652358187,3.3177552652358187,1.0,2.085405319956579,2.11825551308309,0.984491864686004,0.9937967458744016,0.25,0.35,1.4485286105504052,1.8591663440357222,0.9265846703147991,0.014798438853127106,8.283712832507619e-10,0.005397695999874099
first_release,UNRATE,12,state_space,naive_last,recession,20,20,0,1.0,3.1980530991137646,3.3177552652358187,0.9639207365967224,1.7823516443987693,2.11825551308309,0.8414242915410062,0.9149221585744358,0.35,0.4,2.547337191174566,3.269471889093519,0.8970622264977776,0.017991691972579004,1.9667743271488534e-08,4.6472454510002015
first_release,UNRATE,12,var,naive_last,recession,20,20,0,1.0,3.311589916150355,3.3177552652358187,0.9981417107072165,1.9976169868333424,2.11825551308309,0.9430481707685209,0.9761042947317382,0.2,0.2,1.073652569112079,1.3780181538300416,0.9443236245209132,0.012121060583559495,1.0689116507993397e-12,0.0964792009999078
latest,CPIAUCSL,1,arima,naive_last,all,237,237,0,1.0,0.42495787135118485,0.47092861877110304,0.9023827697287123,0.22931159254195987,0.24794468285109902,0.9248498088570462,0.9113695853800459,0.8649789029535865,0.9156118143459916,1.157912745258545,1.4861649191013928,0.5214540002247655,0.06561024682024968,0.045640503442218705,262.18349579600033
latest,CPIAUCSL,1,autoreg,naive_last,all,237,237,0,1.0,0.43852972657719963,0.47092861877110304,0.9312021166213068,0.2370655773776058,0.24794468285109902,0.95612285228949,0.9411704108885801,0.8438818565400844,0.890295358649789,1.1329172331050312,1.4540835265701877,0.5240902991913373,0.07046736484608063,0.06623446928320853,2.5257850190023445
latest,CPIAUCSL,1,bvar_niw,naive_last,all,237,237,0,1.0,0.44954268475716436,0.47092861877110304,0.9545877375859092,0.2406912162572153,0.24794468285109902,0.9707456255545527,0.9610508927733665,0.869198312236287,0.919831223628692,1.2397013488955835,1.5911394553999068,0.5127961662891197,0.06341747377553422,0.03077315495573807,18.673089449000038
latest,CPIAUCSL,1,dynamic_factor,naive_last,all,237,237,0,1.0,0.47173701025842135,0.47092861877110304,1.0017165902752476,0.24944506966805147,0.24794468285109902,1.0060512966025308,1.0034504728061608,0.8860759493670886,0.9071729957805907,1.2931460960977863,1.6597350458080775,0.5121020495259282,0.06101406428701588,0.015611229902447234,1544.844016895
latest,CPIAUCSL,1,elastic_net,naive_last,all,237,237,0,1.0,0.6706418292944687,0.47092861877110304,1.4240838262166375,0.36119497894367353,0.24794468285109902,1.4567563006002673,1.4371528159700895,0.8143459915611815,0.8987341772151899,1.6423130111876463,2.1078859295791497,0.4795299255155331,0.07688973161976428,0.33859560394550003,7.7370970599993605
latest,CPIAUCSL,1,hist_gradient_boosting,naive_last,all,237,237,0,1.0,0.8810093232795894,0.47092861877110304,1.8707916405220806,0.49004893182058734,0.24794468285109902,1.9764446092795702,1.9130528280250765,0.6582278481012658,0.7637130801687764,1.4704757890774243,1.8873352427145496,0.47483294624160766,0.10595341487998353,0.015204253913771554,74.66784815199925
latest,CPIAUCSL,1,mean,naive_last,all,237,237,0,1.0,1.936527862184836,0.47092861877110304,4.112147329755073,1.034696212837512,0.24794468285109902,4.173092969526955,4.136525585663826,0.7257383966244726,0.8016877637130801,3.692998290635319,4.739911991052607,0.46626463986704564,0.09146567029449683,0.004773365574129186,0.05803733899820689
latest,CPIAUCSL,1,naive_drift,naive_last,all,237,237,0,1.0,0.47184942783130257,0.47092861877110304,1.0019553049517407,0.24851886664295467,0.24794468285109902,1.002315773765556,1.0020994924772668,0.8818565400843882,0.9113924050632911,1.2645164913633897,1.6229893459457807,0.5101263012074275,0.06329713110788898,0.05076477819684089,0.06507427600108612
latest,CPIAUCSL,1,naive_last,naive_last,all,237,237,0,1.0,0.47092861877110304,0.47092861877110304,1.0,0.24794468285109902,0.24794468285109902,1.0,1.0,0.8776371308016878,0.9113924050632911,1.2630493698246115,1.621106315836717,0.5030018723888328,0.06321897638753113,0.05197484265929231,0.0658035599982605
latest,CPIAUCSL,1,random_forest,naive_last,all,237,237,0,1.0,0.8679371676118132,0.47092861877110304,1.8430333876856142,0.4752289255902506,0.24794468285109902,1.9166731874449798,1.8724893075893605,0.7088607594936709,0.8059071729957806,1.692486515641716,2.172282925374689,0.5032132935611658,0.09290542989005125,0.20381526098880176,187.68725787899922
latest,CPIAUCSL,1,ridge,naive_last,all,237,237,0,1.0,0.6431524556715288,0.47092861877110304,1.3657111291087958,0.34425573231373824,0.24794468285109902,1.388437648088134,1.374801736700531,0.8059071729957806,0.9071729957805907,1.5706935939102538,2.0159634026702857,0.4694774466229097,0.0739811669130306,0.045115576955689796,6.607562835000142
latest,CPIAUCSL,1,seasonal_naive,naive_last,all,237,237,0,1.0,2.3278037941484238,0.47092861877110304,4.943007711493243,1.2837867929747215,0.24794468285109902,5.177714553958345,5.036890448479284,0.7679324894514767,0.8270042194092827,5.104278882021783,6.55127102006037,0.5004350027001656,0.08856349901758806,0.35738814529508944,0.0613618939991501
latest,CPIAUCSL,1,state_space,naive_last,all,237,237,0,1.0,0.4808859797828048,0.47092861877110304,1.0211440983087536,0.2568762874914571,0.24794468285109902,1.0360225697831231,1.0270954868985016,0.8945147679324894,0.9493670886075949,1.404830834766236,1.8030808560064062,0.5151081442306238,0.05757763014738261,0.006481732709138703,54.53802562999921
latest,CPIAUCSL,1,var,naive_last,all,237,237,0,1.0,0.451014542324137,0.47092861877110304,0.9577131742408602,0.2433435429642006,0.24794468285109902,0.9814428773628447,0.967205055489654,0.8312236286919831,0.890295358649789,1.1427529867176152,1.4667075796621012,0.5152697742876027,0.07250974725420366,0.18371935139291729,1.1544416439996064
latest,CPIAUCSL,1,arima,naive_last,expansion,217,217,0,1.0,0.3943308893133656,0.42583930815075227,0.9260086651600694,0.21636388523488137,0.23058434751099058,0.9383285880867026,0.9309366343307227,0.8847926267281107,0.9262672811059908,1.1488773303002635,1.4745680895514048,0.5327192965307609,0.06191054130609871,0.017408682917934907,242.63657879700042
latest,CPIAUCSL,1,autoreg,naive_last,expansion,217,217,0,1.0,0.4024929249017936,0.42583930815075227,0.9451756030922966,0.2217085105978829,0.23058434751099058,0.9615072011222071,0.9517082423042609,0.8571428571428571,0.9032258064516129,1.1303064455042846,1.4507326169620651,0.5387644258966472,0.0654835859109072,0.0074234911862300105,2.348678817002483
latest,CPIAUCSL,1,bvar_niw,naive_last,expansion,217,217,0,1.0,0.41097315839913895,0.42583930815075227,0.9650897663342283,0.2249914926819315,0.23058434751099058,0.9757448634765093,0.9693518051911407,0.8894009216589862,0.9354838709677419,1.232661951933146,1.5821044872125005,0.5252663476418483,0.059132791640909774,0.00935614634991589,17.106100075000207
latest,CPIAUCSL,1,dynamic_factor,naive_last,expansion,217,217,0,1.0,0.427617409827289,0.42583930815075227,1.0041755226502183,0.23241174141630716,0.23058434751099058,1.0079250561672644,1.0056753360570367,0.9032258064516129,0.9262672811059908,1.285745613607601,1.6502366293631654,0.5259675122867586,0.05723341561780321,0.004379946326860139,1439.8660847689998
latest,CPIAUCSL,1,elastic_net,naive_last,expansion,217,217,0,1.0,0.604696309021259,0.42583930815075227,1.4200105472818145,0.3366107002640462,0.23058434751099058,1.4598159150763779,1.4359326943996398,0.8294930875576036,0.9124423963133641,1.6535243885815234,2.122275576679775,0.4962364547867302,0.07373417269992652,0.5252103218567896,7.259453063999349
latest,CPIAUCSL,1,hist_gradient_boosting,naive_last,expansion,217,217,0,1.0,0.84742826848326,0.42583930815075227,1.9900188927210547,0.4670959882472051,0.23058434751099058,2.025705531573176,2.004293548261903,0.6820276497695853,0.7926267281105991,1.4753375427885524,1.8935752360477058,0.4870576983726041,0.10137645765475317,0.020133527874325746,69.99059356999935
latest,CPIAUCSL,1,mean,naive_last,expansion,217,217,0,1.0,1.8867838709252562,0.42583930815075227,4.430741443571273,0.9781764202491829,0.23058434751099058,4.242163142502807,4.355310123143886,0.7788018433179723,0.8387096774193549,3.7671169490022125,4.835042259172372,0.464226753688596,0.08103883505323964,0.0008049014695372785,0.0531774499981061
latest,CPIAUCSL,1,naive_drift,naive_last,expansion,217,217,0,1.0,0.42795629480815756,0.42583930815075227,1.0049713274864138,0.23159146237180397,0.23058434751099058,1.0043676635976577,1.0047298619309113,0.8986175115207373,0.9308755760368663,1.257433811872858,1.613898825234985,0.5234467251205384,0.05977636302047015,0.022862451712193477,0.0595852010011582
latest,CPIAUCSL,1,naive_last,naive_last,expansion,217,217,0,1.0,0.42583930815075227,0.42583930815075227,1.0,0.23058434751099058,0.23058434751099058,1.0,1.0,0.8940092165898618,0.9308755760368663,1.256002300390999,1.6120615001391678,0.5163003407809651,0.05975696729094124,0.029521670455527227,0.060284915998312795
latest,CPIAUCSL,1,random_forest,naive_last,expansion,217,217,0,1.0,0.8065528763431102,0.42583930815075227,1.8940310603209527,0.43895018884952147,0.23058434751099058,1.9036426088227838,1.8978756797216851,0.7511520737327189,0.8294930875576036,1.6897024978234312,2.168709677189425,0.5162644195810557,0.08582155817004518,0.1807947630620087,176.27172022699904
latest,CPIAUCSL,1,ridge,naive_last,expansion,217,217,0,1.0,0.5912025830853649,0.42583930815075227,1.388323181466545,0.3236243843445361,0.23058434751099058,1.403496758725615,1.394392612370173,0.8248847926267281,0.9262672811059908,1.5841356570278746,2.033216103901495,0.4780193045999731,0.07134691168380998,0.05872759885336443,6.046540582000337
latest,CPIAUCSL,1,seasonal_naive,naive_last,expansion,217,217,0,1.0,2.219136691082269,0.42583930815075227,5.211206782950783,1.2044251834784936,0.23058434751099058,5.223360546713111,5.216068288455714,0.8064516129032258,0.8571428571428571,5.193731363682625,6.666082037311259,0.5034645442277044,0.08017637213416984,0.4360421881130878,0.0562217159994019
latest,CPIAUCSL,1,state_space,naive_last,expansion,217,217,0,1.0,0.435973882319846,0.42583930815075227,1.0237990574733555,0.23967682132624027,0.23058434751099058,1.0394323114877357,1.0300523590791077,0.9124423963133641,0.9631336405529954,1.3965969579948054,1.7925127895817021,0.5272284318028639,0.05361072637899416,0.0015784732617704917,49.811644908999185
latest,CPIAUCSL,1,var,naive_last,expansion,217,217,0,1.0,0.4276718969744699,0.42583930815075227,1.0043034750166109,0.23372837162766255,0.23058434751099058,1.013635028355609,1.0080360963522101,0.8387096774193549,0.9032258064516129,1.135123556250533,1.4569153116701208,0.5248159381661691,0.07046072286403181,0.12810889995471697,1.0621479779999876
latest,CPIAUCSL,1,arima,naive_last,high_volatility,102,102,0,1.0,0.5545343317154432,0.6226754577080489,0.8905671884942754,0.30645482749097075,0.33297409771185343,0.9203563568364056,0.9024828558311275,0.7647058823529411,0.8431372549019608,1.2004194877044492,1.540721732390701,0.5349535072627958,0.09169143052627378,0.553992583507193,102.37010760399951
latest,CPIAUCSL,1,autoreg,naive_last,high_volatility,102,102,0,1.0,0.5708282646745784,0.6226754577080489,0.9167348056011229,0.31817160440548775,0.33297409771185343,0.9555446102021564,0.9322587274415363,0.7156862745098039,0.7941176470588235,1.1347847447455148,1.4564804518112866,0.5495238717284316,0.09996489026502647,0.10893566334802585,1.0071833370007064
latest,CPIAUCSL,1,bvar_niw,naive_last,high_volatility,102,102,0,1.0,0.5985585452070553,0.6226754577080489,0.9612688886281734,0.3280916296807649,0.33297409771185343,0.9853367932681848,0.9708960504841779,0.7647058823529411,0.8431372549019608,1.2753341749578977,1.6368736925253722,0.5315420963538192,0.09227980814122733,0.2662820467981996,8.052979480999749
latest,CPIAUCSL,1,dynamic_factor,naive_last,high_volatility,102,102,0,1.0,0.627002651247078,0.6226754577080489,1.0069493561781875,0.33779519793935553,0.33297409771185343,1.0144789046974882,1.0099611755859077,0.7843137254901961,0.8235294117647058,1.3343605422165004,1.7126332147181638,0.5262411140951113,0.08699259113078837,0.6693272655695872,608.8144228520001
latest,CPIAUCSL,1,elastic_net,naive_last,high_volatility,102,102,0,1.0,0.8706016132390869,0.6226754577080489,1.3981627225900433,0.48009130504915676,0.33297409771185343,1.4418277828463837,1.4156287466925794,0.696078431372549,0.803921568627451,1.5684021409055147,2.013022354578918,0.5188026237793998,0.11166537697416337,0.023971340016485786,3.1619646909987815
latest,CPIAUCSL,1,hist_gradient_boosting,naive_last,high_volatility,102,102,0,1.0,1.0946994510064756,0.6226754577080489,1.7580578091769639,0.6595143016882041,0.33297409771185343,1.9806774947969963,1.8471056834249768,0.5,0.5980392156862745,1.4312318182113073,1.83696615141101,0.5726673450643468,0.13613550421422252,4.924513727267011e-05,28.303441373999604
latest,CPIAUCSL,1,mean,naive_last,high_volatility,102,102,0,1.0,2.476489068014423,0.6226754577080489,3.977174686039358,1.4408267221559554,0.33297409771185343,4.327143558784584,4.117162235137449,0.5294117647058824,0.6274509803921569,3.541648627155794,4.545656801011627,0.6139883513760761,0.1227364104410769,1.4732265701449065e-06,0.0250669309997084
latest,CPIAUCSL,1,naive_drift,naive_last,high_volatility,102,102,0,1.0,0.6241395874715425,0.6226754577080489,1.0023513529325259,0.33384465039472017,0.33297409771185343,1.002614475686995,1.0024566020343135,0.7647058823529411,0.8333333333333334,1.2944119590821361,1.6613597633590622,0.5084789975497612,0.08919644160272179,0.8234815550181044,0.027932679999191003
latest,CPIAUCSL,1,naive_last,naive_last,high_volatility,102,102,0,1.0,0.6226754577080489,0.6226754577080489,1.0,0.33297409771185343,0.33297409771185343,1.0,1.0,0.7549019607843137,0.8333333333333334,1.2930771938600554,1.659646610743361,0.5029742835131567,0.08920939399724839,0.8003198645668931,0.028162210999334993
latest,CPIAUCSL,1,random_forest,naive_last,high_volatility,102,102,0,1.0,1.1329892840991982,0.6226754577080489,1.8195502489684088,0.6693003292594818,0.33297409771185343,2.0100672510528903,1.8957570498022014,0.5098039215686274,0.6666666666666666,1.6746489071240735,2.1493886026995677,0.5443816838821202,0.13026323980658494,0.0013130563012985134,72.35753173199994
latest,CPIAUCSL,1,ridge,naive_last,high_volatility,102,102,0,1.0,0.8375452048515861,0.6226754577080489,1.3450750218009753,0.45778616633796126,0.33297409771185343,1.374840173706595,1.3569810825632231,0.6666666666666666,0.8137254901960784,1.488422320018731,1.910369365806945,0.4914698103990278,0.10673019955561691,0.15206369506134793,2.8920705349995286
latest,CPIAUCSL,1,seasonal_naive,naive_last,high_volatility,102,102,0,1.0,3.277240062673981,0.6226754577080489,5.2631591981108174,2.018074042172539,0.33297409771185343,6.060753842537399,5.58219705588145,0.49019607843137253,0.6274509803921569,4.831348224977379,6.2009683141720116,0.5376165660667847,0.15442073571143594,2.0987224672116627e-06,0.02636298399994
latest,CPIAUCSL,1,state_space,naive_last,high_volatility,102,102,0,1.0,0.6392507636794719,0.6226754577080489,1.0266194945797824,0.34511918661655594,0.33297409771185343,1.036474575614625,1.0305615269937194,0.7941176470588235,0.9117647058823529,1.4653460608475009,1.8807513078100822,0.5168326793835606,0.08284148910660039,0.8235645710483004,22.92064406600015
latest,CPIAUCSL,1,var,naive_last,high_volatility,102,102,0,1.0,0.5748083179970825,0.6226754577080489,0.9231266639492164,0.321318713160904,0.33297409771185343,0.9649961224280104,0.939874447340734,0.696078431372549,0.8137254901960784,1.176894665778925,1.5105279503315743,0.5160315098745091,0.10074048426250631,0.4344817705772085,0.48349849900004405
latest,CPIAUCSL,1,arima,naive_last,normal_volatility,135,135,0,1.0,0.29102360155171497,0.3104651235646101,0.9373793687687784,0.17102559280270724,0.1837002360674179,0.9310036637075465,0.9348290867442857,0.9407407407407408,0.9703703703703703,1.1257965398549727,1.4449442157272485,0.5112543726849202,0.046198143654882756,0.005178584896299411,159.81338819200084
latest,CPIAUCSL,1,autoreg,naive_last,normal_volatility,135,135,0,1.0,0.302347500686461,0.3104651235646101,0.9738533501446266,0.1757854680676506,0.1837002360674179,0.9569147641331143,0.9670779157400217,0.9407407407407408,0.9629629629629629,1.1315062243099991,1.4522725163880241,0.5048738221633107,0.04789561148446727,0.01480793187626536,1.5186016820016381
latest,CPIAUCSL,1,bvar_niw,naive_last,normal_volatility,135,135,0,1.0,0.2899709609484877,0.3104651235646101,0.9339888410626663,0.1746553483372001,0.1837002360674179,0.9507627865709528,0.9406984192659809,0.9481481481481482,0.9777777777777777,1.2127787692040575,1.5565846984606664,0.49863257468468,0.041666696943369635,0.0018312241621372973,10.620109968000289
latest,CPIAUCSL,1,dynamic_factor,naive_last,normal_volatility,135,135,0,1.0,0.30600761436232105,0.3104651235646101,0.9856424800598853,0.1826916394186217,0.1837002360674179,0.9945095517001621,0.989189308715996,0.9629629629629629,0.9703703703703703,1.2620062923636461,1.6197675404093461,0.5014192007403233,0.04162141557230905,0.004151402507265719,936.029594043
latest,CPIAUCSL,1,elastic_net,naive_last,normal_volatility,135,135,0,1.0,0.4657341360719785,0.3104651235646101,1.5001174068270369,0.27136219921953064,0.1837002360674179,1.4772011458925989,1.4909509024532617,0.9037037037037037,0.9703703703703703,1.6981567798452568,2.1795606306904345,0.44985722016061147,0.04919097791423696,0.00022943276740654755,4.575132369000579
latest,CPIAUCSL,1,hist_gradient_boosting,naive_last,normal_volatility,135,135,0,1.0,0.6761581438225059,0.3104651235646101,2.1778876031522825,0.36200843014283235,0.1837002360674179,1.970647604448235,2.0949916036706635,0.7777777777777778,0.8888888888888888,1.5001267892873789,1.9253918894772242,0.4009136226866494,0.07120426062874549,0.00021669778000438217,46.36440677799965
latest,CPIAUCSL,1,mean,naive_last,normal_volatility,135,135,0,1.0,1.396337568105359,0.3104651235646101,4.497566593224024,0.7278420502413547,0.1837002360674179,3.962118208570168,4.283387239362481,0.8740740740740741,0.9333333333333333,3.8073513697087376,4.886682579083568,0.35465116894911125,0.039416978512470835,1.0878107324189013e-12,0.0329704079984985
latest,CPIAUCSL,1,naive_drift,naive_last,normal_volatility,135,135,0,1.0,0.3106981773347987,0.3104651235646101,1.0007506600661382,0.1840504966971762,0.1837002360674179,1.0019066966774597,1.001213074710667,0.9703703703703703,0.9703703703703703,1.2419288046425592,1.59399836390019,0.5113709306376641,0.044244749422445155,0.007268461982079602,0.0371415960018951
latest,CPIAUCSL,1,naive_last,naive_last,normal_volatility,135,135,0,1.0,0.3104651235646101,0.3104651235646101,1.0,0.1837002360674179,0.1837002360674179,1.0,1.0,0.9703703703703703,0.9703703703703703,1.2403616805533875,1.5919869819072527,0.5030227173171213,0.044100966398801233,0.004423421921924875,0.0376413489989255
latest,CPIAUCSL,1,random_forest,naive_last,normal_volatility,135,135,0,1.0,0.5938065307600237,0.3104651235646101,1.9126352227336354,0.32859719837349827,0.1837002360674179,1.7887685144449312,1.8630885394181536,0.8592592592592593,0.9111111111111111,1.7059638198550457,2.189580858062558,0.4721082875408893,0.06317616071467572,0.006629131551253797,115.32972614699929
latest,CPIAUCSL,1,ridge,naive_last,normal_volatility,135,135,0,1.0,0.4429089304910585,0.3104651235646101,1.4265980197897683,0.258477182162103,0.1837002360674179,1.4070596080630078,1.418782655099064,0.9111111111111111,0.9777777777777777,1.6328541119616262,2.095745563855921,0.4528609939920649,0.049202963616032894,0.0005432659194236344,3.715492300000614
latest,CPIAUCSL,1,seasonal_naive,naive_last,normal_volatility,135,135,0,1.0,1.1823205736991205,0.3104651235646101,3.8082234813504607,0.7289919824697034,0.1837002360674179,3.9683780384591545,3.8722853041939382,0.9777777777777777,0.9777777777777777,5.310493156233109,6.815944175620463,0.4723422659342758,0.03773833886256507,0.0001834641786064329,0.0349989099992101
latest,CPIAUCSL,1,state_space,naive_last,normal_volatility,135,135,0,1.0,0.3118062930438629,0.3104651235646101,1.0043198716295543,0.19020387481916023,0.1837002360674179,1.035403540523244,1.0167533391870303,0.9703703703703703,0.9777777777777777,1.3591082195048358,1.744396514643629,0.5138051621150714,0.038961177364926755,0.0020627138387626677,31.61738156399906
latest,CPIAUCSL,1,var,naive_last,normal_volatility,135,135,0,1.0,0.32781969267424427,0.3104651235646101,1.0558986108016817,0.1844289699266915,0.1837002360674179,1.0039669729058278,1.03512595564334,0.9333333333333333,0.9481481481481482,1.116957051426848,1.4335988551562773,0.5146942407330513,0.05177169805700376,0.03443646897565314,0.6709431449995622
latest,CPIAUCSL,1,arima,naive_last,recession,20,20,0,1.0,0.6729346958086607,0.8127051682872329,0.8280182310478756,0.3697942168237617,0.4363043212912753,0.8475602894083837,0.835835054392079,0.65,0.8,1.255946997555898,1.6119905197187603,0.3992255353047146,0.09394771459159658,0.2180712121138766,19.546916998999933
latest,CPIAUCSL,1,autoreg,naive_last,recession,20,20,0,1.0,0.7219055253785572,0.8127051682872329,0.8882748056099669,0.4036897519375996,0.4363043212912753,0.9252481175131375,0.9030641303712352,0.7,0.75,1.161244278573133,1.4904408958183197,0.36487602443872497,0.10169122275783082,0.05998853543011884,0.17710620199986166
latest,CPIAUCSL,1,bvar_niw,naive_last,recession,20,20,0,1.0,0.7497978031308392,0.8127051682872329,0.9225950964616476,0.4110332170490447,0.4363043212912753,0.9420791795794302,0.9303887297087606,0.65,0.75,1.3160788059380302,1.689168860233267,0.3774946986120137,0.09441928403650036,0.19590434689744263,1.5669893739998308
latest,CPIAUCSL,1,dynamic_factor,naive_last,recession,20,20,0,1.0,0.8081179786765222,0.8127051682872329,0.9943556534525575,0.4342566811994769,0.4363043212912753,0.9953068535151377,0.9947361334775896,0.7,0.7,1.373441331116294,1.7627928642353745,0.36166177857091825,0.08118617980509472,0.08532306857473715,104.97793212600013
latest,CPIAUCSL,1,elastic_net,naive_last,recession,20,20,0,1.0,1.167165903053879,0.8127051682872329,1.4361492317240558,0.627934402617629,0.4363043212912753,1.439211971953911,1.4373743278159978,0.65,0.75,1.5206695664640772,1.9517582585373638,0.2982640829230434,0.07903593595590232,0.002144686680694785,0.47764399600001095
latest,CPIAUCSL,1,hist_gradient_boosting,naive_last,recession,20,20,0,1.0,1.185723975626144,0.8127051682872329,1.4589841702680986,0.7390883695917843,0.4363043212912753,1.693974442894347,1.5529802793185978,0.4,0.45,1.4177257613116818,1.8196313150498054,0.3421943856202968,0.1433369385496531,0.0007467976630538553,4.677254581999903
latest,CPIAUCSL,1,mean,naive_last,recession,20,20,0,1.0,2.4111546576240688,0.8127051682872329,2.966825795762503,1.6479359624208834,0.4363043212912753,3.7770333274346073,3.290908808431345,0.15,0.4,2.888810847354517,3.707748581953152,0.48837570490322346,0.21425424407285512,0.0032759453506200353,0.0048598890001008005
latest,CPIAUCSL,1,naive_drift,naive_last,recession,20,20,0,1.0,0.8069484517425622,0.8127051682872329,0.9929165990702349,0.4321812029849389,0.4363043212912753,0.9905499026593785,0.9919699205058923,0.7,0.7,1.3413635638356598,1.7216214956579154,0.3655997017501743,0.08264035045246737,0.09279108182964513,0.0054890749999279
latest,CPIAUCSL,1,naive_last,naive_last,recession,20,20,0,1.0,0.8127051682872329,0.8127051682872329,1.0,0.4363043212912753,0.4363043212912753,1.0,1.0,0.7,0.7,1.3395100731793084,1.7192425661551258,0.3587134903341963,0.08196918204910682,0.0736347840069278,0.0055186439999477
latest,CPIAUCSL,1,random_forest,naive_last,recession,20,20,0,1.0,1.366952102184166,0.8127051682872329,1.6819778629745916,0.8688532192271612,0.4363043212912753,1.9913926514771274,1.8057437783756058,0.25,0.55,1.722693108970109,2.2110526681847964,0.3616085762453618,0.15527499735718803,0.00019410049773002817,11.415537652000182
latest,CPIAUCSL,1,ridge,naive_last,recession,20,20,0,1.0,1.0532790941020809,0.8127051682872329,1.2960162371329011,0.5681058577795803,0.4363043212912753,1.302086250482756,1.298444242472843,0.6,0.7,1.4248472090840643,1.8287715943116627,0.37679828757177214,0.09794741542330386,0.1791814318713041,0.5610222529998047
latest,CPIAUCSL,1,seasonal_naive,naive_last,recession,20,20,0,1.0,3.2832432791809283,0.8127051682872329,4.03989467188984,2.144860256008794,0.4363043212912753,4.915972983400485,4.390325996494099,0.35,0.5,4.133719456001642,5.305571482888206,0.4675644771263703,0.18733096345763128,0.0037004703610450385,0.005140177999748201
latest,CPIAUCSL,1,state_space,naive_last,recession,20,20,0,1.0,0.823428020522495,0.8127051682872329,1.0131940249104854,0.4434904953840597,0.4363043212912753,1.0164705544779304,1.0145046367374635,0.7,0.8,1.4941683977362563,1.917744376714446,0.3836030240718178,0.08582390983626245,0.10665484660787616,4.726380721000027
latest,CPIAUCSL,1,var,naive_last,recession,20,20,0,1.0,0.6526538230073697,0.8127051682872329,0.8030634582807322,0.347668151965639,0.4363043212912753,0.7968478307450384,0.8005772072664548,0.75,0.75,1.2255323072854587,1.572953687375086,0.411693896205158,0.08728683772786183,0.44715898296716405,0.0922936659996187
latest,CPIAUCSL,3,arima,naive_last,all,237,237,0,1.0,1.0490498636460912,1.0574123610733532,0.992091545611616,0.5623492904006949,0.5553794535088299,1.0125496844505686,1.0002748011471971,0.8143459915611815,0.8818565400843882,2.479246103294285,3.182077923938979,0.530136065874171,0.07227307214853033,0.018840195909882704,266.4532932320003
latest,CPIAUCSL,3,autoreg,naive_last,all,237,237,0,1.0,1.1404696398667928,1.0574123610733532,1.078547671514952,0.6197037726812478,0.5553794535088299,1.1158204877152431,1.0934567979950685,0.7890295358649789,0.8354430379746836,2.6074879005354714,3.346674488751649,0.5356742320160299,0.07708398537957203,0.009490490856613337,2.608124426998858
latest,CPIAUCSL,3,bvar_niw,naive_last,all,237,237,0,1.0,1.0820947350070496,1.0574123610733532,1.0233422407778947,0.5798067117772832,0.5553794535088299,1.0439830067787428,1.031598547178234,0.8227848101265823,0.8860759493670886,2.6950506989785223,3.459060123850045,0.5172740821797419,0.06698576374301815,0.0030253729488392386,31.435084221999425
latest,CPIAUCSL,3,dynamic_factor,naive_last,all,237,237,0,1.0,1.044173617719295,1.0574123610733532,0.9874800561810911,0.5501873267245777,0.5553794535088299,0.9906512083739345,0.9887485170582284,0.8523206751054853,0.8945147679324894,2.631040756998464,3.376904252750071,0.5129561496097734,0.06376800300754298,0.0032407227857723596,1577.5679363790002
latest,CPIAUCSL,3,elastic_net,naive_last,all,237,237,0,1.0,1.2100705295914498,1.0574123610733532,1.1443695706026522,0.6499685627482323,0.5553794535088299,1.1703143835116663,1.1547474957662578,0.810126582278481,0.869198312236287,2.7915842830515194,3.582959637653547,0.4679404331967773,0.07683728241767288,0.00466270359021973,10.71834343399873
latest,CPIAUCSL,3,hist_gradient_boosting,naive_last,all,237,237,0,1.0,1.4025475844807465,1.0574123610733532,1.3263960552315228,0.8033811218239739,0.5553794535088299,1.446544550303932,1.3744554532604865,0.6582278481012658,0.7088607594936709,2.1415582590256794,2.7486602680629146,0.498048510199159,0.11908068810476014,0.005639146790844827,74.87642940900022
latest,CPIAUCSL,3,mean,naive_last,all,237,237,0,1.0,1.9454740886309052,1.0574123610733532,1.8398442842639955,1.0462702386485323,0.5553794535088299,1.8838835899281208,1.8574600065296456,0.729957805907173,0.7932489451476793,3.717456744657818,4.771304076935189,0.4628823400461679,0.09059895772502546,0.0014738976955859342,0.059080138999962
latest,CPIAUCSL,3,naive_drift,naive_last,all,237,237,0,1.0,1.063582547634131,1.0574123610733532,1.0058351753657528,0.5588582799751756,0.5553794535088299,1.006263873185021,1.00600665449346,0.8523206751054853,0.8987341772151899,2.6206045257314625,3.363509494932474,0.5134211580779006,0.0657116881580699,0.019872095581921875,0.06654994200214279
latest,CPIAUCSL,3,naive_last,naive_last,all,237,237,0,1.0,1.0574123610733532,1.0574123610733532,1.0,0.5553794535088299,0.5553794535088299,1.0,1.0,0.8481012658227848,0.8987341772151899,2.610076017067434,3.349996300358006,0.5030436756430746,0.06554703602986417,0.056013263721048756,0.0670412490000719
latest,CPIAUCSL,3,random_forest,naive_last,all,237,237,0,1.0,1.4527117546901207,1.0574123610733532,1.373836554374595,0.8129532450428526,0.5553794535088299,1.4637798354020808,1.4098138667855893,0.679324894514768,0.7468354430379747,2.4329200756208333,3.1226191111298744,0.5219693856928704,0.10631508612383314,0.019527313168240662,186.2638159079998
latest,CPIAUCSL,3,ridge,naive_last,all,237,237,0,1.0,1.197841028983637,1.0574123610733532,1.132804072545301,0.6449157698841338,0.5553794535088299,1.1612164724669283,1.1441690325139517,0.7848101265822784,0.8649789029535865,2.7281544858862965,3.5015483743621814,0.4679501935051557,0.07911674222476979,0.012112779022285912,6.519684225001658
latest,CPIAUCSL,3,seasonal_naive,naive_last,all,237,237,0,1.0,2.3266454007916493,1.0574123610733532,2.2003198434619478,1.2909520621663937,0.5553794535088299,2.3244505247903793,2.2499721159933204,0.7637130801687764,0.8227848101265823,5.140664935322627,6.597972013880236,0.49710435424224664,0.08767684092073151,0.3382265218619892,0.062499704997650694
latest,CPIAUCSL,3,state_space,naive_last,all,237,237,0,1.0,1.1051362639146738,1.0574123610733532,1.045132726453923,0.584946453079202,0.5553794535088299,1.0532374746375128,1.0483746257273587,0.8776371308016878,0.9113924050632911,2.9310625642270507,3.7619780734626733,0.5173774730059817,0.06135532650539311,0.0075498669892841395,56.1540052550007
latest,CPIAUCSL,3,var,naive_last,all,237,237,0,1.0,1.528536000805559,1.0574123610733532,1.4455439117942406,0.6585668226036856,0.5553794535088299,1.1857961587216246,1.3416448105651941,0.8227848101265823,0.8776371308016878,2.727427038013012,3.5006147051248617,0.5137885398788841,0.0715819422635899,0.018884156297919803,1.1308111150028313
latest,CPIAUCSL,3,arima,naive_last,expansion,217,217,0,1.0,0.9486170308774945,0.9367900337498763,1.0126250245001815,0.515220057739516,0.5076085423203841,1.014994852892621,1.0135729558571573,0.8433179723502304,0.8986175115207373,2.480413446552679,3.1835761927906496,0.5418214167305051,0.06543793877223386,0.0007745054827460685,247.03232652800048
latest,CPIAUCSL,3,autoreg,naive_last,expansion,217,217,0,1.0,1.0262517530294855,0.9367900337498763,1.0954981543959246,0.5625303917483883,0.5076085423203841,1.1081972521127106,1.100577793482639,0.8294930875576036,0.8663594470046083,2.6312285059409244,3.377145225908908,0.5521130811153627,0.06837557869035,0.0003836174271556897,2.4253372829988855
latest,CPIAUCSL,3,bvar_niw,naive_last,expansion,217,217,0,1.0,0.9657030501959863,0.9367900337498763,1.030863924043229,0.5256509050578733,0.5076085423203841,1.0355438516755722,1.0327358950961663,0.8571428571428571,0.9078341013824884,2.708498054194021,3.4763196174153457,0.5288861193272565,0.05922529807466776,7.132208920364212e-05,28.811288597999514
latest,CPIAUCSL,3,dynamic_factor,naive_last,expansion,217,217,0,1.0,0.9253938084682983,0.9367900337498763,0.987834813703173,0.50290574139445,0.5076085423203841,0.990735378674999,0.9889950396919034,0.8709677419354839,0.9124423963133641,2.635182320186847,3.38221989155448,0.5258962197601823,0.05871855071429835,0.00028217691892887947,1471.3512052550002
latest,CPIAUCSL,3,elastic_net,naive_last,expansion,217,217,0,1.0,1.0414397264830628,0.9367900337498763,1.1117109373103429,0.5807932670396556,0.5076085423203841,1.1441755183723443,1.1246967697351435,0.8341013824884793,0.8894009216589862,2.812526501265318,3.6098386837344876,0.47842636701689095,0.0720884414210328,0.006310014079510097,9.9586107259989
latest,CPIAUCSL,3,hist_gradient_boosting,naive_last,expansion,217,217,0,1.0,1.3564426988054383,0.9367900337498763,1.4479687549361884,0.7685011882209563,0.5076085423203841,1.5139642542420142,1.4743669546585187,0.6820276497695853,0.7373271889400922,2.1599916670666475,2.772319291147467,0.5076773198980532,0.1141033315752334,0.01051182873794653,70.22987092700006
latest,CPIAUCSL,3,mean,naive_last,expansion,217,217,0,1.0,1.8947502820581756,0.9367900337498763,2.0225986761128114,0.9871974856645006,0.5076085423203841,1.9448007733514803,1.991479515008279,0.783410138248848,0.8294930875576036,3.806215886951729,4.885225202742718,0.4601524218012991,0.07962800846497428,0.00020422782209127585,0.054055335999993695
latest,CPIAUCSL,3,naive_drift,naive_last,expansion,217,217,0,1.0,0.9464165420684237,0.9367900337498763,1.0102760575707808,0.5122885567109134,0.5076085423203841,1.0092197313487594,1.0098535270819722,0.8709677419354839,0.9170506912442397,2.6255077193773735,3.3698026758461057,0.5260011670487298,0.06113540552859795,0.0045019405830820656,0.0609663890021354
latest,CPIAUCSL,3,naive_last,naive_last,expansion,217,217,0,1.0,0.9367900337498763,0.9367900337498763,1.0,0.5076085423203841,0.5076085423203841,1.0,1.0,0.8663594470046083,0.9170506912442397,2.6152585912270814,3.35664806227897,0.5154739465965568,0.061011272176180624,0.012835503003722104,0.0614523019998673
latest,CPIAUCSL,3,random_forest,naive_last,expansion,217,217,0,1.0,1.379880488833101,0.9367900337498763,1.4729880113151697,0.7599717991829377,0.5076085423203841,1.4971611701192984,1.4826572748368212,0.7142857142857143,0.7788018433179723,2.4578598178217423,3.1546289237018463,0.5310449694491386,0.09851247827388507,0.03338844008977426,175.25299874400014
latest,CPIAUCSL,3,ridge,naive_last,expansion,217,217,0,1.0,1.0526458074877239,0.9367900337498763,1.1236731493332486,0.5823715120759083,0.5076085423203841,1.1472846958283387,1.1331177679312847,0.8110599078341014,0.8894009216589862,2.7574545632446004,3.5391546165209085,0.4725576213753948,0.07384788744529601,0.0044609112143823015,5.973557446001809
latest,CPIAUCSL,3,seasonal_naive,naive_last,expansion,217,217,0,1.0,2.218619168933913,0.9367900337498763,2.368320636432268,1.210843697517143,0.5076085423203841,2.3853887327863417,2.3751478749738975,0.8018433179723502,0.8525345622119815,5.242072641944428,6.728127396248188,0.49986638965845687,0.07918880429744155,0.45336271317579835,0.057274855997764204
latest,CPIAUCSL,3,state_space,naive_last,expansion,217,217,0,1.0,0.9887134505588997,0.9367900337498763,1.0554269526130409,0.5378355657222414,0.5076085423203841,1.0595479013487112,1.057075332107309,0.8940092165898618,0.9262672811059908,2.9389988115059706,3.772164136569362,0.5282996145585195,0.05642726040654658,0.00147776256819711,51.27210877200048
latest,CPIAUCSL,3,var,naive_last,expansion,217,217,0,1.0,1.4875882715325701,0.9367900337498763,1.587963383403967,0.6133926851855923,0.5076085423203841,1.208397089579397,1.436136865874139,0.847926267281106,0.9032258064516129,2.7451939597042028,3.523418302240438,0.5208511343766757,0.06470337083019358,0.0017177631109935249,1.0407328230025041
latest,CPIAUCSL,3,arima,naive_last,high_volatility,100,100,0,1.0,1.4591353653681043,1.4625882028172694,0.9976392278821105,0.8451650502376785,0.8093451762564308,1.044257845764807,1.016286675035189,0.64,0.76,2.506371568504269,3.2168930816220245,0.5553608322894613,0.11388107212941932,0.007928356789882128,102.05438256000016
latest,CPIAUCSL,3,autoreg,naive_last,high_volatility,100,100,0,1.0,1.5793341622207737,1.4625882028172694,1.079821483024836,0.9323821539408332,0.8093451762564308,1.152020400311152,1.1087010499393624,0.58,0.67,2.515181624252335,3.2282006657571127,0.5883726893767024,0.12090634174936167,0.00044272060931313984,1.0210686350002285
latest,CPIAUCSL,3,bvar_niw,naive_last,high_volatility,100,100,0,1.0,1.508718311797572,1.4625882028172694,1.0315400526897767,0.8656209255501102,0.8093451762564308,1.0695324454196156,1.0467370097817121,0.65,0.77,2.70105043688352,3.4667607040835056,0.5498741578289944,0.10714799639529408,0.08485445085790881,13.27842292199966
latest,CPIAUCSL,3,dynamic_factor,naive_last,high_volatility,100,100,0,1.0,1.4575892912035278,1.4625882028172694,0.9965821469063454,0.8125647409800218,0.8093451762564308,1.00397798716548,0.9995404830099992,0.7,0.78,2.6526155885787728,3.404595249296633,0.5382434963638904,0.10007761188546338,0.25396587550385824,608.6351164930009
latest,CPIAUCSL,3,elastic_net,naive_last,high_volatility,100,100,0,1.0,1.6423760108271248,1.4625882028172694,1.1229244210116998,0.9472735435589135,0.8093451762564308,1.1704197063859214,1.1419225351613884,0.62,0.72,2.656021372158401,3.4089665251970165,0.5227456000301782,0.12867574249439964,0.008482311888363452,4.479625568998496
latest,CPIAUCSL,3,hist_gradient_boosting,naive_last,high_volatility,100,100,0,1.0,1.7925363121587667,1.4625882028172694,1.2255919394850472,1.1490827605944502,0.8093451762564308,1.4197684675276028,1.3032625507020694,0.41,0.46,2.0366933665977274,2.6140676357510864,0.5864874021647313,0.1597358606284595,7.35613944207924e-08,28.004333340999864
latest,CPIAUCSL,3,mean,naive_last,high_volatility,100,100,0,1.0,2.511479068542997,1.4625882028172694,1.7171470846717696,1.479027141101856,0.8093451762564308,1.8274367778936944,1.7612629619605396,0.53,0.6,3.526251154996024,4.525894359445635,0.6075518211326324,0.12570435911586428,1.2081649529431441e-06,0.024896080000383597
latest,CPIAUCSL,3,naive_drift,naive_last,high_volatility,100,100,0,1.0,1.472739647789706,1.4625882028172694,1.0069407403621078,0.8155875956185688,0.8093451762564308,1.0077129258878292,1.0072496145723964,0.69,0.79,2.6139370330075264,3.3549518606674975,0.5217073748227938,0.10139245433059034,0.3468012917336019,0.028094320999964104
latest,CPIAUCSL,3,naive_last,naive_last,high_volatility,100,100,0,1.0,1.4625882028172694,1.4625882028172694,1.0,0.8093451762564308,0.8093451762564308,1.0,1.0,0.69,0.79,2.605062644891194,3.3435617068316508,0.5134865841625964,0.10121567792222706,0.5072007044297389,0.028369793999525494
latest,CPIAUCSL,3,random_forest,naive_last,high_volatility,100,100,0,1.0,1.9344405664987172,1.4625882028172694,1.3226146380591306,1.223805825487358,0.8093451762564308,1.5120938029778417,1.398406304026615,0.44,0.52,2.312017644348688,2.9674425205564545,0.5540399029536114,0.16099304555198682,8.298236475632715e-06,70.2287834870013
latest,CPIAUCSL,3,ridge,naive_last,high_volatility,100,100,0,1.0,1.6102021416255226,1.4625882028172694,1.1009265208921526,0.9258413266381728,0.8093451762564308,1.1439387714900418,1.1181314211313083,0.58,0.71,2.5508647094993786,3.2739994098478173,0.4906973134252231,0.13028041278292526,0.03777465111815891,2.784180365000192
latest,CPIAUCSL,3,seasonal_naive,naive_last,high_volatility,100,100,0,1.0,3.307220343764423,1.4625882028172694,2.261210870834308,2.0599337829377924,0.8093451762564308,2.545185717255858,2.374800809402928,0.47,0.61,4.835687219754547,6.206537353677271,0.5310133456149325,0.15646600351139373,4.693169615590021e-06,0.026192361000193495
latest,CPIAUCSL,3,state_space,naive_last,high_volatility,100,100,0,1.0,1.5373141623504019,1.4625882028172694,1.051091591870626,0.8502354496341327,0.8093451762564308,1.0505226627368522,1.0508640202171164,0.75,0.81,2.9681198073168504,3.809540530050346,0.5232076317638292,0.09661332811584465,0.6216451848253761,23.302258647000258
latest,CPIAUCSL,3,var,naive_last,high_volatility,100,100,0,1.0,1.530899135444531,1.4625882028172694,1.046705513209856,0.8756343722130125,0.8093451762564308,1.0819047273046067,1.0607851988477561,0.66,0.76,2.7926186363941357,3.5842872157962398,0.5389453713052932,0.11004572806619792,0.0758735205167483,0.46736006900115484
latest,CPIAUCSL,3,arima,naive_last,normal_volatility,137,137,0,1.0,0.5913749267335794,0.6106011667231108,0.9685126052203402,0.3559144292058165,0.3700030135470775,0.961923055149743,0.9658767851921013,0.9416058394160584,0.9708029197080292,2.4594464936519604,3.1566654000827405,0.5117238276148348,0.041706952656195666,0.000814095996780357,164.39891067200017
latest,CPIAUCSL,3,autoreg,naive_last,normal_volatility,137,137,0,1.0,0.6552950373339177,0.6106011667231108,1.0731965037843993,0.3914713776012582,0.3700030135470775,1.0580221329777066,1.0671267554617223,0.9416058394160584,0.9562043795620438,2.6748647445377607,3.433151731813354,0.49720820474546606,0.04221816136601109,0.0006182492286430317,1.5870557919986297
latest,CPIAUCSL,3,bvar_niw,naive_last,normal_volatility,137,137,0,1.0,0.6034395466505705,0.6106011667231108,0.9882711981849391,0.3711831980744897,0.3700030135470775,1.0031896619330156,0.9942385836841696,0.948905109489051,0.9708029197080292,2.690671328244948,3.453439262365767,0.4934784065233534,0.036890720767148104,0.0001433692231704458,18.15666129999976
latest,CPIAUCSL,3,dynamic_factor,naive_last,normal_volatility,137,137,0,1.0,0.5791013723827616,0.6106011667231108,0.9484118340136853,0.35867096595418074,0.3700030135470775,0.9693730937911539,0.9567963379246727,0.9635036496350365,0.9781021897810219,2.6152927047500634,3.3566918465117035,0.494498232271002,0.036992242403842204,0.00025537152956121276,968.9328198859994
latest,CPIAUCSL,3,elastic_net,naive_last,normal_volatility,137,137,0,1.0,0.7511172050152365,0.6106011667231108,1.2301273661926124,0.4329576278499248,0.3700030135470775,1.1701462204302757,1.2061349078876777,0.948905109489051,0.9781021897810219,2.8905353129005107,3.709961909519628,0.4279366617855357,0.035846310116512584,1.308669132802775e-09,6.238717865000234
latest,CPIAUCSL,3,hist_gradient_boosting,naive_last,normal_volatility,137,137,0,1.0,1.028404874241746,0.6106011667231108,1.684249769388496,0.5510441592177869,0.3700030135470775,1.4892964085214797,1.6062684250416894,0.8394160583941606,0.8905109489051095,2.218101976126374,2.846903065370818,0.4334945744578653,0.08041279834116478,0.08058418155323491,46.87209606800036
latest,CPIAUCSL,3,mean,naive_last,normal_volatility,137,137,0,1.0,1.3940995147868347,0.6106011667231108,2.2831589436169826,0.7303892879526752,0.3700030135470775,1.9740090248203987,2.159498976098349,0.8759124087591241,0.9343065693430657,3.8570228684985444,4.950435257584499,0.35728417866918655,0.03908833436649627,5.287004090581461e-13,0.034184058999578396
latest,CPIAUCSL,3,naive_drift,naive_last,normal_volatility,137,137,0,1.0,0.6113288745856027,0.6106011667231108,1.0011917891778643,0.3714646189216041,0.3700030135470775,1.0039502526223092,1.0022951745556423,0.9708029197080292,0.9781021897810219,2.6254713087416355,3.36975594330107,0.5073728246874675,0.040134025791469616,0.0008142739363603891,0.0384556210021787
latest,CPIAUCSL,3,naive_last,naive_last,normal_volatility,137,137,0,1.0,0.6106011667231108,0.6106011667231108,1.0,0.3700030135470775,0.3700030135470775,1.0,1.0,0.9635036496350365,0.9781021897810219,2.613735412816514,3.354693083953887,0.4954211146799201,0.03992560870757708,0.0004732618387384674,0.038671455000546404
latest,CPIAUCSL,3,random_forest,naive_last,normal_volatility,137,137,0,1.0,0.9588314103782624,0.6106011667231108,1.5703072031846663,0.5130608505578123,0.3700030135470775,1.3866396536592878,1.4968401833745149,0.8540145985401459,0.9124087591240876,2.5211700254545155,3.235886695490034,0.4985602490061984,0.06598619629135208,0.17337709450016622,116.0350324209985
latest,CPIAUCSL,3,ridge,naive_last,normal_volatility,137,137,0,1.0,0.7678674055355178,0.6106011667231108,1.2575596762390768,0.4398606189687771,0.3700030135470775,1.1888028012312695,1.230056926235954,0.9343065693430657,0.9781021897810219,2.8575630817891557,3.6676425090441995,0.45134645633722326,0.04179616494869304,3.5406893740725837e-07,3.735503860001466
latest,CPIAUCSL,3,seasonal_naive,naive_last,normal_volatility,137,137,0,1.0,1.1750957108463576,0.6106011667231108,1.9244897895506772,0.7296515360558841,0.3700030135470775,1.9720151170148417,1.9434999205363428,0.9781021897810219,0.9781021897810219,5.363276406540201,6.883690743955394,0.47235326564904506,0.03678448305232517,0.00011304615811100831,0.036307343997457206
latest,CPIAUCSL,3,state_space,naive_last,normal_volatility,137,137,0,1.0,0.6226902838470396,0.6106011667231108,1.019798712781384,0.391304849754435,0.3700030135470775,1.0575720613817303,1.0349080522215224,0.9708029197080292,0.9854014598540146,2.904013481679751,3.727260951865831,0.5131218826717865,0.03609748102914933,0.0005108682934725581,32.85174660800044
latest,CPIAUCSL,3,var,naive_last,normal_volatility,137,137,0,1.0,1.526808775770153,0.6106011667231108,2.5005009144742014,0.5001233557355637,0.3700030135470775,1.3516737362246654,2.040970043174387,0.9416058394160584,0.9635036496350365,2.6798419297056237,3.439539879817286,0.4954258892026731,0.04330389755993823,0.001646495524717347,0.663451046001676
latest,CPIAUCSL,3,arima,naive_last,recession,20,20,0,1.0,1.8103468483248366,1.930812724072948,0.9376087208012619,1.0737014647744876,1.0736938399034686,1.0000071015318666,0.9625680730935038,0.5,0.7,2.466580428940713,3.165821706898344,0.40335000908294394,0.1353013356405974,0.03153019861295647,19.420966703999852
latest,CPIAUCSL,3,autoreg,naive_last,recession,20,20,0,1.0,1.9964495926790702,1.930812724072948,1.0339944251391013,1.240034955802773,1.0736938399034686,1.1549241596787587,1.0823663189549642,0.35,0.5,2.3499023318863066,3.0160669905953905,0.35731271928826813,0.1435683056923938,0.0037871667465972925,0.18278714399997295
latest,CPIAUCSL,3,bvar_niw,naive_last,recession,20,20,0,1.0,1.9382956426891522,1.930812724072948,1.0038755279178082,1.1673972146828806,1.0736938399034686,1.0872719683181162,1.0372341040779314,0.45,0.65,2.549146894890362,3.2717946186665343,0.3912834791292094,0.14048647720137364,0.016237927795401008,2.6237956239999103
latest,CPIAUCSL,3,dynamic_factor,naive_last,recession,20,20,0,1.0,1.9048884724695831,1.930812724072948,0.9865733992322782,1.0631925275564644,1.0736938399034686,0.9902194536685166,0.9880318210067736,0.65,0.7,2.586104796404505,3.3192295717222238,0.3725563884778365,0.10186653904266553,0.1359895819271696,106.21673112400009
latest,CPIAUCSL,3,elastic_net,naive_last,recession,20,20,0,1.0,2.3629924669277313,1.930812724072948,1.2238330716731154,1.4005205211862894,1.0736938399034686,1.3043946692589803,1.2560577107074613,0.55,0.65,2.5643612154318114,3.2913219876753432,0.3541680512485438,0.11998694802057418,0.0386758623697403,0.75973270799983
latest,CPIAUCSL,3,hist_gradient_boosting,naive_last,recession,20,20,0,1.0,1.8295604757663517,1.930812724072948,0.9475597777846574,1.1818284014167164,1.0736938399034686,1.1007126589484482,1.0088209302501736,0.4,0.4,1.9415557817811693,2.4919598675955235,0.3935759249661567,0.16938491675412823,0.0011113469046202251,4.6465584820001595
latest,CPIAUCSL,3,mean,naive_last,recession,20,20,0,1.0,2.4286518049588564,1.930812724072948,1.2578391341008686,1.6872096085252715,1.0736938399034686,1.5714066206032826,1.3832661287018344,0.15,0.4,2.754420050768886,3.535259861923509,0.4925019530029934,0.2190810833053148,0.00348260395229949,0.0050248029999683
latest,CPIAUCSL,3,naive_drift,naive_last,recession,20,20,0,1.0,1.9200056017613472,1.930812724072948,0.9944028117399165,1.0641397773924202,1.0736938399034686,0.9911016882504352,0.9930823623441241,0.65,0.7,2.5674048746733398,3.295228482019568,0.37692806074440394,0.09977693741869896,0.08506680207468453,0.005583553000007399
latest,CPIAUCSL,3,naive_last,naive_last,recession,20,20,0,1.0,1.930812724072948,1.930812724072948,1.0,1.0736938399034686,1.0736938399034686,1.0,1.0,0.65,0.7,2.553845087435257,3.277824683515548,0.36817523579779415,0.09964982982420659,0.07648087245002244,0.005588947000204601
latest,CPIAUCSL,3,random_forest,naive_last,recession,20,20,0,1.0,2.0853633536341456,1.930812724072948,1.0800443396888235,1.3878019326229283,1.0736938399034686,1.2925490312468402,1.1650462163120303,0.3,0.4,2.1623238727409673,2.775312644723974,0.42349930193736124,0.1894665473851005,0.0006437369611391741,11.010817163999661
latest,CPIAUCSL,3,ridge,naive_last,recession,20,20,0,1.0,2.2316290960099923,1.930812724072948,1.1557977986091204,1.323520967103381,1.0736938399034686,1.2326800414747405,1.1865506957553684,0.5,0.6,2.4102486465486916,3.0935206469399925,0.4179596011130614,0.14030630154393386,0.08342406734871555,0.546126778999848
latest,CPIAUCSL,3,seasonal_naive,naive_last,recession,20,20,0,1.0,3.2773027777867196,1.930812724072948,1.697369577549407,2.160127818610767,1.0736938399034686,2.0118657091345287,1.8231680301834556,0.35,0.5,4.04039131847607,5.18578611518798,0.46713626997636537,0.18775450259747117,0.003942771118676025,0.005224848999886501
latest,CPIAUCSL,3,state_space,naive_last,recession,20,20,0,1.0,1.9662784645565794,1.930812724072948,1.0183682964388272,1.096099580902223,1.0736938399034686,1.020867904952094,1.0193681398441339,0.7,0.75,2.8449542812507715,3.6514592887550847,0.3988722371609477,0.10446380893645484,0.26044911504514967,4.881896483000219
latest,CPIAUCSL,3,var,naive_last,recession,20,20,0,1.0,1.9174030957173185,1.930812724072948,0.9930549306059354,1.1487062135899966,1.0736938399034686,1.0698638391119688,1.0237784940083487,0.55,0.6,2.5346559376636035,3.253195676420848,0.4371593895778455,0.1467971436348678,0.11637448107058734,0.090078292000327
latest,CPIAUCSL,6,arima,naive_last,all,237,237,0,1.0,1.6021664691311093,1.5735056815069282,1.0182146070147857,0.8735627149819039,0.8594284440057549,1.0164461289066369,1.0175072157715261,0.7679324894514767,0.8270042194092827,3.433346820134341,4.406652936575683,0.5325098513101315,0.08190504892075844,0.018644486186763894,148.75075323800064
latest,CPIAUCSL,6,autoreg,naive_last,all,237,237,0,1.0,1.7340266742719437,1.5735056815069282,1.102014879673829,0.9529628237730249,0.8594284440057549,1.1088332372748926,1.1047422227142545,0.7510548523206751,0.8016877637130801,3.6724227786100845,4.71350360726923,0.5399218485597119,0.0836289270217791,0.001505221260298169,1.9135169240013172
latest,CPIAUCSL,6,bvar_niw,naive_last,all,237,237,0,1.0,1.616385143161959,1.5735056815069282,1.0272509099642815,0.8795627871715835,0.8594284440057549,1.0234275969177649,1.0257215847456749,0.7721518987341772,0.8438818565400844,3.5748974400938494,4.588331190418464,0.5094347841367955,0.07771384472742646,0.0261848518748955,29.007398810000204
latest,CPIAUCSL,6,dynamic_factor,naive_last,all,237,237,0,1.0,1.547481636986158,1.5735056815069282,0.983461105462392,0.8373325028950748,0.8594284440057549,0.9742899583266152,0.9797926466080813,0.8143459915611815,0.8481012658227848,3.663583304245442,4.702158264748542,0.5080144934782473,0.07302384877914626,0.012553651371716913,1015.8901889529992
latest,CPIAUCSL,6,elastic_net,naive_last,all,237,237,0,1.0,1.8295185840511925,1.5735056815069282,1.162702242230917,1.021009537535071,0.8594284440057549,1.1880099438833958,1.1728253228919083,0.7468354430379747,0.8059071729957806,3.8836349497121923,4.984591494041825,0.46507195274982577,0.09048105494099484,0.00950973713796429,10.80561327399828
latest,CPIAUCSL,6,hist_gradient_boosting,naive_last,all,237,237,0,1.0,1.76146747179501,1.5735056815069282,1.1194541541839704,0.9942661663485618,0.8594284440057549,1.156892319870558,1.1344294204586054,0.6244725738396625,0.70042194092827,2.5217001195187487,3.23656706385571,0.506730360867541,0.12508477277984073,0.0006611446445092819,56.66405771500024
latest,CPIAUCSL,6,mean,naive_last,all,237,237,0,1.0,1.9571381923095312,1.5735056815069282,1.2438075154804669,1.0605150393673624,0.8594284440057549,1.233977123708348,1.2398753587716191,0.7215189873417721,0.7848101265822784,3.7534739196511477,4.817531620573006,0.45857362315569483,0.08904437441538211,0.0003953835628101147,0.0468767450000082
latest,CPIAUCSL,6,naive_drift,naive_last,all,237,237,0,1.0,1.5913663363978754,1.5735056815069282,1.0113508677476413,0.869515214341953,0.8594284440057549,1.0117366028626935,1.0115051617936621,0.7890295358649789,0.8481012658227848,3.706502753815641,4.757244781897231,0.5147505251659719,0.07843442726290352,0.04308311454952296,0.0451112320003392
latest,CPIAUCSL,6,naive_last,naive_last,all,237,237,0,1.0,1.5735056815069282,1.5735056815069282,1.0,0.8594284440057549,0.8594284440057549,1.0,1.0,0.7932489451476793,0.8523206751054853,3.6778462234779563,4.720464523397251,0.5007921704452081,0.07790937435221278,0.1470489329936191,0.0489779670005981
latest,CPIAUCSL,6,random_forest,naive_last,all,237,237,0,1.0,1.971293234453336,1.5735056815069282,1.2528033788638446,1.0967495049514748,0.8594284440057549,1.2761382435046922,1.2621373247201837,0.6413502109704642,0.6962025316455697,3.044309575750302,3.907329039162034,0.5496451769769986,0.10929110135622477,0.00033632201057657077,148.84081403500045
latest,CPIAUCSL,6,ridge,naive_last,all,237,237,0,1.0,1.8360271157129269,1.5735056815069282,1.1668385677226059,1.0381696836769487,0.8594284440057549,1.207976872208336,1.1832938895168978,0.7046413502109705,0.7890295358649789,3.844294982852249,4.934099193214093,0.47347190871924755,0.09607624173435098,0.08703570445614439,3.9328634960004254
latest,CPIAUCSL,6,seasonal_naive,naive_last,all,237,237,0,1.0,2.3272426158392245,1.5735056815069282,1.479017612196005,1.3014932151864278,0.8594284440057549,1.5143706544319502,1.4931588290903832,0.759493670886076,0.8227848101265823,5.195448221779143,6.668285600822038,0.4930997780384415,0.08748439017390065,0.3224248680959414,0.0416381890002976
latest,CPIAUCSL,6,state_space,naive_last,all,237,237,0,1.0,1.7400871504174915,1.5735056815069282,1.1058664553095419,0.9450298036677639,0.8594284440057549,1.0996026606508684,1.1033609374460727,0.8185654008438819,0.8565400843881856,4.304351863795039,5.524575807318306,0.5246958052205435,0.07180901565523008,0.004724571675079697,32.433855796999865
latest,CPIAUCSL,6,var,naive_last,all,237,237,0,1.0,8.373896413430492,1.5735056815069282,5.3218088195340405,1.560376470510492,0.8594284440057549,1.8155978911259347,3.9193244481707983,0.8523206751054853,0.9029535864978903,6.613963153520045,8.488929805152063,0.48088949402277165,0.06171494255936905,0.002928964556239241,0.7757923759997873
latest,CPIAUCSL,6,arima,naive_last,expansion,217,217,0,1.0,1.4811093335242287,1.3982746421149812,1.0592406448020502,0.7961866253341112,0.7774901350230711,1.0240472379890522,1.0451632820768508,0.815668202764977,0.8709677419354839,3.488186889595241,4.477039403714598,0.5370493984614838,0.07201787707771025,0.003190859622971367,138.03673737300056
latest,CPIAUCSL,6,autoreg,naive_last,expansion,217,217,0,1.0,1.6157830705446354,1.3982746421149812,1.1555548687492885,0.8772335413424747,0.7774901350230711,1.1282889670573684,1.1446485080725204,0.783410138248848,0.8294930875576036,3.7559644291068857,4.820728154853299,0.5488987307501899,0.07476368474211283,0.00012569170666589736,1.7809473160014484
latest,CPIAUCSL,6,bvar_niw,naive_last,expansion,217,217,0,1.0,1.4777672043594041,1.3982746421149812,1.0568504640291447,0.7954181647703464,0.7774901350230711,1.023058851732882,1.0433338191106396,0.815668202764977,0.8847926267281107,3.647806043890963,4.681908370311875,0.5137589606347146,0.06782662228268523,0.004564352389215753,26.566732287000256
latest,CPIAUCSL,6,dynamic_factor,naive_last,expansion,217,217,0,1.0,1.3773629610759146,1.3982746421149812,0.9850446540263104,0.7558204525920154,0.7774901350230711,0.9721286721786988,0.9798782612872656,0.8387096774193549,0.8755760368663594,3.7265120032607917,4.782926375527408,0.5157922139950503,0.06579182909992136,0.002974465448826587,947.8550560639992
latest,CPIAUCSL,6,elastic_net,naive_last,expansion,217,217,0,1.0,1.598395282531852,1.3982746421149812,1.143119695079484,0.9044079173862203,0.7774901350230711,1.1632403764960735,1.1511679676461197,0.7880184331797235,0.8294930875576036,3.9444328121400827,5.062624705669103,0.46719405385680757,0.08240245390857123,0.0112333922492635,10.392606181998236
latest,CPIAUCSL,6,hist_gradient_boosting,naive_last,expansion,217,217,0,1.0,1.7277067274965265,1.3982746421149812,1.2355989842476567,0.9523985379437631,0.7774901350230711,1.224965430481638,1.2313455627412493,0.663594470046083,0.7327188940092166,2.5610288136808537,3.2870448963324033,0.5091019254666259,0.11832985763320002,0.0020889864808868418,53.293247248000455
latest,CPIAUCSL,6,mean,naive_last,expansion,217,217,0,1.0,1.9064748546007912,1.3982746421149812,1.3634480646213567,0.9991906182728236,0.7774901350230711,1.2851489340674063,1.3321284123997765,0.7788018433179723,0.8294930875576036,3.8612105205423,4.955810050794366,0.45497561962495586,0.077251290871111,4.264608276908856e-05,0.0429760919999925
latest,CPIAUCSL,6,naive_drift,naive_last,expansion,217,217,0,1.0,1.4215725646425588,1.3982746421149812,1.0166619073434229,0.7889195850580285,0.7774901350230711,1.0147004437999954,1.0158773219260517,0.8110599078341014,0.8709677419354839,3.771680383184893,4.840899363535977,0.5226967494076383,0.07192976489822213,0.013820846939857813,0.041405344000156497
latest,CPIAUCSL,6,naive_last,naive_last,expansion,217,217,0,1.0,1.3982746421149812,1.3982746421149812,1.0,0.7774901350230711,0.7774901350230711,1.0,1.0,0.815668202764977,0.880184331797235,3.7428923480777185,4.8039503204916425,0.5083772377652509,0.07157193940435448,0.05382562077835851,0.044881331000556704
latest,CPIAUCSL,6,random_forest,naive_last,expansion,217,217,0,1.0,1.888492604855919,1.3982746421149812,1.3505877514873983,1.0188941753192777,0.7774901350230711,1.3104914511732593,1.3345492313617426,0.6866359447004609,0.7465437788018433,3.1050417671322217,3.985277962914321,0.5530932165586938,0.09952337220062367,0.004966538809928048,140.48364690500046
latest,CPIAUCSL,6,ridge,naive_last,expansion,217,217,0,1.0,1.6491526103039957,1.3982746421149812,1.17941966523082,0.9356795862989761,0.7774901350230711,1.2034616828562217,1.1890364722809807,0.7511520737327189,0.815668202764977,3.8960681414482385,5.00054932287326,0.473646224959353,0.08790851969523211,0.10154852762666733,3.6765634250004275
latest,CPIAUCSL,6,seasonal_naive,naive_last,expansion,217,217,0,1.0,2.2186734493373668,1.3982746421149812,1.58672222359799,1.2209622315318212,0.7774901350230711,1.5703893548380399,1.58018907609401,0.7972350230414746,0.8525345622119815,5.30638185632764,6.810667379319157,0.4957487317833612,0.07912586624212051,0.41199189917207824,0.0382091980001638
latest,CPIAUCSL,6,state_space,naive_last,expansion,217,217,0,1.0,1.5862835819678982,1.3982746421149812,1.1344578054913026,0.8677996470078333,0.7774901350230711,1.1161551869491984,1.127136758074461,0.847926267281106,0.880184331797235,4.384102948300873,5.626935216123671,0.5316989945210424,0.06525040230321325,0.0029053946310770174,29.613838280000092
latest,CPIAUCSL,6,var,naive_last,expansion,217,217,0,1.0,8.707777286500214,1.3982746421149812,6.22751569986933,1.5277027938195558,0.7774901350230711,1.964915984142002,4.5224758135783985,0.9032258064516129,0.9493087557603687,6.944947971899608,8.913744220439474,0.47976063457599655,0.04983474529461214,0.00018495103696997573,0.7137628109997427
latest,CPIAUCSL,6,arima,naive_last,high_volatility,97,97,0,1.0,2.2801360317899673,2.2595103162128245,1.0091284007110504,1.4130830864850523,1.362656085185383,1.0370064037785505,1.0202796019380505,0.4948453608247423,0.6082474226804123,3.335922185220823,4.281609771399707,0.5650831748489485,0.14790452418097852,1.3623579807018408e-05,55.620677547000184
latest,CPIAUCSL,6,autoreg,naive_last,high_volatility,97,97,0,1.0,2.44314455018357,2.2595103162128245,1.0812716953107502,1.5166264304043835,1.362656085185383,1.1129928137355756,1.0939601426806804,0.4639175257731959,0.5463917525773195,3.3670939807148415,4.321618337777711,0.6081320806025731,0.14427706974173002,3.8406374256255315e-07,0.7258957309998053
latest,CPIAUCSL,6,bvar_niw,naive_last,high_volatility,97,97,0,1.0,2.2881147753524327,2.2595103162128245,1.0126595833328844,1.4053511773285428,1.362656085185383,1.03133225808576,1.0201286532340346,0.5257731958762887,0.6494845360824743,3.4617723729721677,4.443136738664076,0.5512763109808998,0.13953714960454258,0.0004050304522597022,11.913046800999663
latest,CPIAUCSL,6,dynamic_factor,naive_last,high_volatility,97,97,0,1.0,2.227249811098799,2.2595103162128245,0.9857223466153066,1.3332784984090917,1.362656085185383,0.9784409381826562,0.9828097832422464,0.5979381443298969,0.6597938144329897,3.5543586066960784,4.56196988314378,0.5415465484017549,0.13183170263929603,0.0030513742352612943,378.9028591790003
latest,CPIAUCSL,6,elastic_net,naive_last,high_volatility,97,97,0,1.0,2.512150642615375,2.2595103162128245,1.1118119818217966,1.5674118468095442,1.362656085185383,1.1502622443404749,1.127192086829268,0.4536082474226804,0.5567010309278351,3.5208237049788966,4.518928302764196,0.5326422623984794,0.15992275580260676,8.328895133848671e-05,3.949151116999185
latest,CPIAUCSL,6,hist_gradient_boosting,naive_last,high_volatility,97,97,0,1.0,2.32677970616043,2.2595103162128245,1.0297716675444775,1.5101619368620463,1.362656085185383,1.108248774786483,1.0611625104412796,0.32989690721649484,0.3917525773195876,2.3344698831808004,2.996259657118951,0.5883287770873985,0.17599696179875957,1.1990278582272404e-09,20.348530694999795
latest,CPIAUCSL,6,mean,naive_last,high_volatility,97,97,0,1.0,2.5625685984531392,2.2595103162128245,1.1341256466349188,1.531978207389189,1.362656085185383,1.1242588823729287,1.1301789409301226,0.4948453608247423,0.5670103092783505,3.498751703191201,4.490599195164735,0.5991536739933048,0.12898747756783147,7.727648144682492e-07,0.0192353330006037
latest,CPIAUCSL,6,naive_drift,naive_last,high_volatility,97,97,0,1.0,2.2898551323994902,2.2595103162128245,1.0134298197131169,1.383248140101447,1.362656085185383,1.0151117036352297,1.014102573281962,0.5257731958762887,0.6288659793814433,3.5261657023388224,4.525784682147497,0.53116071899422,0.1390373028292085,0.002927701139419276,0.0182159699999665
latest,CPIAUCSL,6,naive_last,naive_last,high_volatility,97,97,0,1.0,2.2595103162128245,2.2595103162128245,1.0,1.362656085185383,1.362656085185383,1.0,1.0,0.5360824742268041,0.6391752577319587,3.505838832459139,4.499695427103002,0.5212253244186812,0.13790370839914565,0.008448519638362136,0.019864691999482702
latest,CPIAUCSL,6,random_forest,naive_last,high_volatility,97,97,0,1.0,2.5821782287446537,2.2595103162128245,1.1428043546500175,1.6853060278823653,1.362656085185383,1.236780172344871,1.180394681727959,0.30927835051546393,0.38144329896907214,2.7725280423871665,3.558501217551271,0.5640045611680076,0.17864618720032052,8.065560781364637e-10,53.5014375950002
latest,CPIAUCSL,6,ridge,naive_last,high_volatility,97,97,0,1.0,2.498476467992197,2.2595103162128245,1.1057601508011279,1.583966231694118,1.362656085185383,1.1624108598749088,1.12842043443064,0.3711340206185567,0.5154639175257731,3.4744423785268443,4.459398514741146,0.5243314360862348,0.16759365434410664,9.425064842468182e-06,1.4608600880001128
latest,CPIAUCSL,6,seasonal_naive,naive_last,high_volatility,97,97,0,1.0,3.3569773222294916,2.2595103162128245,1.4857101107890212,2.123281876781806,1.362656085185383,1.5581935162260279,1.514703472963824,0.44329896907216493,0.5979381443298969,4.833085571421466,6.203198174192205,0.5216000882655293,0.16223784482879608,1.1149348032629523e-05,0.0168683110003893
latest,CPIAUCSL,6,state_space,naive_last,high_volatility,97,97,0,1.0,2.5298187403574026,2.2595103162128245,1.1196314184560323,1.5055256380000992,1.362656085185383,1.104846376402656,1.1137174016346818,0.5567010309278351,0.6494845360824743,4.141243721419455,5.315228773000739,0.5356610807092981,0.13092541599744192,0.010578337678361242,12.913346415000202
latest,CPIAUCSL,6,var,naive_last,high_volatility,97,97,0,1.0,2.402822674494014,2.2595103162128245,1.0634262907555103,1.511134433332694,1.362656085185383,1.108962451906646,1.0816407552159646,0.6907216494845361,0.7731958762886598,7.652101602674781,9.821366079492924,0.5096852835933006,0.10361122981050193,0.15088615943412406,0.3109403899999228
latest,CPIAUCSL,6,arima,naive_last,normal_volatility,140,140,0,1.0,0.8621368436010672,0.8087492302804663,1.0660125677054266,0.4997521718690085,0.5107635783312983,0.9784412849125522,1.030984054588277,0.9571428571428572,0.9785714285714285,3.500848174324421,4.493289986733322,0.5099411914296654,0.03565848870701927,0.00010931578763884573,93.13007569100046
latest,CPIAUCSL,6,autoreg,naive_last,normal_volatility,140,140,0,1.0,0.9770013625872774,0.8087492302804663,1.20803992882746,0.5624244677498694,0.5107635783312983,1.1011444269134285,1.1652817280618475,0.95,0.9785714285714285,3.883972017151788,4.985024115416924,0.49266190207287225,0.03684771264600186,3.750755352743193e-05,1.1876211930015113
latest,CPIAUCSL,6,bvar_niw,naive_last,normal_volatility,140,140,0,1.0,0.8919064885808718,0.8087492302804663,1.1028220555728596,0.5152665454199762,0.5107635783312983,1.008816147587088,1.065219692378551,0.9428571428571428,0.9785714285714285,3.653276950885301,4.68893020341972,0.4804445833948089,0.03350662844179428,2.0472262488146555e-06,17.094352009000538
latest,CPIAUCSL,6,dynamic_factor,naive_last,normal_volatility,140,140,0,1.0,0.7854094239083826,0.8087492302804663,0.9711408610998126,0.4937127774317917,0.5107635783312983,0.9666170384442587,0.969331332037591,0.9642857142857143,0.9785714285714285,3.73926041611893,4.799288786288985,0.4847815697098171,0.03160539970743031,2.2738270079826484e-06,636.9873297739989
latest,CPIAUCSL,6,elastic_net,naive_last,normal_volatility,140,140,0,1.0,1.137397978280161,0.8087492302804663,1.4063666903098289,0.6424307946806148,0.5107635783312983,1.2577850534673654,1.3469340355728434,0.95,0.9785714285714285,4.135011312134548,5.307229562284181,0.4182553810646873,0.03777853367519514,1.508213077978712e-08,6.856462156999093
latest,CPIAUCSL,6,hist_gradient_boosting,naive_last,normal_volatility,140,140,0,1.0,1.2253491203573663,0.8087492302804663,1.5151162739684183,0.6368240967785049,0.5107635783312983,1.2468079632049245,1.4077929496630208,0.8285714285714286,0.9142857142857143,2.6514239261243273,3.4030657670947506,0.45019431534378257,0.08295652786263545,0.08997369798752752,36.315527020000445
latest,CPIAUCSL,6,mean,naive_last,normal_volatility,140,140,0,1.0,1.3908550774031168,0.8087492302804663,1.719760619643226,0.7338584158093829,0.5107635783312983,1.4367868950385063,1.6065711298013379,0.8785714285714286,0.9357142857142857,3.929960026769826,5.044049086748736,0.3611717307896365,0.03875172438230135,5.676293821673286e-13,0.0276414119994045
latest,CPIAUCSL,6,naive_drift,naive_last,normal_volatility,140,140,0,1.0,0.8087757608329746,0.8087492302804663,1.0000328044238127,0.5135716872085891,0.5107635783312983,1.0054978643670427,1.0022188284011047,0.9714285714285714,1.0,3.8314505680531528,4.9176135652952615,0.5033806051564,0.03682535027578579,0.00033858603389184965,0.026895262000372698
latest,CPIAUCSL,6,naive_last,naive_last,normal_volatility,140,140,0,1.0,0.8087492302804663,0.8087492302804663,1.0,0.5107635783312983,0.5107635783312983,1.0,1.0,0.9714285714285714,1.0,3.7970227729695663,4.873425968686838,0.4866349137635873,0.03654170932138763,4.51891203150209e-05,0.0291132750011154
latest,CPIAUCSL,6,random_forest,naive_last,normal_volatility,140,140,0,1.0,1.399540193763844,0.8087492302804663,1.7304995681770199,0.6889639140636437,0.5107635783312983,1.3488900604748264,1.5778557650961424,0.8714285714285714,0.9142857142857143,3.2326153524376178,4.1490168869923485,0.5396961750732282,0.0619338688036219,0.008433248686179767,95.33937644000025
latest,CPIAUCSL,6,ridge,naive_last,normal_volatility,140,140,0,1.0,1.1753863737855603,0.8087492302804663,1.4533384759796901,0.6600106468364814,0.5107635783312983,1.2922038196082504,1.3888846134311144,0.9357142857142857,0.9785714285714285,4.100550001563423,5.262998949013208,0.4382335219006921,0.044318338184639296,4.740066155459736e-06,2.472003408000312
latest,CPIAUCSL,6,seasonal_naive,naive_last,normal_volatility,140,140,0,1.0,1.1664476222562385,0.8087492302804663,1.4422859133377177,0.7321110710810589,0.5107635783312983,1.4333658509342404,1.4387178883763267,0.9785714285714285,0.9785714285714285,5.446513772384102,6.990524746415565,0.4733531345239593,0.035525919582797834,5.670937030097798e-05,0.024769877999908298
latest,CPIAUCSL,6,state_space,naive_last,normal_volatility,140,140,0,1.0,0.831585158637366,0.8087492302804663,1.0282361052127127,0.5566862613089315,0.5107635783312983,1.08990986226478,1.0529056080335395,1.0,1.0,4.417362505298121,5.669623395381191,0.5170984357747633,0.031354992380400626,5.878143796547086e-05,19.520509381999652
latest,CPIAUCSL,6,var,naive_last,normal_volatility,140,140,0,1.0,10.710112858138102,0.8087492302804663,13.2428105735865,1.5944941676979674,0.5107635783312983,3.1217851768274,9.194400414882859,0.9642857142857143,0.9928571428571429,5.894681513748548,7.565741815073037,0.4609381255346195,0.032243800218401876,9.057962838131854e-08,0.4648519859998645
latest,CPIAUCSL,6,arima,naive_last,recession,20,20,0,1.0,2.572300025419817,2.8506205659421773,0.9023649292902752,1.7130932876604557,1.7484590964678755,0.9797731563301288,0.9333282201062167,0.25,0.35,2.83833206648358,3.642959768118442,0.4832557647179601,0.1958283668749135,0.006332310534810093,10.714015865000079
latest,CPIAUCSL,6,autoreg,naive_last,recession,20,20,0,1.0,2.7026771555237707,2.8506205659421773,0.9481013319745314,1.774625538144495,1.7484590964678755,1.0149654296914805,0.974846971061311,0.4,0.5,2.7659958707197925,3.5501172659820774,0.44252267679302504,0.17790800430625134,0.0027688573991649923,0.13256960799986828
latest,CPIAUCSL,6,bvar_niw,naive_last,recession,20,20,0,1.0,2.6956113232847585,2.8506205659421773,0.9456226323105245,1.7925319402250064,1.7484590964678755,1.0252066770370345,0.9774562502011284,0.3,0.4,2.7838390888951716,3.573018788574955,0.46251746913437286,0.19167550940285916,0.003214769904723136,2.440666522999947
latest,CPIAUCSL,6,dynamic_factor,naive_last,recession,20,20,0,1.0,2.7916556747189554,2.8506205659421773,0.9793150684704567,1.7217382486832686,1.7484590964678755,0.9847174876217656,0.9814760361309802,0.55,0.55,2.9808069199289022,3.825824262797852,0.4236262258709352,0.1508967718364898,0.029252273984518018,68.03513288900001
latest,CPIAUCSL,6,elastic_net,naive_last,recession,20,20,0,1.0,3.455904527865029,2.8506205659421773,1.2123341033719075,2.2861371161501003,1.7484590964678755,1.307515354959351,1.2504066040068849,0.3,0.55,3.223978142369588,4.137931147885859,0.442047155739074,0.18647467775427276,0.002729291239812248,0.41300709200004226
latest,CPIAUCSL,6,hist_gradient_boosting,naive_last,recession,20,20,0,1.0,2.093051930556254,2.8506205659421773,0.734244310015516,1.4485299345406306,1.7484590964678755,0.8284608644645205,0.7719309317951178,0.2,0.35,2.0949837878599102,2.6888825814835946,0.4809988849674699,0.2076997091097239,0.004180115793535166,3.3708104669997847
latest,CPIAUCSL,6,mean,naive_last,recession,20,20,0,1.0,2.440124429654664,2.8506205659421773,0.8559976233975434,1.7258850082431105,1.7484590964678755,0.9870891528029637,0.9084342351597116,0.1,0.3,2.584531799982159,3.3172106526712533,0.497611961464213,0.22604760500689652,0.003862398888835439,0.0039006530000156997
latest,CPIAUCSL,6,naive_drift,naive_last,recession,20,20,0,1.0,2.8430742055818228,2.8506205659421773,0.9973527306823943,1.7439777920725343,1.7484590964678755,0.9974369978660673,0.9973864375558635,0.55,0.6,2.9993254751592655,3.8495925711168533,0.42853399214389265,0.14796462561092935,0.04927576399552036,0.0037058880001827
latest,CPIAUCSL,6,naive_last,naive_last,recession,20,20,0,1.0,2.8506205659421773,2.8506205659421773,1.0,1.7484590964678755,1.7484590964678755,1.0,1.0,0.55,0.55,2.972095771570543,3.8146436249231117,0.4184941900227429,0.14626997735332434,0.039534241880580745,0.0040966360000414
latest,CPIAUCSL,6,random_forest,naive_last,recession,20,20,0,1.0,2.7117481050471133,2.8506205659421773,0.9512834284035397,1.941479831460812,1.7484590964678755,1.1103947672455503,1.014927963940344,0.15,0.15,2.3853652992564767,3.061583216449711,0.5122339475156064,0.22447787447044334,0.001638662815568459,8.357167129999993
latest,CPIAUCSL,6,ridge,naive_last,recession,20,20,0,1.0,3.2307128465968855,2.8506205659421773,1.1333366794570505,2.150187240227953,1.7484590964678755,1.2297612478162188,1.1719065068007177,0.2,0.5,3.282556212085764,4.213115286412134,0.471580577514103,0.1939828767719607,0.00487567732434202,0.2563000709999972
latest,CPIAUCSL,6,seasonal_naive,naive_last,recession,20,20,0,1.0,3.2819256154383707,2.8506205659421773,1.1513021601854752,2.1752543878389115,1.7484590964678755,1.2440979558705265,1.1884204784594956,0.35,0.5,3.9918182869279235,5.12344330412829,0.4643586299060627,0.18616238007282124,0.003348000355935854,0.0034289910001338002
latest,CPIAUCSL,6,state_space,naive_last,recession,20,20,0,1.0,2.9289668336553003,2.8506205659421773,1.0274839340770798,1.7829770034280117,1.7484590964678755,1.0197419013289284,1.0243871209778193,0.5,0.6,3.4390525969067354,4.413976221780098,0.44871120131013004,0.14351183711629636,0.056423773981793435,2.8200175169997683
latest,CPIAUCSL,6,var,naive_last,recession,20,20,0,1.0,2.870878323693458,2.8506205659421773,1.0071064378028105,1.914885862607155,1.7484590964678755,1.095184821009244,1.042337791085384,0.3,0.4,3.0227778741017857,3.879693399283627,0.4931376190202822,0.19984971583282138,0.029416872360763846,0.062029565000044605
latest,CPIAUCSL,12,arima,naive_last,all,234,234,0,1.0,2.196274573062146,2.3281198985646827,0.943368326698371,1.178839959469985,1.3122243916988476,0.8983524212225785,0.925361964508054,0.7735042735042735,0.8034188034188035,4.232291852160954,5.4320877836747785,0.5442010986378641,0.07845706261084506,4.3759530253984105e-05,265.0362329919999
latest,CPIAUCSL,12,autoreg,naive_last,all,234,234,0,1.0,2.313516120372421,2.3281198985646827,0.9937272224676807,1.2633140926543711,1.3122243916988476,0.9627271834345682,0.9813272068544358,0.7478632478632479,0.7863247863247863,4.418658751929994,5.671287109921584,0.5464917054320073,0.08389537986590208,0.0007438266181437022,2.6787058229984413
latest,CPIAUCSL,12,bvar_niw,naive_last,all,234,234,0,1.0,2.1305812784896245,2.3281198985646827,0.915151010823436,1.147857970446394,1.3122243916988476,0.8747421383932213,0.8989874618513501,0.7735042735042735,0.8076923076923077,4.087465264894647,5.246204871313964,0.5274313412773834,0.08262850635896955,0.0012194399528991282,85.26558239700172
latest,CPIAUCSL,12,dynamic_factor,naive_last,all,234,234,0,1.0,2.1959745307670855,2.3281198985646827,0.9432394491885634,1.2178782139326052,1.3122243916988476,0.9281021002481908,0.9371845096124144,0.7735042735042735,0.8247863247863247,4.904351070113049,6.294666451513955,0.5137306682201516,0.07934086040055117,0.019345729045794437,1559.6960020839997
latest,CPIAUCSL,12,elastic_net,naive_last,all,234,234,0,1.0,2.4373800788656776,2.3281198985646827,1.0469306500787847,1.373292620222395,1.3122243916988476,1.0465379464898428,1.046773568643208,0.7649572649572649,0.8076923076923077,4.769720221491078,6.121869628031243,0.4975881384064444,0.09108093619044512,0.003509997220454736,14.929904070999177
latest,CPIAUCSL,12,hist_gradient_boosting,naive_last,all,234,234,0,1.0,2.128396765030667,2.3281198985646827,0.9142126942615165,1.165424759395091,1.3122243916988476,0.8881291696508513,0.9037792844172504,0.6452991452991453,0.6965811965811965,2.853705654717689,3.662691554997722,0.5656423666869794,0.10892757015636938,0.00018883190969721129,70.70274533400143
latest,CPIAUCSL,12,mean,naive_last,all,234,234,0,1.0,1.9827935373021426,2.3281198985646827,0.8516715734978089,1.0900654152091402,1.3122243916988476,0.8307004671646948,0.8432831309645632,0.7307692307692307,0.782051282051282,3.7746022362692586,4.844649521370005,0.4596845261941588,0.08798324379595046,0.0012046055369127448,0.0626923039999411
latest,CPIAUCSL,12,naive_drift,naive_last,all,234,234,0,1.0,2.3805248385384816,2.3281198985646827,1.0225095537416726,1.3459612627495543,1.3122243916988476,1.0257096814112943,1.0237896048095214,0.7307692307692307,0.7905982905982906,5.101512340924843,6.54772020300411,0.5194958281189874,0.09097689073275161,0.1950361174798676,0.0668057809990357
latest,CPIAUCSL,12,naive_last,naive_last,all,234,234,0,1.0,2.3281198985646827,2.3281198985646827,1.0,1.3122243916988476,1.3122243916988476,1.0,1.0,0.7350427350427351,0.7948717948717948,5.018997859318199,6.441814012417831,0.5002186092176666,0.09019316433467381,0.27607223419293103,0.0680395439998196
latest,CPIAUCSL,12,random_forest,naive_last,all,234,234,0,1.0,2.267840878479543,2.3281198985646827,0.9741082836316538,1.2768137490988458,1.3122243916988476,0.9730147962314906,0.9736708886715885,0.6025641025641025,0.6752136752136753,3.2019885230760528,4.109707777072932,0.5630774134901495,0.11552051142888974,0.0002723167602193217,174.28711912499912
latest,CPIAUCSL,12,ridge,naive_last,all,234,234,0,1.0,2.567102479473051,2.3281198985646827,1.1026504610246681,1.45490062782911,1.3122243916988476,1.1087285353273681,1.1050816907457481,0.7136752136752137,0.7905982905982906,4.949431502066745,6.3525265595245655,0.49751661362731336,0.09586247671925908,0.0026411275269453876,6.174703599001008
latest,CPIAUCSL,12,seasonal_naive,naive_last,all,234,234,0,1.0,2.3281198985646827,2.3281198985646827,1.0,1.3186101432387531,1.3122243916988476,1.0048663563795202,1.0019465425518082,0.7307692307692307,0.7905982905982906,5.202252396205694,6.6770186641531035,0.5017316037268958,0.08858235809106242,0.2656981470401385,0.062480187999400104
latest,CPIAUCSL,12,state_space,naive_last,all,234,234,0,1.0,2.840360322957504,2.3281198985646827,1.2200232147444916,1.5723042792807422,1.3122243916988476,1.1981977238246477,1.211293018376554,0.7606837606837606,0.8162393162393162,6.37512110872223,8.182379359413858,0.5361833186307164,0.08202634572753427,0.006946607259577567,56.34927792099808
latest,CPIAUCSL,12,var,naive_last,all,234,234,0,1.0,379.371276956711,2.3281198985646827,162.95177803797753,39.064209416609884,1.3122243916988476,29.769458382065366,109.67885017561267,0.8205128205128205,0.8547008547008547,150.80686893812677,193.55852078933802,0.4559186162069104,0.06111295661943099,1.2381750749250364e-11,1.1677971590014837
latest,CPIAUCSL,12,arima,naive_last,expansion,214,214,0,1.0,2.14370452818546,2.218611795689354,0.9662368749461104,1.1107464380338747,1.226177962559524,0.9058607086000001,0.9420864084076663,0.8317757009345794,0.8457943925233645,4.348319068983147,5.581007104243801,0.5467962241904295,0.06657955620954092,4.869315333590503e-06,246.24333929199986
latest,CPIAUCSL,12,autoreg,naive_last,expansion,214,214,0,1.0,2.250254157322106,2.218611795689354,1.0142622344721286,1.1847691859438603,1.226177962559524,0.9662293909366737,0.9950490970579466,0.8037383177570093,0.8457943925233645,4.559563439308649,5.8521363182722075,0.5483629147635046,0.07182300819256944,0.00031059009128787,2.4899830399984966
latest,CPIAUCSL,12,bvar_niw,naive_last,expansion,214,214,0,1.0,2.0679421307917663,2.218611795689354,0.9320883152292208,1.0732547674024844,1.226177962559524,0.8752846651738646,0.9093668552070783,0.8317757009345794,0.8598130841121495,4.230159945601276,5.429351511228716,0.5292320505876746,0.0701787715995219,0.000186801088588831,77.99938274400198
latest,CPIAUCSL,12,dynamic_factor,naive_last,expansion,214,214,0,1.0,2.084204643538223,2.218611795689354,0.9394183550216955,1.1320512864378607,1.226177962559524,0.9232357137415982,0.9329452985096565,0.8130841121495327,0.8644859813084113,5.030616607877046,6.456726514748188,0.5177788000075347,0.06929658968031634,0.003967172197781671,1456.3782551189995
latest,CPIAUCSL,12,elastic_net,naive_last,expansion,214,214,0,1.0,2.203404646095748,2.218611795689354,0.9931456464699445,1.2007771554893012,1.226177962559524,0.9792845672929881,0.987601214799162,0.8130841121495327,0.8551401869158879,4.975674379845572,6.386208928503454,0.48464291890740746,0.08134358158542537,0.07408574508203125,13.859899049999077
latest,CPIAUCSL,12,hist_gradient_boosting,naive_last,expansion,214,214,0,1.0,2.106841322004311,2.218611795689354,0.949621437196806,1.0988140916996063,1.226177962559524,0.8961293753852351,0.9282246124721776,0.6915887850467289,0.7476635514018691,2.981484536287593,3.8266939739786108,0.5655479764527874,0.09863731263261755,0.001879765504832873,66.37824296000153
latest,CPIAUCSL,12,mean,naive_last,expansion,214,214,0,1.0,1.9363509449857532,2.218611795689354,0.8727759172415748,1.0227665049455208,1.226177962559524,0.8341093513135711,0.8573092908703733,0.794392523364486,0.8364485981308412,3.9288683123161166,5.042647886416999,0.4557524837086873,0.07525752405525861,0.00013083956776596974,0.057317108000152696
latest,CPIAUCSL,12,naive_drift,naive_last,expansion,214,214,0,1.0,2.2770413946704786,2.218611795689354,1.0263361076032544,1.2593770231818402,1.226177962559524,1.0270752383716117,1.0266317599105974,0.780373831775701,0.8364485981308412,5.248484874201651,6.7363574072510355,0.5219129039562855,0.08088876415105344,0.07155885023952813,0.0610714739992808
latest,CPIAUCSL,12,naive_last,naive_last,expansion,214,214,0,1.0,2.218611795689354,2.218611795689354,1.0,1.226177962559524,1.226177962559524,1.0,1.0,0.7757009345794392,0.8364485981308412,5.159619862102809,6.6223003990199585,0.5020013418314861,0.08060350725481909,0.3117875181445895,0.06229496700013171
latest,CPIAUCSL,12,random_forest,naive_last,expansion,214,214,0,1.0,2.247481752980964,2.218611795689354,1.0130126222837643,1.2106446144974645,1.226177962559524,0.9873318975414995,1.0027403323868584,0.6495327102803738,0.7289719626168224,3.35214124564723,4.302426710089789,0.5636531942943953,0.10546881927242177,0.005252930463844293,164.64057661699914
latest,CPIAUCSL,12,ridge,naive_last,expansion,214,214,0,1.0,2.2868511648131764,2.218611795689354,1.0307576878732945,1.2643912391050898,1.226177962559524,1.0311645435755503,1.0309204301541968,0.7523364485981309,0.8317757009345794,5.153415302331922,6.614336932767672,0.48123519538440457,0.08712461959913746,0.0223349933934472,5.5969887540008365
latest,CPIAUCSL,12,seasonal_naive,naive_last,expansion,214,214,0,1.0,2.218611795689354,2.218611795689354,1.0,1.2315216925634842,1.226177962559524,1.004358037876334,1.0017432151505337,0.7757009345794392,0.8364485981308412,5.369553440189389,6.8917472294234425,0.5031125816399322,0.0784482785622981,0.202983184285903,0.056967276999390304
latest,CPIAUCSL,12,state_space,naive_last,expansion,214,214,0,1.0,2.795298065092842,2.218611795689354,1.25993112924215,1.5210572947613619,1.226177962559524,1.240486569817571,1.2521533054723184,0.7897196261682243,0.8457943925233645,6.535413579294539,8.388112518096266,0.543988027173256,0.07413230741829896,0.0005861360420875852,51.15883280099811
latest,CPIAUCSL,12,var,naive_last,expansion,214,214,0,1.0,396.7020920534411,2.218611795689354,178.80644681697464,42.536834929672935,1.226177962559524,34.69058833913598,121.16010342583917,0.8785046728971962,0.9018691588785047,164.60407121084015,211.26703819137612,0.4509934344028638,0.04749082388175428,5.251986156766711e-13,1.074531649001248
latest,CPIAUCSL,12,arima,naive_last,high_volatility,91,91,0,1.0,3.1688212870387376,3.432485674144776,0.9231855826545491,2.001335181403999,2.230428547378427,0.8972872875736384,0.9128262646221849,0.45054945054945056,0.5274725274725275,3.9727133707081923,5.098922409627041,0.5883498734105799,0.1449470742442532,4.68985145171675e-06,93.30939507299966
latest,CPIAUCSL,12,autoreg,naive_last,high_volatility,91,91,0,1.0,3.2737052742988877,3.432485674144776,0.9537418608788661,2.080907850285098,2.230428547378427,0.9329632427503358,0.9454304136274541,0.43956043956043955,0.4835164835164835,3.9676842165001074,5.092467560082106,0.6153851941006008,0.14453168564045285,9.126333087973825e-10,0.9706578139993767
latest,CPIAUCSL,12,bvar_niw,naive_last,high_volatility,91,91,0,1.0,3.0330994832459135,3.432485674144776,0.8836451980244981,1.9164077642925763,2.230428547378427,0.8592105613717416,0.8738713433633954,0.45054945054945056,0.5384615384615384,3.77324412388108,4.842906402991031,0.5719354448038512,0.15180129180798693,1.1964815632879842e-06,33.19936135700051
latest,CPIAUCSL,12,dynamic_factor,naive_last,high_volatility,91,91,0,1.0,3.209882913763644,3.432485674144776,0.9351482332299627,2.052330386360195,2.230428547378427,0.920150698740131,0.9291492194340301,0.45054945054945056,0.5824175824175825,4.567395151478636,5.86218821201912,0.5624832621155517,0.15549623425420564,8.637247812191783e-06,555.508344084
latest,CPIAUCSL,12,elastic_net,naive_last,high_volatility,91,91,0,1.0,3.3140665952658894,3.432485674144776,0.965500488532005,2.1053306918297907,2.230428547378427,0.9439130853594606,0.9568655272629872,0.5164835164835165,0.5384615384615384,4.2421468124976505,5.444736488330209,0.5871940822720716,0.1371220868216505,3.3676103116114658e-09,5.550963640000158
latest,CPIAUCSL,12,hist_gradient_boosting,naive_last,high_volatility,91,91,0,1.0,2.8529304336757626,3.432485674144776,0.8311558166623921,1.8442534737433092,2.230428547378427,0.826860594082238,0.8294377276303304,0.34065934065934067,0.38461538461538464,2.4605993552399172,3.158145081911632,0.5890429634193665,0.1659913369677752,1.2685997781664173e-10,24.28812614800134
latest,CPIAUCSL,12,mean,naive_last,high_volatility,91,91,0,1.0,2.6488769385335504,3.432485674144776,0.7717080827128386,1.6282831060001866,2.230428547378427,0.7300315035485075,0.7550374510471063,0.4945054945054945,0.5494505494505495,3.354765493593735,4.305794895864658,0.6018354865841945,0.13035513273612795,4.7007774281129345e-07,0.0242684739997781
latest,CPIAUCSL,12,naive_drift,naive_last,high_volatility,91,91,0,1.0,3.518941531218932,3.432485674144776,1.025187536171057,2.302924020175935,2.230428547378427,1.0325029344171177,1.0281136954694814,0.34065934065934067,0.4945054945054945,4.61491904400384,5.923184467720869,0.546952700057401,0.17519605136383154,2.4514296855264273e-07,0.026169020999968096
latest,CPIAUCSL,12,naive_last,naive_last,high_volatility,91,91,0,1.0,3.432485674144776,3.432485674144776,1.0,2.230428547378427,2.230428547378427,1.0,1.0,0.3516483516483517,0.5054945054945055,4.558187690632311,5.850370563962441,0.5351873994595749,0.17233625828228438,2.6844849101614466e-06,0.0265147499992608
latest,CPIAUCSL,12,random_forest,naive_last,high_volatility,91,91,0,1.0,3.066786187394508,3.432485674144776,0.8934592824363691,2.0384220303487823,2.230428547378427,0.9139149661371925,0.9016415559166985,0.26373626373626374,0.31868131868131866,2.6954541944728407,3.459578004710349,0.5354515547082745,0.1894103824073813,1.398542077764087e-09,59.366698218999915
latest,CPIAUCSL,12,ridge,naive_last,high_volatility,91,91,0,1.0,3.4395694400488765,3.432485674144776,1.0020637423070573,2.179988498438049,2.230428547378427,0.9773854898872848,0.9921924413391483,0.46153846153846156,0.5384615384615384,4.455489928351384,5.718559413081597,0.5982431270875764,0.13819055849376818,2.168577644053427e-09,2.3554118320009207
latest,CPIAUCSL,12,seasonal_naive,naive_last,high_volatility,91,91,0,1.0,3.432485674144776,3.432485674144776,1.0,2.2241067424370833,2.230428547378427,0.9971656545784557,0.9988662618313823,0.34065934065934067,0.4945054945054945,4.632288125882477,5.9454774429651,0.5370351268061848,0.17195547824350194,5.347733659726132e-06,0.024325617001276303
latest,CPIAUCSL,12,state_space,naive_last,high_volatility,91,91,0,1.0,4.157288272716503,3.432485674144776,1.2111596864136414,2.5962360042343713,2.230428547378427,1.164007700352429,1.1922988919891564,0.45054945054945056,0.5604395604395604,5.702485257548737,7.319060590847453,0.527423680584445,0.1598848783501992,0.00016448963133026156,22.075418685998727
latest,CPIAUCSL,12,var,naive_last,high_volatility,91,91,0,1.0,608.3450929274582,3.432485674144776,177.2316480473093,79.38849741707783,2.230428547378427,35.593382944451854,120.57634200616633,0.5714285714285714,0.6263736263736264,159.35646585407014,204.53180963252748,0.5161600858510017,0.11876573465168294,0.007529709507651571,0.44313631700075984
latest,CPIAUCSL,12,arima,naive_last,normal_volatility,143,143,0,1.0,1.226050479484976,1.171202000867915,1.04683092974262,0.6554339091483398,0.727912656266388,0.9004293351762744,0.9882702919160817,0.9790209790209791,0.9790209790209791,4.397478158539985,5.644102112614249,0.5161064237824995,0.03482407088576479,3.551917043640975e-06,171.72683791900022
latest,CPIAUCSL,12,autoreg,naive_last,normal_volatility,143,143,0,1.0,1.3922643278685711,1.171202000867915,1.1887482490952361,0.7430271559802717,0.727912656266388,1.0207641666672056,1.121554616124024,0.9440559440559441,0.9790209790209791,4.705642547203558,6.039626823455797,0.5026503944610844,0.0410774836601127,0.0014944026095029374,1.7080480089990644
latest,CPIAUCSL,12,bvar_niw,naive_last,normal_volatility,143,143,0,1.0,1.2544803773834845,1.171202000867915,1.0711050497299837,0.6587808289079143,0.727912656266388,0.9050273040819693,1.0046739514707779,0.9790209790209791,0.9790209790209791,4.28742417281237,5.502849351155832,0.49911054812417677,0.037291507785053905,3.739651965318533e-05,52.06622104000121
latest,CPIAUCSL,12,dynamic_factor,naive_last,normal_volatility,143,143,0,1.0,1.1551480139514798,1.171202000867915,0.9862927258452954,0.6868631951150481,0.727912656266388,0.9436066115928099,0.9692182801443011,0.9790209790209791,0.9790209790209791,5.118777563789493,6.569879876647033,0.4827062902867152,0.029139647663804887,7.750752179642556e-06,1004.1876579999998
latest,CPIAUCSL,12,elastic_net,naive_last,normal_volatility,143,143,0,1.0,1.6529182978852313,1.171202000867915,1.4113007804463638,0.9074502110176885,0.727912656266388,1.2466471124051959,1.3454393132298965,0.9230769230769231,0.9790209790209791,5.105448754486896,6.552772535113721,0.4405661741283181,0.054121448568698494,4.369493455947962e-05,9.378940430999016
latest,CPIAUCSL,12,hist_gradient_boosting,naive_last,normal_volatility,143,143,0,1.0,1.4944389580684698,1.171202000867915,1.2759873676453946,0.7334428502644065,0.727912656266388,1.0075973318370146,1.1686313533220427,0.8391608391608392,0.8951048951048951,3.103864208930817,3.983766583325234,0.5507510778572786,0.0729532584427298,0.04236991884655528,46.414619186000095
latest,CPIAUCSL,12,mean,naive_last,normal_volatility,143,143,0,1.0,1.4029391407698484,1.171202000867915,1.1978626571080013,0.7475632483421107,0.727912656266388,1.0269958104266446,1.1295159184354586,0.8811188811188811,0.9300699300699301,4.041771072517319,5.187557010327953,0.3692248241277726,0.040557347980823555,5.541741938973544e-12,0.038423830000163
latest,CPIAUCSL,12,naive_drift,naive_last,normal_volatility,143,143,0,1.0,1.18027449131023,1.171202000867915,1.0077463071575972,0.7369849625691303,0.727912656266388,1.0124634545431261,1.0096331661118088,0.9790209790209791,0.9790209790209791,5.411162620783663,6.94515203454799,0.5020232732490876,0.037448671548136254,8.973696202952785e-05,0.04063675999906759
latest,CPIAUCSL,12,naive_last,naive_last,normal_volatility,143,143,0,1.0,1.171202000867915,1.171202000867915,1.0,0.727912656266388,0.727912656266388,1.0,1.0,0.9790209790209791,0.9790209790209791,5.3122406939364915,6.818187115980353,0.47796574270008874,0.03748349001643913,0.0002246443327246426,0.0415247940005588
latest,CPIAUCSL,12,random_forest,naive_last,normal_volatility,143,143,0,1.0,1.5591255669152086,1.171202000867915,1.33121832592484,0.7921539337579774,0.727912656266388,1.0882541015581402,1.2340326361781602,0.8181818181818182,0.9020979020979021,3.5243285503690065,4.523426723121848,0.5806575054422517,0.06870210636661236,0.0011383112625019927,114.92042090599921
latest,CPIAUCSL,12,ridge,naive_last,normal_volatility,143,143,0,1.0,1.8041821867204526,1.171202000867915,1.540453470352228,0.9934810738052392,0.727912656266388,1.364835554448257,1.4702063039906395,0.8741258741258742,0.951048951048951,5.263757958067431,6.75596019817009,0.43341792324350953,0.05907042544233476,1.7652400471428751e-06,3.819291767000088
latest,CPIAUCSL,12,seasonal_naive,naive_last,normal_volatility,143,143,0,1.0,1.171202000867915,1.171202000867915,1.0,0.7423850346579975,0.727912656266388,1.019882026046698,1.0079528104186792,0.9790209790209791,0.9790209790209791,5.5649569318659236,7.1425448958181965,0.4792657254037119,0.035057079044328754,5.834417962948214e-05,0.03815457099812379
latest,CPIAUCSL,12,state_space,naive_last,normal_volatility,143,143,0,1.0,1.484352361956353,1.171202000867915,1.2673751930549804,0.9207113634011606,0.727912656266388,1.2648651668232784,1.2663711825622996,0.958041958041958,0.9790209790209791,6.803162104923546,8.731764030319752,0.5417576337510711,0.033176574091689996,7.341453524657966e-08,34.27385923499935
latest,CPIAUCSL,12,var,naive_last,normal_volatility,143,143,0,1.0,1.3456804076414433,1.171202000867915,1.1489737949937173,13.403298870857551,0.727912656266388,18.413334011261455,8.054717881500812,0.9790209790209791,1.0,145.36621635525375,186.57551879821742,0.4175831355243069,0.021197229020078163,4.193845326402998e-15,0.7246608420007237
latest,CPIAUCSL,12,arima,naive_last,recession,20,20,0,1.0,2.6953400506662457,3.278370732053705,0.8221584045736569,1.9074406388363627,2.2329211834896125,0.8542355426336239,0.8349892597976437,0.15,0.35,2.990800632163494,3.8386510535862435,0.5164332552254127,0.21485199117576478,0.005317618153730663,18.792893700000036
latest,CPIAUCSL,12,autoreg,naive_last,recession,20,20,0,1.0,2.9054408706208026,3.278370732053705,0.8862453663990333,2.1037445944568374,2.2329211834896125,0.9421490601692901,0.908606843907136,0.15,0.15,2.9109785969783983,3.736200580569921,0.5264697655849864,0.22318715249576895,0.0008514800032467518,0.18872278299994505
latest,CPIAUCSL,12,bvar_niw,naive_last,recession,20,20,0,1.0,2.7117135197660933,3.278370732053705,0.8271527967391795,1.9461122430162274,2.2329211834896125,0.8715543823964446,0.8449134310020856,0.15,0.25,2.5606321813337067,3.286535824226128,0.5081637516572688,0.2261181539045283,0.002354041930359596,7.266199652999745
latest,CPIAUCSL,12,dynamic_factor,naive_last,recession,20,20,0,1.0,3.1529561012855933,3.278370732053705,0.961744829667404,2.1362263381263755,2.2329211834896125,0.9566958090244269,0.9597252214102132,0.35,0.4,3.553309816038284,4.560623774907664,0.4704156580951513,0.19395874589427922,0.0033803884967422704,103.31774696500023
latest,CPIAUCSL,12,elastic_net,naive_last,recession,20,20,0,1.0,4.190369735845632,3.278370732053705,1.2781866598780345,3.2192080928664972,2.2329211834896125,1.4417025180600034,1.343593003150822,0.25,0.3,2.5660107270980026,3.293439112978592,0.6361019870461406,0.1829521939943446,2.9048793888090118e-05,1.0700050210000986
latest,CPIAUCSL,12,hist_gradient_boosting,naive_last,recession,20,20,0,1.0,2.346678892728203,3.278370732053705,0.7158064430553734,1.8781589037367787,2.2329211834896125,0.841121897908456,0.7659326249966065,0.15,0.15,1.486471621919717,1.9078656719022153,0.5666523421928343,0.2300186288441889,4.870955690283812e-05,4.324502373999906
latest,CPIAUCSL,12,mean,naive_last,recession,20,20,0,1.0,2.424671764664308,3.278370732053705,0.7395965748954191,1.810163755029868,2.2329211834896125,0.8106706893258728,0.7680262206676006,0.05,0.2,2.1239552225678735,2.726067015367167,0.5017573807887036,0.2332385280935095,0.0009419361627225342,0.0053751959997884
latest,CPIAUCSL,12,naive_drift,naive_last,recession,20,20,0,1.0,3.289999261573713,3.278370732053705,1.0035470453070825,2.272412626124098,2.2329211834896125,1.0176859993655343,1.0092026269304633,0.2,0.3,3.5289062348629896,4.529302117562,0.49363311665989584,0.20808847036722747,0.003651267241055023,0.005734306999754899
latest,CPIAUCSL,12,naive_last,naive_last,recession,20,20,0,1.0,3.278370732053705,3.278370732053705,1.0,2.2329211834896125,2.2329211834896125,1.0,1.0,0.3,0.35,3.5143424295228813,4.5106096757750676,0.481143370249799,0.20202646467665328,0.0033810114811368974,0.0057445769996879005
latest,CPIAUCSL,12,random_forest,naive_last,recession,20,20,0,1.0,2.4752236394701774,3.278370732053705,0.7550163913034925,1.9848234893336305,2.2329211834896125,0.8888909756464155,0.8085662250406618,0.1,0.1,1.5953543915644595,2.0476151937925566,0.5569165588847174,0.23424160996208923,5.225962146755647e-05,9.646542507999982
latest,CPIAUCSL,12,ridge,naive_last,recession,20,20,0,1.0,4.598425041716589,3.278370732053705,1.4026555925345112,3.4933510871761237,2.2329211834896125,1.5644757696806428,1.467383663392964,0.3,0.35,2.766804839229362,3.5511555658233234,0.671727788826437,0.16393128050346198,5.3651008287113e-06,0.5777148450001722
latest,CPIAUCSL,12,seasonal_naive,naive_last,recession,20,20,0,1.0,3.278370732053705,3.278370732053705,1.0,2.2504565654641318,2.2329211834896125,1.0078531128210781,1.0031412451284312,0.25,0.3,3.4121312255801675,4.379423015760491,0.4869551400574064,0.20660163707775422,0.0031769082210231225,0.005512911000009799
latest,CPIAUCSL,12,state_space,naive_last,recession,20,20,0,1.0,3.2840478869056655,3.278370732053705,1.0017317000778627,2.120647013638112,2.2329211834896125,0.9497187045016795,0.9809265018473894,0.45,0.5,4.659991673598521,5.981034561512098,0.4526729372255451,0.16681273234874697,0.0061888072285720686,5.190445119999964
latest,CPIAUCSL,12,var,naive_last,recession,20,20,0,1.0,2.7814276521311596,3.278370732053705,0.848417668244848,1.9071164268352163,2.2329211834896125,0.8540903462856544,0.8506867394611706,0.2,0.35,3.176804620093229,4.077384587530036,0.5086180615102085,0.2138440888329699,0.004680622397503553,0.09326551000023539
latest,INDPRO,1,arima,naive_last,all,244,244,0,1.0,2.3097890077333973,2.3968555811892345,0.963674668536918,1.210960608146333,1.2461063716633003,0.971795535023182,0.9669230151314236,0.7131147540983607,0.8155737704918032,4.3436911540455405,5.57506723972722,0.3348368841280365,0.06796155648606429,1.0481058939811589e-15,235.0277448660035
latest,INDPRO,1,autoreg,naive_last,all,244,244,0,1.0,2.2694321118643996,2.3968555811892345,0.9468372352823978,1.186190280224205,1.2461063716633003,0.9519173540866183,0.948869282804086,0.7295081967213115,0.8032786885245902,4.126723429347399,5.296592179888729,0.3477474483234498,0.07350620792991154,3.8169985568025e-14,2.6581085559992514
latest,INDPRO,1,bvar_niw,naive_last,all,244,244,0,1.0,2.3533769320884614,2.3968555811892345,0.981860129812577,1.2186616932989254,1.2461063716633003,0.9779756536131488,0.9803063393328058,0.7377049180327869,0.8319672131147541,4.55151364793374,5.841804522896034,0.3448121472460107,0.0679813382800342,4.326978211024691e-15,19.03487932499987
latest,INDPRO,1,dynamic_factor,naive_last,all,236,244,8,0.9672131147540983,2.335439049243866,2.377191248609481,0.9824363313679378,1.1973623804057811,1.227789072340875,0.975218306938436,0.9795491215961372,0.7203389830508474,0.8135593220338984,4.320317268625622,5.545067182575747,0.34039332729594846,0.06905568998623712,8.970630348524509e-17,1585.968939506001
latest,INDPRO,1,elastic_net,naive_last,all,244,244,0,1.0,2.79735131140053,2.3968555811892345,1.1670921407841286,1.434742088279671,1.2461063716633003,1.1513801075943302,1.1608073275082091,0.7336065573770492,0.7991803278688525,4.745429996623029,6.090693461930818,0.36820870627519425,0.08200325646262838,1.3967350708193786e-10,16.14556324999898
latest,INDPRO,1,hist_gradient_boosting,naive_last,all,244,244,0,1.0,3.005742549394955,2.3968555811892345,1.2540357345617013,1.4910338686248092,1.2461063716633003,1.1965542449113555,1.231043138701563,0.7213114754098361,0.7950819672131147,4.9509859565876155,6.354521680302633,0.39791436961881205,0.0864550346177228,9.2485626556599e-09,77.43000263399915
latest,INDPRO,1,mean,naive_last,all,244,244,0,1.0,4.914548855094989,2.3968555811892345,2.0504150911990138,2.491575793943536,1.2461063716633003,1.9994888483057713,2.030044594041717,0.8647540983606558,0.9016393442622951,12.144502004172354,15.587299571978967,0.3960054355863148,0.0457857421410315,1.5216392189891563e-16,0.0610824690009394
latest,INDPRO,1,naive_drift,naive_last,all,244,244,0,1.0,2.402002139708533,2.3968555811892345,1.0021472126062536,1.250345887500195,1.2461063716633003,1.0034022102232218,1.002649211653041,0.7049180327868853,0.8073770491803278,4.453027385430093,5.715398773459665,0.33003273810906925,0.06806581389761726,3.7829625585727285e-18,0.06818636300114861
latest,INDPRO,1,naive_last,naive_last,all,244,244,0,1.0,2.3968555811892345,2.3968555811892345,1.0,1.2461063716633003,1.2461063716633003,1.0,1.0,0.7049180327868853,0.8073770491803278,4.444974539346081,5.705063057406803,0.3313280698485219,0.06826536425927009,7.171826908248586e-18,0.0688911290022701
latest,INDPRO,1,random_forest,naive_last,all,244,244,0,1.0,3.1241392677992565,2.3968555811892345,1.303432418839841,1.5114990956650156,1.2461063716633003,1.2129775836451824,1.2672504847619774,0.7295081967213115,0.7991803278688525,5.323420598968358,6.832536368741654,0.3863249745571256,0.07421595666061163,4.279921690155231e-09,186.59052484400002
latest,INDPRO,1,ridge,naive_last,all,244,244,0,1.0,2.769692103281338,2.3968555811892345,1.1555523515968849,1.4321689670347433,1.2461063716633003,1.1493151785453812,1.1530574823762834,0.7131147540983607,0.7991803278688525,4.752634041565807,6.099939753513173,0.37028557701363135,0.08278037773512428,3.8110191682357297e-10,6.779696838002951
latest,INDPRO,1,seasonal_naive,naive_last,all,244,244,0,1.0,6.875692994748298,2.3968555811892345,2.8686304876728634,3.537053626666497,1.2461063716633003,2.838484504292555,2.85657209432074,0.8278688524590164,0.8811475409836066,15.35340185074303,19.705877936722974,0.4192201539327933,0.06390341976436485,8.215234867437828e-10,0.0649052219997534
latest,INDPRO,1,state_space,naive_last,all,244,244,0,1.0,2.4191085586663776,2.3968555811892345,1.0092842379206268,1.240441979401643,1.2461063716633003,0.9954543268612803,1.0037522734968882,0.7336065573770492,0.8073770491803278,4.334380255751627,5.563116831143848,0.327836144331237,0.06720503306168284,1.2386945778078332e-18,70.37482053499991
latest,INDPRO,1,var,naive_last,all,244,244,0,1.0,3.0273455049224562,2.3968555811892345,1.2630487746868733,1.313002542270384,1.2461063716633003,1.0536841574108884,1.1793029277764795,0.7377049180327869,0.819672131147541,4.613067785112168,5.920808402657034,0.34025074164594066,0.06707639206193569,6.490025166572723e-15,1.1710122710006643
latest,INDPRO,1,arima,naive_last,expansion,224,224,0,1.0,2.073030704821845,2.145192498053606,0.9663611571934754,1.0853291416611983,1.1146889059214993,0.9736610240719767,0.9692811039448759,0.75,0.84375,4.377994820535641,5.619095519010699,0.35504106102845584,0.06643460538563163,2.4240863911808604e-12,218.28526480800372
latest,INDPRO,1,autoreg,naive_last,expansion,224,224,0,1.0,2.0153282935735004,2.145192498053606,0.9394626801100903,1.0640774637825081,1.1146889059214993,0.9545959039601715,0.9455159696501227,0.7589285714285714,0.8258928571428571,4.1542539419554965,5.3319272102790345,0.3681172018181345,0.0722239411093473,1.0355253539966577e-10,2.4768793269991995
latest,INDPRO,1,bvar_niw,naive_last,expansion,224,224,0,1.0,2.0855173222715555,2.145192498053606,0.9721819017005721,1.0801172064768685,1.1146889059214993,0.9689853381863069,0.9709032762948661,0.7767857142857143,0.8616071428571429,4.600721507505262,5.904962126902658,0.3653989670867386,0.06553120131568091,1.9058738278571643e-12,17.521530226999822
latest,INDPRO,1,dynamic_factor,naive_last,expansion,222,224,2,0.9910714285714286,2.0965761349325716,2.1527361093864066,0.9739122811156625,1.0840079394507605,1.1188990021957697,0.9688166110823786,0.971874013102349,0.7522522522522522,0.8378378378378378,4.367319724028873,5.605394180976945,0.3550053551634976,0.06742849857063736,2.7299309254343523e-14,1511.9230806580008
latest,INDPRO,1,elastic_net,naive_last,expansion,224,224,0,1.0,2.5281497392092236,2.145192498053606,1.178518823603516,1.3169010062607198,1.1146889059214993,1.1814067577644494,1.1796739972678894,0.75,0.8169642857142857,4.778839356961413,6.133573911695137,0.3856434846045453,0.0813317233959662,1.0630030424135654e-07,15.403700916999062
latest,INDPRO,1,hist_gradient_boosting,naive_last,expansion,224,224,0,1.0,2.526867444106845,2.145192498053606,1.1779210706729317,1.2525612064955653,1.1146889059214993,1.1236867971338504,1.156227361257299,0.7633928571428571,0.84375,5.061130408693144,6.495890554100053,0.425371856926339,0.08101858855516299,1.612207312055436e-06,72.88368955099895
latest,INDPRO,1,mean,naive_last,expansion,224,224,0,1.0,3.7217298342778458,2.145192498053606,1.7349164877532792,1.971018748392962,1.1146889059214993,1.7682231678474862,1.7482391597909621,0.9330357142857143,0.9642857142857143,12.485288798139406,16.02469468673244,0.42856215438178885,0.036365080691484516,2.347736740426196e-14,0.0558989260008398
latest,INDPRO,1,naive_drift,naive_last,expansion,224,224,0,1.0,2.1536943789076575,2.145192498053606,1.003963225147284,1.1205713866521003,1.1146889059214993,1.0052772398642813,1.004488831034083,0.7455357142857143,0.8348214285714286,4.495354054311522,5.769724464831128,0.3503281611145203,0.06666749111849271,1.817043823023126e-14,0.0625368180011667
latest,INDPRO,1,naive_last,naive_last,expansion,224,224,0,1.0,2.145192498053606,2.145192498053606,1.0,1.1146889059214993,1.1146889059214993,1.0,1.0,0.7455357142857143,0.8348214285714286,4.48787852140929,5.760129722225195,0.3518293045233988,0.0667527811454844,3.127858249372672e-14,0.0631375590026444
latest,INDPRO,1,random_forest,naive_last,expansion,224,224,0,1.0,2.648991269167637,2.145192498053606,1.2348501458825452,1.2603560206537456,1.1146889059214993,1.1306796129022432,1.1931819326904243,0.78125,0.8526785714285714,5.428470639671596,6.967366636292138,0.41574208148333475,0.0684181945461564,5.984160058138104e-07,175.71772771099995
latest,INDPRO,1,ridge,naive_last,expansion,224,224,0,1.0,2.4857515841818887,2.145192498053606,1.1587545576619727,1.304218109532555,1.1146889059214993,1.1700287879463322,1.1632642497757164,0.7366071428571429,0.8214285714285714,4.779186365445929,6.134019292263259,0.38893871192832874,0.08139873431789878,1.9727705274697144e-07,6.313241668002763
latest,INDPRO,1,seasonal_naive,naive_last,expansion,224,224,0,1.0,6.417052701116473,2.145192498053606,2.991364507818691,3.2075725483124597,1.1146889059214993,2.8775495398519286,2.9458385206319857,0.8839285714285714,0.9241071428571429,15.915540466281044,20.427375038733263,0.4495373562702781,0.056730691732680756,1.2697401225199572e-07,0.059738207999703294
latest,INDPRO,1,state_space,naive_last,expansion,224,224,0,1.0,2.2327303630703907,2.145192498053606,1.0408065313934345,1.1393789142660933,1.1146889059214993,1.0221496851843008,1.033343792909781,0.75,0.8303571428571429,4.36746902801849,5.6055858105730065,0.34439120399967366,0.06709510614406208,7.711257021302683e-15,65.76871559599994
latest,INDPRO,1,var,naive_last,expansion,224,224,0,1.0,2.9416342094421806,2.145192498053606,1.3712681785486425,1.2074443688365994,1.1146889059214993,1.0832119727956029,1.2560456962474267,0.7767857142857143,0.8482142857142857,4.6857501755267235,6.0140952408172135,0.3599111137384862,0.06470317643900636,1.4837999601276278e-11,1.0804733460004057
latest,INDPRO,1,arima,naive_last,high_volatility,102,102,0,1.0,3.0249498474481147,3.1664409377356417,0.9553154178240543,1.5871688916822302,1.6536773603605666,0.9597814723279304,0.9571018396256047,0.6764705882352942,0.8235294117647058,4.844469800708574,6.217809674295979,0.39825863204866174,0.09021100516343554,0.002418625474305654,95.1365198770012
latest,INDPRO,1,autoreg,naive_last,high_volatility,102,102,0,1.0,3.0295039926921543,3.1664409377356417,0.9567536714765277,1.6110004471619754,1.6536773603605666,0.9741927208888644,0.9637292912414624,0.696078431372549,0.7745098039215687,4.650554568865492,5.968922168717786,0.41188338543454545,0.09627756915878115,0.01706583006540873,1.1297890779994708
latest,INDPRO,1,bvar_niw,naive_last,high_volatility,102,102,0,1.0,3.120507655008394,3.1664409377356417,0.9854937187743362,1.630367178151277,1.6536773603605666,0.9859040325712586,0.9856578442931052,0.7156862745098039,0.803921568627451,5.0821042107649665,6.522810137623906,0.39286369501315493,0.08903161341209467,0.0017415385626882646,7.808162871000544
latest,INDPRO,1,dynamic_factor,naive_last,high_volatility,94,102,8,0.9215686274509803,3.1259818738866327,3.1866958665209895,0.9809476664302327,1.5909954062509892,1.6423761398231822,0.9687156112863862,0.9760548443726941,0.7021276595744681,0.8191489361702128,4.890091207587521,6.2763641161061905,0.416080091837907,0.0929590326645208,0.0071163388868285375,659.4083833830009
latest,INDPRO,1,elastic_net,naive_last,high_volatility,102,102,0,1.0,3.7520856805679514,3.1664409377356417,1.1849536291212528,1.9384249125655106,1.6536773603605666,1.1721905125089565,1.1798483824763344,0.7352941176470589,0.7941176470588235,5.364604538926733,6.885395383418833,0.44125400120733005,0.09390361844641341,0.09858364341558515,6.8586909629995
latest,INDPRO,1,hist_gradient_boosting,naive_last,high_volatility,102,102,0,1.0,4.2548652629887735,3.1664409377356417,1.3437374473914794,2.273326623318015,1.6536773603605666,1.3747098907022228,1.3561264247157767,0.6470588235294118,0.7352941176470589,5.679449042969847,7.289493929528432,0.4679788731281985,0.11589072314326358,0.021746594371929516,33.236083071998735
latest,INDPRO,1,mean,naive_last,high_volatility,102,102,0,1.0,7.058909459331245,3.1664409377356417,2.2292882128978384,3.822924271535088,1.6536773603605666,2.3117715481704004,2.262281547006863,0.7450980392156863,0.8137254901960784,13.42134480700981,17.226109567425056,0.40653388012456787,0.07139036501324648,0.0012947265326129515,0.025567849000931103
latest,INDPRO,1,naive_drift,naive_last,high_volatility,102,102,0,1.0,3.1697164988266366,3.1664409377356417,1.0010344614522757,1.6564290807868185,1.6536773603605666,1.0016640007852873,1.0012862771854802,0.6666666666666666,0.8137254901960784,4.993016111927414,6.408466800663532,0.3900305890348525,0.09294952741970446,0.0005876717198165272,0.028521655000696595
latest,INDPRO,1,naive_last,naive_last,high_volatility,102,102,0,1.0,3.1664409377356417,3.1664409377356417,1.0,1.6536773603605666,1.6536773603605666,1.0,1.0,0.6666666666666666,0.8137254901960784,4.986944888087364,6.400674469225743,0.39084899745043117,0.09297106681906461,0.0007023724355297604,0.0288351560016578
latest,INDPRO,1,random_forest,naive_last,high_volatility,102,102,0,1.0,4.407081782956496,3.1664409377356417,1.3918092488117118,2.260202061628091,1.6536773603605666,1.3667732991974193,1.381794868965995,0.6764705882352942,0.7843137254901961,6.141539845337481,7.88258105351967,0.44749328183255815,0.09982148482764422,0.1365101902822892,80.40709898900133
latest,INDPRO,1,ridge,naive_last,high_volatility,102,102,0,1.0,3.700307544705087,3.1664409377356417,1.1686014732209782,1.930203705084762,1.6536773603605666,1.167219042452091,1.1680485009134234,0.7156862745098039,0.7745098039215687,5.366018304913395,6.887209932418142,0.4341306568817911,0.09430318755205404,0.032270621141728136,2.7702802400015067
latest,INDPRO,1,seasonal_naive,naive_last,high_volatility,102,102,0,1.0,10.009143980024914,3.1664409377356417,3.161007635020841,5.745385338247544,1.6536773603605666,3.474308517469711,3.286327988000389,0.6568627450980392,0.7254901960784313,16.524086349801323,21.208435224360173,0.43689899442441105,0.10752338898837253,0.002982429207578405,0.0270511169997524
latest,INDPRO,1,state_space,naive_last,high_volatility,102,102,0,1.0,3.2372197158841858,3.1664409377356417,1.022352786469202,1.6633435747878842,1.6536773603605666,1.0058452843698664,1.0157497856294677,0.7352941176470589,0.803921568627451,4.886856518223938,6.272212437254713,0.38858187723756527,0.08801835524602233,0.00034074044726041546,30.981234544999495
latest,INDPRO,1,var,naive_last,high_volatility,102,102,0,1.0,4.253017216744045,3.1664409377356417,1.3431538122373525,1.776848743065655,1.6536773603605666,1.074483321630667,1.2356856159946783,0.7647058823529411,0.8333333333333334,5.4120413459107395,6.946279866038525,0.3994315614227701,0.07793993050649625,0.002835509688347025,0.4914979770008984
latest,INDPRO,1,arima,naive_last,normal_volatility,142,142,0,1.0,1.6107861836567416,1.6338672510720926,0.9858733520729999,0.9407264889867452,0.9533441121765316,0.9867648805624029,0.9862299634687611,0.7394366197183099,0.8098591549295775,3.983976914893221,5.11337901207924,0.2892804173118128,0.04750613220206278,2.5147483440540397e-16,139.8912249890023
latest,INDPRO,1,autoreg,naive_last,normal_volatility,142,142,0,1.0,1.5024237738647632,1.6338672510720926,0.9195506996537935,0.8810449490435535,0.9533441121765316,0.9241625744476298,0.9213954495713281,0.7535211267605634,0.823943661971831,3.750450357299192,4.813650920307294,0.3016779723704093,0.052603014488582046,9.271329926580646e-15,1.5283194779997806
latest,INDPRO,1,bvar_niw,naive_last,normal_volatility,142,142,0,1.0,1.5881016873907998,1.6338672510720926,0.9719894234667701,0.92292958446132,0.9533441121765316,0.9680970099602612,0.9704324580641666,0.7535211267605634,0.852112676056338,4.1703852154775065,5.352631475697142,0.31029624673721695,0.05051480774165121,3.6246277644828886e-15,11.226716453999323
latest,INDPRO,1,dynamic_factor,naive_last,normal_volatility,142,142,0,1.0,1.6112792112397862,1.6338672510720926,0.9861751070550653,0.9367884055505028,0.9533441121765316,0.9826340705160163,0.9847586924394457,0.7323943661971831,0.8098591549295775,3.943142971002957,5.060969212492212,0.2902908211907084,0.047432356847401755,2.2393203361286807e-16,926.5605561230001
latest,INDPRO,1,elastic_net,naive_last,normal_volatility,142,142,0,1.0,1.8258155699389038,1.6338672510720926,1.117480975728512,1.0729417497081526,0.9533441121765316,1.1254506489357485,1.1206688450114066,0.7323943661971831,0.8028169014084507,4.300670818348536,5.519851236636613,0.31573955076056165,0.0674281232064948,9.970164842391701e-14,9.286872286999476
latest,INDPRO,1,hist_gradient_boosting,naive_last,normal_volatility,142,142,0,1.0,1.5874054063868737,1.6338672510720926,0.9715632682797626,0.9291052701832108,0.9533441121765316,0.9745749287337787,0.9727679324613691,0.7746478873239436,0.8380281690140845,4.427723739608828,5.682921895647482,0.34758634597122445,0.0598809618808841,4.1689115958623295e-11,44.19391956200042
latest,INDPRO,1,mean,naive_last,normal_volatility,142,142,0,1.0,2.3895373300923457,1.6338672510720926,1.4625039632347157,1.5352550565186176,0.9533441121765316,1.6103891941111952,1.5216580555853074,0.9507042253521126,0.9647887323943662,11.227333230303193,14.410126194968393,0.3884427500729218,0.02763177578067861,4.986390523185748e-16,0.035514620000008296
latest,INDPRO,1,naive_drift,naive_last,normal_volatility,142,142,0,1.0,1.6422704364129306,1.6338672510720926,1.0051431261232049,0.9586523261252963,0.9533441121765316,1.0055679936352109,1.0053130731280073,0.7323943661971831,0.8028169014084507,4.065148159354553,5.217561176454069,0.2869356902609716,0.04624944912206206,2.647994596589131e-17,0.039664708000452
latest,INDPRO,1,naive_last,naive_last,normal_volatility,142,142,0,1.0,1.6338672510720926,1.6338672510720926,1.0,0.9533441121765316,0.9533441121765316,1.0,1.0,0.7323943661971831,0.8028169014084507,4.055671894475583,5.205398522156578,0.28857360072602367,0.046648780602271796,4.303793879411365e-17,0.040055973000612304
latest,INDPRO,1,random_forest,naive_last,normal_volatility,142,142,0,1.0,1.6792401457199484,1.6338672510720926,1.027770245482357,0.9736983736352011,0.9533441121765316,1.0213503825100463,1.0252023002934327,0.7676056338028169,0.8098591549295775,4.73575747833702,6.078278919112375,0.34238717637336424,0.051749878867381985,1.0136564137485267e-10,106.18342585499869
latest,INDPRO,1,ridge,naive_last,normal_volatility,142,142,0,1.0,1.8292599832779584,1.6338672510720926,1.119589111096789,1.0744257044917722,0.9533441121765316,1.1270072272632023,1.1225563575633544,0.7112676056338029,0.8169014084507042,4.31203407775275,5.534435822187071,0.32442502668579826,0.07004670244857482,1.9349094643588693e-11,4.009416598001444
latest,INDPRO,1,seasonal_naive,naive_last,normal_volatility,142,142,0,1.0,3.044824015875812,1.6338672510720926,1.8635687898621467,1.95078718595335,0.9533441121765316,2.0462571290230205,1.9366441255264961,0.9507042253521126,0.9929577464788732,14.512487633109613,18.62657622306808,0.406521268509237,0.032722626467219025,2.0351182511947475e-10,0.037854105000001
latest,INDPRO,1,state_space,naive_last,normal_volatility,142,142,0,1.0,1.5900011193919454,1.6338672510720926,0.9731519609984449,0.9366675939833574,0.9533441121765316,0.9825073465287357,0.9768941152105612,0.7323943661971831,0.8098591549295775,3.9375311094686993,5.053766466190974,0.2842018854830293,0.04818598557412995,8.937549502843497e-17,39.39358599000042
latest,INDPRO,1,var,naive_last,normal_volatility,142,142,0,1.0,1.6598498600491498,1.6338672510720926,1.0159025214319022,0.979817243107584,0.9533441121765316,1.027768704492875,1.0206489946562913,0.7183098591549296,0.8098591549295775,4.039157199186432,5.184202140228073,0.2977405753273731,0.05541686798544823,9.023817620563854e-15,0.6795142939997659
latest,INDPRO,1,arima,naive_last,recession,20,20,0,1.0,4.117889942664694,4.306652284414208,0.9561695885148085,2.6180330327798425,2.7179819879714744,0.9632267779426208,0.9589924642859333,0.3,0.5,3.9594900893564087,5.081950511752265,0.10855010284334032,0.030746753381471377,4.3369037548291184e-11,16.742480057999785
latest,INDPRO,1,autoreg,naive_last,recession,20,20,0,1.0,4.164683743164147,4.306652284414208,0.9670350583529007,2.553853824371214,2.7179819879714744,0.9396139620032011,0.9560666198130209,0.4,0.55,3.818381688136705,4.9008398395173,0.11960620918298101,0.03274513387304338,4.301498808929434e-09,0.18122922900005148
latest,INDPRO,1,bvar_niw,naive_last,recession,20,20,0,1.0,4.342256140992785,4.306652284414208,1.0082671769688551,2.7703599457059602,2.7179819879714744,1.0192708995005435,1.0126686659815305,0.3,0.5,4.0003856207327,5.134439358021838,0.11423976502985841,0.0393578841040114,8.684563837581005e-10,1.513349098000048
latest,INDPRO,1,dynamic_factor,naive_last,recession,14,20,6,0.7,4.716073122545433,4.666265491223759,1.0106739814559098,2.9948399441211113,2.9544744703561223,1.0136624885982255,1.0118693843128361,0.21428571428571427,0.42857142857142855,3.574992618659805,4.5884533507853416,0.10868831396766944,0.04056680432840037,3.706025763095612e-07,74.0458588480002
latest,INDPRO,1,elastic_net,naive_last,recession,20,20,0,1.0,4.886907695193044,4.306652284414208,1.134734678459829,2.7545622068919213,2.7179819879714744,1.013458595046742,1.0862242450945943,0.55,0.6,4.37124516083313,5.610432424570451,0.1729391889864635,0.050480194763504634,3.4007707889611856e-07,0.7418623329999141
latest,INDPRO,1,hist_gradient_boosting,naive_last,recession,20,20,0,1.0,6.22158301693331,4.306652284414208,1.4446448438498838,4.161927684472338,2.7179819879714744,1.531256536243101,1.4792895208071708,0.25,0.25,3.717368093005689,4.771190293771515,0.09039051177450964,0.04637542384031627,9.479324121506168e-12,4.546313083000199
latest,INDPRO,1,mean,naive_last,recession,20,20,0,1.0,11.812272699800246,4.306652284414208,2.7427969382503687,8.321814704109968,2.7179819879714744,3.0617622710299237,2.870383071362191,0.1,0.2,8.327689911741363,10.688474286740089,0.03137018507700613,0.006311499027100242,9.762657047630362e-17,0.0051835430000996005
latest,INDPRO,1,naive_drift,naive_last,recession,20,20,0,1.0,4.2940912956217865,4.306652284414208,0.9970833519952655,2.7038202969988543,2.7179819879714744,0.9947896303083342,0.996165863320493,0.25,0.5,3.9789686939580866,5.106951030099265,0.1027240004480181,0.02881528808855691,2.436946109244679e-11,0.0056495449999819005
latest,INDPRO,1,naive_last,naive_last,recession,20,20,0,1.0,4.306652284414208,4.306652284414208,1.0,2.7179819879714744,2.7179819879714744,1.0,1.0,0.25,0.5,3.9644499402381412,5.088316411440812,0.10171424148990112,0.029158725078633065,1.972056178361708e-11,0.005753569999625698
latest,INDPRO,1,random_forest,naive_last,recession,20,20,0,1.0,6.362615034242527,4.306652284414208,1.477392325651378,4.324301535791241,2.7179819879714744,1.5909971276221073,1.5228342464396696,0.15,0.2,4.146860143092104,5.322437372176241,0.056853376983583614,0.02170249412016376,8.171083425154765e-14,10.872797133000063
latest,INDPRO,1,ridge,naive_last,recession,20,20,0,1.0,4.938036910007945,4.306652284414208,1.1466068268104022,2.8652185710592506,2.7179819879714744,1.0541712872783473,1.1096326109975803,0.45,0.55,4.4552480141084425,5.718248919512229,0.16137046596902044,0.05330869101302358,2.1874876532105044e-07,0.4664551700001869
latest,INDPRO,1,seasonal_naive,naive_last,recession,20,20,0,1.0,10.749741792072319,4.306652284414208,2.496078411293077,7.227241704231718,2.7179819879714744,2.6590469459386163,2.5612658251512928,0.2,0.4,9.057449356717296,11.62511039420773,0.07966748775296394,0.01925161823474265,1.8059103702150483e-10,0.0051670140000501
latest,INDPRO,1,state_space,naive_last,recession,20,20,0,1.0,3.944933621279515,4.306652284414208,0.9160093178537412,2.3723483089198014,2.7179819879714744,0.872834448285056,0.8987393700262671,0.55,0.55,3.9637860063627706,5.087464261537273,0.1424194760447451,0.032612414008090056,1.5772823207661775e-07,4.606104938999977
latest,INDPRO,1,var,naive_last,recession,20,20,0,1.0,3.8593835553268563,4.306652284414208,0.8961446851174822,2.495254084728775,2.7179819879714744,0.9180539443497457,0.9049083888103877,0.3,0.5,3.799025012469143,4.875995815263012,0.12005457420942922,0.04286553212496342,2.022984317188072e-09,0.0905389250002587
latest,INDPRO,3,arima,naive_last,all,242,242,0,1.0,3.857690996578661,3.8591580586605527,0.9996198491848244,1.8726357615123246,1.9483566023152223,0.9611360462900277,0.9842263280269057,0.7768595041322314,0.8347107438016529,6.991085682043274,8.972961330315812,0.3900209123546536,0.06720943005760008,2.114382672499302e-10,236.29839561000085
latest,INDPRO,3,autoreg,naive_last,all,242,242,0,1.0,3.6567263230738307,3.8591580586605527,0.9475451037481003,1.7843783867907825,1.9483566023152223,0.9158376781080089,0.9348621334920637,0.7727272727272727,0.8347107438016529,6.269844989238026,8.047258922889414,0.4286243487766207,0.07867422121082132,0.000704718755197515,2.8011864449993906
latest,INDPRO,3,bvar_niw,naive_last,all,242,242,0,1.0,3.673874387241422,3.8591580586605527,0.9519885766266232,1.8289649102794292,1.9483566023152223,0.9387218479954231,0.9466818851741432,0.8016528925619835,0.8471074380165289,7.298929140354672,9.368074131509736,0.4191484484270377,0.0685354540106767,4.268654724938692e-08,32.48346036999888
latest,INDPRO,3,dynamic_factor,naive_last,all,234,242,8,0.9669421487603306,3.7007685758545024,3.830795585374176,0.9660574398654651,1.8308619028877553,1.9140169804860194,0.9565546813606906,0.9622563364635554,0.7521367521367521,0.8376068376068376,6.872481517997483,8.820734533792516,0.3913876146400642,0.06870991596070967,4.7755707186736393e-11,1571.1353352720005
latest,INDPRO,3,elastic_net,naive_last,all,242,242,0,1.0,4.002481395890323,3.8591580586605527,1.0371384988775285,2.107521292771425,1.9483566023152223,1.0816917653919556,1.0549598054832994,0.6983471074380165,0.7727272727272727,6.8843925097554886,8.836022126208213,0.4411602092381428,0.0941415428770468,0.006256526919727341,25.075603770000647
latest,INDPRO,3,hist_gradient_boosting,naive_last,all,242,242,0,1.0,3.88823334313502,3.8591580586605527,1.0075341004520968,1.9610272339172714,1.9483566023152223,1.0065032405192111,1.0071217564789425,0.7520661157024794,0.8016528925619835,6.672709780718819,8.564330284865108,0.4861390051664693,0.08892335308722198,0.023881301367916885,77.09023270400071
latest,INDPRO,3,mean,naive_last,all,242,242,0,1.0,4.963029675722753,3.8591580586605527,1.2860394936623392,2.554543149043694,1.9483566023152223,1.3111271037386807,1.2960745376928757,0.859504132231405,0.9008264462809917,12.31805160106222,15.810048068079437,0.3968702586597439,0.045756742856366724,5.377324251436954e-17,0.06646093700244911
latest,INDPRO,3,naive_drift,naive_last,all,242,242,0,1.0,3.880703593999249,3.8591580586605527,1.0055829626595223,1.964077343493471,1.9483566023152223,1.0080687186111454,1.0065772650401716,0.7396694214876033,0.8181818181818182,7.108573946136239,9.123755884755315,0.37735611463082586,0.07109649010809463,5.06650950400992e-13,0.0712040400020742
latest,INDPRO,3,naive_last,naive_last,all,242,242,0,1.0,3.8591580586605527,3.8591580586605527,1.0,1.9483566023152223,1.9483566023152223,1.0,1.0,0.7396694214876033,0.8264462809917356,7.072002867784593,9.076817413853703,0.3803290052673117,0.07124586726597731,2.2250087115291457e-12,0.07228951399982199
latest,INDPRO,3,random_forest,naive_last,all,242,242,0,1.0,4.238840697145868,3.8591580586605527,1.0983848374992695,2.1514809088645444,1.9483566023152223,1.1042541731364528,1.1007325717541427,0.743801652892562,0.8016528925619835,7.505594132408301,9.633325777157607,0.4869967566312458,0.08556481181408951,0.06898080303458964,186.42436628299882
latest,INDPRO,3,ridge,naive_last,all,242,242,0,1.0,3.9982035237527884,3.8591580586605527,1.0360300000618519,2.1030783677073193,1.9483566023152223,1.079411420480338,1.0533825682292464,0.7024793388429752,0.7768595041322314,6.915839162598995,8.876383468175087,0.4414494038119243,0.09264987756234498,0.006840915807640525,6.841324742000796
latest,INDPRO,3,seasonal_naive,naive_last,all,242,242,0,1.0,6.9343203964430495,3.8591580586605527,1.7968479888719129,3.61740722935337,1.9483566023152223,1.8566453518081973,1.8207669340464268,0.8223140495867769,0.8760330578512396,15.530663063130833,19.933390239741378,0.41899706959030886,0.06440853645007724,1.236648252487999e-09,0.0667822670002503
latest,INDPRO,3,state_space,naive_last,all,242,242,0,1.0,4.406724330225912,3.8591580586605527,1.1418874954697786,2.036128405099565,1.9483566023152223,1.0450491468964378,1.1031521560404425,0.7892561983471075,0.8347107438016529,7.168921779729035,9.201211490625994,0.38571787138576297,0.06800855704775642,1.2412384513961144e-10,71.1721218450012
latest,INDPRO,3,var,naive_last,all,242,242,0,1.0,19.501968768236,3.8591580586605527,5.0534257658793065,3.5321236198457795,1.9483566023152223,1.812873277740109,3.7572047706236273,0.7851239669421488,0.8347107438016529,14.524220345650605,18.641634996585978,0.3893238869572658,0.06300882937480315,5.720848074247291e-16,1.2055617810004708
latest,INDPRO,3,arima,naive_last,expansion,222,222,0,1.0,3.5673380324469797,3.558434480740845,1.0025020979743544,1.6736191668832279,1.7490873945572927,0.956852797688153,0.9842423778598738,0.8243243243243243,0.8828828828828829,7.164940300886424,9.196101317854978,0.4171204525095351,0.06217100834140797,1.0958281869840798e-08,219.15216041400055
latest,INDPRO,3,autoreg,naive_last,expansion,222,222,0,1.0,3.381772083848535,3.558434480740845,0.9503538992080782,1.6043598697862433,1.7490873945572927,0.9172554068931009,0.9371145022820874,0.8153153153153153,0.8738738738738738,6.406365397754705,8.222480970241158,0.4570769754758843,0.0728742079145336,0.005750140566605758,2.610886426999432
latest,INDPRO,3,bvar_niw,naive_last,expansion,222,222,0,1.0,3.3184579087706467,3.558434480740845,0.932561194179909,1.614254378898208,1.7490873945572927,0.9229123621388787,0.9287016613634969,0.8513513513513513,0.8873873873873874,7.503385435523659,9.630490945396469,0.4456058021016032,0.06206469568586307,1.2339272434720525e-06,29.75864578699898
latest,INDPRO,3,dynamic_factor,naive_last,expansion,218,222,4,0.9819819819819819,3.368956832219215,3.5376708265016705,0.9523093010749977,1.6327351438912712,1.72957848830608,0.9440075457288697,0.9489885989365465,0.7935779816513762,0.8807339449541285,7.047828830206628,9.045790372525655,0.4141226359256563,0.06414538680885122,2.5489007921780383e-09,1486.5952216330002
latest,INDPRO,3,elastic_net,naive_last,expansion,222,222,0,1.0,3.692918256825061,3.558434480740845,1.0377929611496506,1.9258601697415492,1.7490873945572927,1.1010657190340103,1.0631020643033944,0.7207207207207207,0.8018018018018018,6.954210694370687,8.925632796023654,0.46183046514662945,0.08940031646642434,0.08044985733799959,23.08291213100086
latest,INDPRO,3,hist_gradient_boosting,naive_last,expansion,222,222,0,1.0,3.3896365672542044,3.558434480740845,0.9525639956558937,1.6492951148195747,1.7490873945572927,0.9429460871719471,0.948716832262315,0.8063063063063063,0.8603603603603603,6.918521246766453,8.879825885935903,0.523547750269751,0.07672119814461881,0.008096641640817411,72.50388602200086
latest,INDPRO,3,mean,naive_last,expansion,222,222,0,1.0,3.7563475007031473,3.558434480740845,1.055618003094748,2.008947943378203,1.7490873945572927,1.1485692193709298,1.0927984896052207,0.9324324324324325,0.963963963963964,12.764384652705406,16.382910337973065,0.4300462383490658,0.0359902064367428,9.795216937912664e-15,0.0609875780023578
latest,INDPRO,3,naive_drift,naive_last,expansion,222,222,0,1.0,3.5870666736917696,3.558434480740845,1.008046289205517,1.7685552721904398,1.7490873945572927,1.0111303058347605,1.0092798958572144,0.7837837837837838,0.8648648648648649,7.290601245997837,9.357385394820561,0.4035778192811542,0.06707304488792581,5.6624684357987494e-11,0.0654587340018533
latest,INDPRO,3,naive_last,naive_last,expansion,222,222,0,1.0,3.558434480740845,3.558434480740845,1.0,1.7490873945572927,1.7490873945572927,1.0,1.0,0.7837837837837838,0.8738738738738738,7.256088486859379,9.313088748028301,0.4068930611874076,0.06695046570850642,2.0647841569027337e-10,0.0664377620002086
latest,INDPRO,3,random_forest,naive_last,expansion,222,222,0,1.0,3.684046781869385,3.558434480740845,1.035299877462515,1.8115701933069621,1.7490873945572927,1.0357230856183057,1.0354691607248312,0.7972972972972973,0.8558558558558559,7.777212073662332,9.98194363056948,0.5253671471733445,0.0731432879198919,0.0041057829939103495,176.04111109499857
latest,INDPRO,3,ridge,naive_last,expansion,222,222,0,1.0,3.6524135213377686,3.558434480740845,1.026410220872567,1.9037788487171865,1.7490873945572927,1.088441237779915,1.0512226276355063,0.7297297297297297,0.8063063063063063,6.992302309494513,8.974522854744187,0.46199714044187057,0.087607905793214,0.0508484946971971,6.275388257000561
latest,INDPRO,3,seasonal_naive,naive_last,expansion,222,222,0,1.0,6.468452277804827,3.558434480740845,1.817780350548462,3.2688586839963762,1.7490873945572927,1.8688938552574437,1.8382257524320549,0.8783783783783784,0.9234234234234234,16.182881731024743,20.770503837269434,0.4505512202943592,0.05679696516967309,2.281435652476682e-07,0.0614012749999965
latest,INDPRO,3,state_space,naive_last,expansion,222,222,0,1.0,4.2719978594579455,3.558434480740845,1.2005273337415898,1.9047968876649979,1.7490873945572927,1.089023277848913,1.1559257113845192,0.8288288288288288,0.8648648648648649,7.341475464366987,9.422681747189538,0.40602367951261237,0.06452335983947309,2.7349675910457374e-09,66.28873961500109
latest,INDPRO,3,var,naive_last,expansion,222,222,0,1.0,20.282904847574425,3.558434480740845,5.699951750510142,3.502131885026083,1.7490873945572927,2.0022623774682793,4.220876001293397,0.8288288288288288,0.8783783783783784,15.415641611473509,19.785761804786144,0.4127132885085816,0.05723058011618298,1.1316189096599748e-13,1.1119466400004852
latest,INDPRO,3,arima,naive_last,high_volatility,103,103,0,1.0,5.467342648473837,5.433613437213231,1.0062075102784465,2.849113531235167,2.9756332266138763,0.9574814213502104,0.9867170747071521,0.7184466019417476,0.7572815533980582,7.909089991176819,10.151207105228286,0.4525763757529351,0.09239305446025163,0.011365310999565763,97.89930022300041
latest,INDPRO,3,autoreg,naive_last,high_volatility,103,103,0,1.0,5.253253052139764,5.433613437213231,0.9668065483204543,2.831066665632829,2.9756332266138763,0.9514165389443655,0.9606505445700189,0.6699029126213593,0.7572815533980582,7.214815286417146,9.26011516876038,0.4921978112211837,0.10305266411263993,0.11023222182792382,1.2163598029995013
latest,INDPRO,3,bvar_niw,naive_last,high_volatility,103,103,0,1.0,5.229774491644766,5.433613437213231,0.9624855636265119,2.8365571785236527,2.9756332266138763,0.9532616967553876,0.9587960168780623,0.7087378640776699,0.7475728155339806,8.217026164106235,10.546438904346148,0.4480496481089295,0.09488533058717116,0.10728664409216357,13.623444647000353
latest,INDPRO,3,dynamic_factor,naive_last,high_volatility,95,103,8,0.9223300970873787,5.312632144163558,5.497182366845619,0.9664282153353484,2.8378695703587584,2.9775568212070946,0.9530866212683365,0.9610915777085436,0.6842105263157895,0.7578947368421053,7.8666905935195794,10.096788067483649,0.4554269688209607,0.09639511918506226,0.026832923626103563,666.1767181430007
latest,INDPRO,3,elastic_net,naive_last,high_volatility,103,103,0,1.0,5.4446728852646675,5.433613437213231,1.0020353763069882,3.0191293857098813,2.9756332266138763,1.014617446366366,1.0070682043307393,0.6407766990291263,0.7184466019417476,7.706430337900637,9.891096256246254,0.5260904587359574,0.10861853766638802,0.03827155778954237,9.537791591998907
latest,INDPRO,3,hist_gradient_boosting,naive_last,high_volatility,103,103,0,1.0,5.623870752118987,5.433613437213231,1.0350148786078044,3.197543196859415,2.9756332266138763,1.074575713250138,1.0508392124647377,0.6504854368932039,0.7087378640776699,7.388298947378493,9.48277903701279,0.5384085027395709,0.11787876740614697,0.10158635985565188,33.68198479099965
latest,INDPRO,3,mean,naive_last,high_volatility,103,103,0,1.0,7.06520442194129,5.433613437213231,1.3002773391190785,3.8736995385389283,2.9756332266138763,1.3018067898599879,1.3008891194154422,0.7475728155339806,0.8155339805825242,13.388712258102833,17.184226144338986,0.4072267892644456,0.07074188751931036,0.000899269089328248,0.028201137000218493
latest,INDPRO,3,naive_drift,naive_last,high_volatility,103,103,0,1.0,5.456735468807058,5.433613437213231,1.0042553692604392,2.992218849152884,2.9756332266138763,1.0055738127907252,1.0047827466725536,0.6601941747572816,0.7281553398058253,8.022726675373626,10.297058210389574,0.4345472175460463,0.10315603319145783,0.0035390882418448255,0.0303331870007016
latest,INDPRO,3,naive_last,naive_last,high_volatility,103,103,0,1.0,5.433613437213231,5.433613437213231,1.0,2.9756332266138763,2.9756332266138763,1.0,1.0,0.6601941747572816,0.7281553398058253,7.98849097465818,10.253117164233466,0.4362379968962093,0.10284253531028746,0.006015192235987219,0.0306123800007705
latest,INDPRO,3,random_forest,naive_last,high_volatility,103,103,0,1.0,6.086978246469027,5.433613437213231,1.1202449929141243,3.463543472556148,2.9756332266138763,1.163968543427474,1.1377344131194642,0.6019417475728155,0.6796116504854369,8.231450363971083,10.564952164445431,0.5550951088546142,0.1133936997983764,0.03520885321661749,82.14337517100051
latest,INDPRO,3,ridge,naive_last,high_volatility,103,103,0,1.0,5.448878786946109,5.433613437213231,1.0028094287363782,3.0267004408120917,2.9756332266138763,1.0171617972744333,1.0085503761516001,0.6407766990291263,0.7281553398058253,7.7367578750825095,9.930021228811766,0.5153895286108617,0.10792785334328045,0.024357812893514463,2.7561281530011237
latest,INDPRO,3,seasonal_naive,naive_last,high_volatility,103,103,0,1.0,9.999911122855863,5.433613437213231,1.8403795629570174,5.8029451867858475,2.9756332266138763,1.9501547216520743,1.8842896264350402,0.6504854368932039,0.7281553398058253,16.41210722360651,21.06471157186233,0.437809426797426,0.10751023636649457,0.004270124090373381,0.0286678619993326
latest,INDPRO,3,state_space,naive_last,high_volatility,103,103,0,1.0,6.3473564928547415,5.433613437213231,1.1681648991412512,3.1770878493475623,2.9756332266138763,1.0677014293737173,1.1279795112342377,0.7184466019417476,0.7572815533980582,8.255268290276334,10.595522141903187,0.44507646961808744,0.09011231971483341,0.018197289774193815,31.926139354000185
latest,INDPRO,3,var,naive_last,high_volatility,103,103,0,1.0,29.789886126710023,5.433613437213231,5.482518488099981,6.249291095572115,2.9756332266138763,2.1001550324411116,4.129573105836433,0.7572815533980582,0.8252427184466019,21.354518438812214,27.408227690749094,0.43901326331709123,0.07131117934440845,2.8435520211756164e-05,0.5153341080014342
latest,INDPRO,3,arima,naive_last,normal_volatility,139,139,0,1.0,1.9388709300299056,2.0128051573384766,0.9632680654463674,1.1490587091277717,1.1871372332306074,0.9679240756359643,0.9651304695222063,0.8201438848920863,0.8920863309352518,6.3108378846277695,8.09987273451736,0.343666863937222,0.0439974922897417,1.7775690717503932e-10,138.39909538700044
latest,INDPRO,3,autoreg,naive_last,normal_volatility,139,139,0,1.0,1.6824996507196084,2.0128051573384766,0.8358979231474001,1.008774842037324,1.1871372332306074,0.8497541933649084,0.8414404312344035,0.8489208633093526,0.8920863309352518,5.569615200680835,7.148523719114523,0.38151595574216035,0.055973647881970075,5.669825226874183e-06,1.5848266419998893
latest,INDPRO,3,bvar_niw,naive_last,normal_volatility,139,139,0,1.0,1.7977877735744265,2.0128051573384766,0.8931752619074333,1.08233179064522,1.1871372332306074,0.911715815449427,0.9005914833242308,0.8705035971223022,0.920863309352518,6.618612640740202,8.494897357393544,0.39773245154045594,0.04847069043550295,3.190645886583155e-08,18.86001572299852
latest,INDPRO,3,dynamic_factor,naive_last,normal_volatility,139,139,0,1.0,1.9406764298580903,2.0128051573384766,0.9641650722041264,1.1426192524579328,1.1871372332306074,0.9624997182073669,0.9634989306054226,0.7985611510791367,0.8920863309352518,6.192986106669432,7.9486116150827515,0.34761971070348024,0.04559708719415305,2.257605252995939e-10,904.9586171289998
latest,INDPRO,3,elastic_net,naive_last,normal_volatility,139,139,0,1.0,2.4339117954262877,2.0128051573384766,1.2092138111592672,1.4320131375724259,1.1871372332306074,1.2062743021507523,1.2080380075558612,0.7410071942446043,0.8129496402877698,6.275256565158724,8.054204605388659,0.378226283351273,0.07475023504894261,3.530908662613624e-05,15.537812178001738
latest,INDPRO,3,hist_gradient_boosting,naive_last,normal_volatility,139,139,0,1.0,1.6984266397980932,2.0128051573384766,0.8438107551572032,1.0447600095788494,1.1871372332306074,0.8800667524644132,0.8583131540800872,0.8273381294964028,0.8705035971223022,6.1424530601004985,7.8837531519786985,0.4474069314252501,0.06461567650916222,0.0014807242941626219,43.40824791300106
latest,INDPRO,3,mean,naive_last,normal_volatility,139,139,0,1.0,2.4279545363870816,2.0128051573384766,1.20625413122329,1.5770387740939873,1.1871372332306074,1.328438473623074,1.2551278681832037,0.9424460431654677,0.9640287769784173,11.524684351600476,14.7917722273979,0.3891959949742455,0.02748165684570064,8.660118569936454e-16,0.0382598000022306
latest,INDPRO,3,naive_drift,naive_last,normal_volatility,139,139,0,1.0,2.038411939115597,2.0128051573384766,1.0127219376817276,1.2022170910983667,1.1871372332306074,1.012702708200569,1.0127142458892642,0.7985611510791367,0.8848920863309353,6.431180197132997,8.254330420436407,0.33497709592386393,0.04366523657975111,2.340484590244884e-11,0.0408708530013726
latest,INDPRO,3,naive_last,naive_last,normal_volatility,139,139,0,1.0,2.0128051573384766,2.0128051573384766,1.0,1.1871372332306074,1.1871372332306074,1.0,1.0,0.7985611510791367,0.8992805755395683,6.392878587151647,8.205170836234164,0.33890004024733733,0.04434625005866135,6.741875942532937e-11,0.0416771339990515
latest,INDPRO,3,random_forest,naive_last,normal_volatility,139,139,0,1.0,1.9562041508288837,2.0128051573384766,0.97187954020128,1.179233109870048,1.1871372332306074,0.9933418621374973,0.9804644689757669,0.8489208633093526,0.8920863309352518,6.967729442832999,8.942983921829214,0.43653538771752676,0.05958962998451388,0.0003277230888081208,104.2809911119983
latest,INDPRO,3,ridge,naive_last,normal_volatility,139,139,0,1.0,2.4146196796184323,2.0128051573384766,1.199629119994542,1.4186677667735668,1.1871372332306074,1.1950326609779438,1.1977905363879027,0.7482014388489209,0.8129496402877698,6.307532490758692,8.095630307415531,0.38665923939256786,0.07492457308361977,4.6841063646973706e-05,4.085196588999673
latest,INDPRO,3,seasonal_naive,naive_last,normal_volatility,139,139,0,1.0,3.101061005887296,2.0128051573384766,1.5406662659727162,1.997907879601247,1.1871372332306074,1.6829628653498254,1.5975849057235598,0.9496402877697842,0.9856115107913669,14.877506598893463,19.09507299363736,0.4050569775591358,0.032557606125470026,2.05931333453055e-10,0.0381144050009177
latest,INDPRO,3,state_space,naive_last,normal_volatility,139,139,0,1.0,1.9886201933268783,2.0128051573384766,0.9879844485078834,1.1906692485704744,1.1871372332306074,1.0029752376060646,0.9939807641471559,0.841726618705036,0.8920863309352518,6.363931199970964,8.168017267017712,0.34173272305533536,0.04758527988837689,3.9119442309042816e-10,39.245982491001016
latest,INDPRO,3,var,naive_last,normal_volatility,139,139,0,1.0,2.1340653979396627,2.0128051573384766,1.0602444007851848,1.5186829723651136,1.1871372332306074,1.2792817290653555,1.147859332097253,0.8057553956834532,0.841726618705036,9.46292031978265,12.145526741198916,0.3525037015971073,0.05412051558392775,8.639358416562058e-13,0.6902276729990364
latest,INDPRO,3,arima,naive_last,recession,20,20,0,1.0,6.229930882808677,6.29708345716627,0.9893359243506339,4.081719961895298,4.1602448084282395,0.9811249457306316,0.9860515329026329,0.25,0.3,5.061299412884304,6.49610746863106,0.08921601663546876,0.025524979350069543,1.3462118426908433e-09,17.146235196000333
latest,INDPRO,3,autoreg,naive_last,recession,20,20,0,1.0,5.903650448810393,6.29708345716627,0.9375213920806246,3.782583925541169,4.1602448084282395,0.9092214760722812,0.9262014256772872,0.3,0.4,4.754468454702877,6.102294197285053,0.11280019241479562,0.03582467744165174,2.9517329260645492e-08,0.1903000179999586
latest,INDPRO,3,bvar_niw,naive_last,recession,20,20,0,1.0,6.4095993131965745,6.29708345716627,1.017867931526659,4.212251808610984,4.1602448084282395,1.0125009470782544,1.0157211377472972,0.25,0.4,5.0294642639789044,6.455247497366983,0.1254718226393612,0.048443649064647265,3.947935129745856e-09,2.7248145829998967
latest,INDPRO,3,dynamic_factor,naive_last,recession,16,20,4,0.8,6.75703020116735,6.641035988662422,1.0174662827762044,4.5303389942148495,4.4269914364376906,1.023344874111688,1.0198177193103977,0.1875,0.25,4.483374389147888,5.754348731053536,0.08162294962387205,0.029461001213364132,1.266050598705805e-09,84.54011363900034
latest,INDPRO,3,elastic_net,naive_last,recession,20,20,0,1.0,6.516318848334008,6.29708345716627,1.034815385989246,4.123959758403051,4.1602448084282395,0.9912781454707476,1.0174004897818465,0.45,0.45,6.109410660526784,7.841343691256834,0.21172036865394053,0.09383881478593986,1.2707177275590963e-05,1.9926916389997866
latest,INDPRO,3,hist_gradient_boosting,naive_last,recession,20,20,0,1.0,7.442928051279797,6.29708345716627,1.1819643334740182,5.421253755901708,4.1602448084282395,1.3031093134035745,1.2304223254458408,0.15,0.15,3.944202507590076,5.0623291129793,0.07090193452004233,0.037686150137595374,1.8408441395460623e-14,4.5863466819998555
latest,INDPRO,3,mean,naive_last,recession,20,20,0,1.0,11.89203525223653,6.29708345716627,1.8884989111432273,8.610649931930642,4.1602448084282395,2.0697459713155166,1.960997735212143,0.05,0.2,7.3637547278228395,9.451276872260134,0.028616884108270534,0.006157111526336225,6.919463294961073e-17,0.0054733590000913
latest,INDPRO,3,naive_drift,naive_last,recession,20,20,0,1.0,6.276948731942103,6.29708345716627,0.9968025316225955,4.134372334957116,4.1602448084282395,0.9937810213911671,0.9955939275300241,0.25,0.3,5.088070917672506,6.530468323031101,0.08629519301218012,0.02442840650055589,3.523502474842631e-10,0.0057453060002209
latest,INDPRO,3,naive_last,naive_last,recession,20,20,0,1.0,6.29708345716627,6.29708345716627,1.0,4.1602448084282395,4.1602448084282395,1.0,1.0,0.25,0.3,5.028652496054471,6.454205604515657,0.08546798455424745,0.02519402978652858,4.675889884218751e-10,0.0058517519996134
latest,INDPRO,3,random_forest,naive_last,recession,20,20,0,1.0,8.170593298213706,6.29708345716627,1.2975202494601412,5.924489851553707,4.1602448084282395,1.4240724102464557,1.348141113774667,0.15,0.2,4.490634984488545,5.763667604285793,0.06108542161394984,0.02639979082930241,1.2563296401789234e-13,10.383255188000248
latest,INDPRO,3,ridge,naive_last,recession,20,20,0,1.0,6.734297131659685,6.29708345716627,1.0694311386322588,4.31530302849779,4.1602448084282395,1.0372714172385764,1.0565672500747858,0.4,0.45,6.0670982320587425,7.787036277258079,0.21336952721952168,0.09648074765265836,1.94382872584767e-05,0.5659364850002351
latest,INDPRO,3,seasonal_naive,naive_last,recession,20,20,0,1.0,10.834775549254303,6.29708345716627,1.7206021840037713,7.4862960828160094,4.1602448084282395,1.7994845081350797,1.7521551136562945,0.2,0.35,8.291035849508424,10.641429307179918,0.06874599677535023,0.015567063110163397,1.0411658902368952e-11,0.005380992000253801
latest,INDPRO,3,state_space,naive_last,recession,20,20,0,1.0,5.691918341741517,6.29708345716627,0.9038975551870673,3.4939082486232658,4.1602448084282395,0.8398323679281944,0.8782714802835181,0.35,0.5,5.253575880247775,6.7428916427706485,0.16032340117773355,0.05383210750950753,2.3426366818819351e-07,4.883382230000109
latest,INDPRO,3,var,naive_last,recession,20,20,0,1.0,5.954491255501022,6.29708345716627,0.9455950990652081,3.8650318763444154,4.1602448084282395,0.9290395287590403,0.938972870942741,0.3,0.35,4.629444295016377,5.94182742556408,0.12970152973766086,0.056191898683772036,5.142701843751272e-10,0.0936151409999855
latest,INDPRO,6,arima,naive_last,all,239,239,0,1.0,4.996537990744786,5.087473249905245,0.9821256536017849,2.575667925336616,2.6988878554062596,0.9543441829852928,0.971013065355188,0.7782426778242678,0.8326359832635983,10.09396254927946,12.955460674295306,0.4187384386824659,0.06593113123167305,1.1324206541348932e-12,200.9552848569996
latest,INDPRO,6,autoreg,naive_last,all,239,239,0,1.0,4.557975230901468,5.087473249905245,0.8959212180597432,2.3558231144858754,2.6988878554062596,0.8728866261585577,0.886707381299269,0.7907949790794979,0.8451882845188284,8.9638454895201,11.504971131305297,0.49124893357516913,0.07761881040474149,0.07859687493310474,2.5198884450010395
latest,INDPRO,6,bvar_niw,naive_last,all,239,239,0,1.0,4.727654316639051,5.087473249905245,0.9292735478711568,2.4738728873819826,2.6988878554062596,0.9166267810744564,0.9242148411524767,0.8117154811715481,0.8702928870292888,10.255217096761656,13.16242864532329,0.45491533797061656,0.06896299549159839,1.5589416679772182e-06,37.482902993999666
latest,INDPRO,6,dynamic_factor,naive_last,all,231,239,8,0.9665271966527197,4.731287299247454,4.959456329283911,0.9539931365683784,2.4601946321401797,2.6130107572998558,0.9415172230987721,0.9490027711805358,0.7878787878787878,0.8528138528138528,9.73359481515587,12.492933694932145,0.4098550808010132,0.06567014389597008,2.808251154363562e-12,1391.7054969259984
latest,INDPRO,6,elastic_net,naive_last,all,239,239,0,1.0,5.356968821210974,5.087473249905245,1.0529723809969416,3.059951621748627,2.6988878554062596,1.1337824265721546,1.0852963992270268,0.6903765690376569,0.7656903765690377,10.507193085618898,13.485836325762895,0.5119681444586809,0.1053043416191176,0.030194188110680642,33.69869476499849
latest,INDPRO,6,hist_gradient_boosting,naive_last,all,239,239,0,1.0,4.8753043479223725,5.087473249905245,0.9582958196415432,2.596334104168914,2.6988878554062596,0.9620014773744987,0.9597780827347253,0.7405857740585774,0.8117154811715481,8.700362588802662,11.166794489384065,0.5681503155220728,0.09299218089562136,1.480067478036974e-06,73.00875129999967
latest,INDPRO,6,mean,naive_last,all,239,239,0,1.0,5.03183955372522,5.087473249905245,0.9890645722449625,2.6481202282563467,2.6988878554062596,0.981189426952951,0.9859145141281578,0.8577405857740585,0.895397489539749,12.582804419241754,16.149854631417504,0.3978065230656807,0.04600284727084152,2.7388645016061076e-17,0.061942580998570196
latest,INDPRO,6,naive_drift,naive_last,all,239,239,0,1.0,5.145610574891893,5.087473249905245,1.0114275441129308,2.737296507476379,2.6988878554062596,1.014231288637348,1.0125490419226977,0.7489539748953975,0.8284518828451883,10.293573934756562,13.211659113913532,0.396442685509375,0.0708252434630903,7.15349938205545e-14,0.0603447690001912
latest,INDPRO,6,naive_last,naive_last,all,239,239,0,1.0,5.087473249905245,5.087473249905245,1.0,2.6988878554062596,2.6988878554062596,1.0,1.0,0.7531380753138075,0.8242677824267782,10.187860024766081,13.07597677935747,0.40097947925787036,0.0707897603786025,2.8229749421136775e-13,0.0643110919988345
latest,INDPRO,6,random_forest,naive_last,all,239,239,0,1.0,5.14612528510548,5.087473249905245,1.0115287161856483,2.6977006075833594,2.6988878554062596,0.9995600973858465,1.0067412686657276,0.7154811715481172,0.7782426778242678,9.031378349173819,11.591648618287744,0.549314609956728,0.08771625843372041,1.1892448630185549e-06,183.92293561200034
latest,INDPRO,6,ridge,naive_last,all,239,239,0,1.0,5.317041092896823,5.087473249905245,1.0451241376052156,3.0374981365894675,2.6988878554062596,1.1254628940972566,1.077259640202032,0.6652719665271967,0.7740585774058577,10.331636765334014,13.260512228068757,0.510744097431127,0.10642155081786096,0.031140801361393078,6.187112929999021
latest,INDPRO,6,seasonal_naive,naive_last,all,239,239,0,1.0,7.02891412286139,5.087473249905245,1.3816120061156694,3.729042719974244,2.6988878554062596,1.3816960613996747,1.3816456282292715,0.8242677824267782,0.8577405857740585,15.843716039084061,20.335189384441264,0.4201636088238349,0.06505021007355168,1.91142040157559e-09,0.055661599001420606
latest,INDPRO,6,state_space,naive_last,all,239,239,0,1.0,6.6769292015283925,5.087473249905245,1.3124254170088758,3.1927607809747784,2.6988878554062596,1.1829912734533303,1.2606517595866578,0.7698744769874477,0.803347280334728,11.44183406137463,14.685435031115011,0.4135421217069451,0.07099430197831254,2.0193155823978466e-09,58.677864533000076
latest,INDPRO,6,var,naive_last,all,239,239,0,1.0,269.366466301165,5.087473249905245,52.94700395843497,30.74005961194049,2.6988878554062596,11.389898824570922,36.32416190488935,0.7740585774058577,0.8577405857740585,131.87409788870082,169.25857222218346,0.3950998988077597,0.06262264143249523,4.091057420551785e-23,1.0538451259987012
latest,INDPRO,6,arima,naive_last,expansion,219,219,0,1.0,4.577024991029953,4.670915020482053,0.9798990071451973,2.2631512683885573,2.3905663851668355,0.9467008665524317,0.966619750908091,0.8356164383561644,0.8858447488584474,10.499079162922827,13.475422218727125,0.4501956998433266,0.05756015790495072,8.369731574357126e-11,186.3373441729994
latest,INDPRO,6,autoreg,naive_last,expansion,219,219,0,1.0,4.120679105612631,4.670915020482053,0.882199544959258,2.0475859910817857,2.3905663851668355,0.8565275592373423,0.8719307506704916,0.8538812785388128,0.8995433789954338,9.319299248354326,11.961191091665265,0.5284309229545202,0.0641739726892381,0.00309823583654245,2.3481731810010693
latest,INDPRO,6,bvar_niw,naive_last,expansion,219,219,0,1.0,4.190553102594167,4.670915020482053,0.897158925867525,2.1344820082446136,2.3905663851668355,0.8928771112522985,0.8954462000214345,0.867579908675799,0.9178082191780822,10.738232250877752,13.782371884035475,0.4852877415985545,0.05869172360505627,1.842321690419545e-05,34.32021767299998
latest,INDPRO,6,dynamic_factor,naive_last,expansion,212,219,7,0.9680365296803652,4.206896690237592,4.519109779516733,0.9309127008389407,2.1178642688978675,2.300767514741979,0.9205033778197173,0.9267489716312514,0.8443396226415094,0.9056603773584906,10.135837712451913,13.009206864363062,0.44020969704794616,0.05791247089612523,1.2868171401680098e-10,1303.6647865489986
latest,INDPRO,6,elastic_net,naive_last,expansion,219,219,0,1.0,4.80699218408572,4.670915020482053,1.0291328707559366,2.72597934695285,2.3905663851668355,1.1403069012712677,1.0736024829620692,0.730593607305936,0.8082191780821918,10.732703778257765,13.775276166246995,0.5287949688886215,0.09545745318180708,0.0584675276542147,30.994431359998284
latest,INDPRO,6,hist_gradient_boosting,naive_last,expansion,219,219,0,1.0,4.123163884357482,4.670915020482053,0.8827315132639597,2.1559745226046543,2.3905663851668355,0.9018676644924841,0.8903859737553694,0.7945205479452054,0.867579908675799,9.17697225318626,11.778516371030193,0.6064917708677691,0.07428089830631769,3.4534820427378776e-10,68.84311139899962
latest,INDPRO,6,mean,naive_last,expansion,219,219,0,1.0,3.8095453151062233,4.670915020482053,0.815588658410888,2.0711649929868283,2.3905663851668355,0.8663909129811861,0.8359095602390072,0.9269406392694064,0.958904109589041,13.166630331054245,16.899187076846605,0.43155603851741414,0.036014923073983726,5.822960649581009e-15,0.0568951569987446
latest,INDPRO,6,naive_drift,naive_last,expansion,219,219,0,1.0,4.7405870094412395,4.670915020482053,1.0149161328462781,2.4339232783787863,2.3905663851668355,1.0181366614543628,1.016204344289512,0.8036529680365296,0.8812785388127854,10.714121927217287,13.751426618635216,0.42588504289907564,0.06439007344268408,6.762811639334622e-12,0.0554682830002768
latest,INDPRO,6,naive_last,naive_last,expansion,219,219,0,1.0,4.670915020482053,4.670915020482053,1.0,2.3905663851668355,2.3905663851668355,1.0,1.0,0.8082191780821918,0.8767123287671232,10.61415874237757,13.623125259902649,0.4307290531171393,0.0639633633848522,2.464344357579856e-11,0.059087954998862394
latest,INDPRO,6,random_forest,naive_last,expansion,219,219,0,1.0,4.391085056444717,4.670915020482053,0.9400909751493494,2.239982176607718,2.3905663851668355,0.9370089826856625,0.9388581781638746,0.771689497716895,0.8310502283105022,9.531559918323426,12.233624712164533,0.5918575592047624,0.06962034319767237,3.123354176606588e-11,173.80631658000024
latest,INDPRO,6,ridge,naive_last,expansion,219,219,0,1.0,4.792392609205931,4.670915020482053,1.0260072358823047,2.7122344190201124,2.3905663851668355,1.1345572479598085,1.0694272407133063,0.7077625570776256,0.817351598173516,10.585029387426735,13.585738137581682,0.527413237200851,0.09660986924989429,0.13085883465569814,5.717313554999383
latest,INDPRO,6,seasonal_naive,naive_last,expansion,219,219,0,1.0,6.558259145212454,4.670915020482053,1.4040630404223498,3.360098269477931,2.3905663851668355,1.4055657648023996,1.4046641301743699,0.8767123287671232,0.9041095890410958,16.614369424516006,21.3243122962544,0.45225494423599966,0.057282507438599986,2.382626156149475e-07,0.0511252500014442
latest,INDPRO,6,state_space,naive_last,expansion,219,219,0,1.0,6.60303713341559,4.670915020482053,1.413649596376972,3.0199899661666807,2.3905663851668355,1.263294750944939,1.3535076582041587,0.8127853881278538,0.8447488584474886,11.899442035528576,15.27276850738381,0.44128707557613445,0.06538719300338416,1.51120897044005e-07,54.69456496900003
latest,INDPRO,6,var,naive_last,expansion,219,219,0,1.0,281.3872546361926,4.670915020482053,60.242426462974386,33.0300426512185,2.3905663851668355,13.816827198845333,41.67218675732276,0.8264840182648402,0.9041095890410958,143.49035487504682,184.16787665385655,0.41650662851762754,0.054075652723799605,4.086340466197227e-21,0.9734028549987207
latest,INDPRO,6,arima,naive_last,high_volatility,104,104,0,1.0,7.105919379685189,7.187489585262019,0.988651085388132,4.079699131787306,4.268763047687719,0.9557099061746178,0.9754746137027264,0.6346153846153846,0.6923076923076923,10.872073514655053,13.954155286341496,0.45964104691657515,0.10320576971555705,0.015465150537074411,85.71404661000034
latest,INDPRO,6,autoreg,naive_last,high_volatility,104,104,0,1.0,6.558647925225469,7.187489585262019,0.9125088596544206,3.834407688745343,4.268763047687719,0.8982479575253877,0.9068044988028074,0.6346153846153846,0.6923076923076923,9.772877573507118,12.54335256943389,0.518292552597796,0.1146266055068152,0.011241908991149685,1.1178467810002055
latest,INDPRO,6,bvar_niw,naive_last,high_volatility,104,104,0,1.0,6.737162842274204,7.187489585262019,0.9373457536674262,3.9194251644794282,4.268763047687719,0.9181641427959983,0.929673109318855,0.6634615384615384,0.7307692307692307,10.988993882143525,14.104220953380176,0.45189978509869466,0.10168196908971042,0.0564103578164273,16.179637359999347
latest,INDPRO,6,dynamic_factor,naive_last,high_volatility,96,104,8,0.9230769230769231,6.811374362673193,7.121325604862616,0.9564756255523859,3.9432089149764966,4.192944213059307,0.9404391555449303,0.9500610375494036,0.6458333333333334,0.6979166666666666,10.658435253643377,13.679953546880995,0.4357870182623367,0.10163986516007938,0.006290866444890973,601.8182307039987
latest,INDPRO,6,elastic_net,naive_last,high_volatility,104,104,0,1.0,6.9777068558082815,7.187489585262019,0.9708127953487546,4.240146979416746,4.268763047687719,0.993296402739788,0.979806238305168,0.5576923076923077,0.625,11.071873930522749,14.21059634383943,0.5767594539629604,0.12668426191233612,0.00030283435920437857,13.536849321999695
latest,INDPRO,6,hist_gradient_boosting,naive_last,high_volatility,104,104,0,1.0,6.64781231402634,7.187489585262019,0.9249143578110653,3.8221959884878824,4.268763047687719,0.8953872458576189,0.9131035130296867,0.6730769230769231,0.7211538461538461,9.260787651912358,11.886092270662774,0.5372200619399202,0.10458515839280909,0.05913365332740247,32.74022363499989
latest,INDPRO,6,mean,naive_last,high_volatility,104,104,0,1.0,7.0837104780903895,7.187489585262019,0.9855611467758606,3.964057289045179,4.268763047687719,0.9286196597846789,0.9627845519793878,0.7403846153846154,0.8076923076923077,13.411126499816586,17.21299451212805,0.4065527432380468,0.07018812894494737,0.0007436232365705439,0.0268079179992868
latest,INDPRO,6,naive_drift,naive_last,high_volatility,104,104,0,1.0,7.259563806246915,7.187489585262019,1.0100277322325009,4.320016492531224,4.268763047687719,1.0120066268075636,1.010819290062526,0.5961538461538461,0.6730769230769231,11.101406796171094,14.248501366533786,0.4275629034981963,0.11329864029550799,0.0007381256799728022,0.026348526000371103
latest,INDPRO,6,naive_last,naive_last,high_volatility,104,104,0,1.0,7.187489585262019,7.187489585262019,1.0,4.268763047687719,4.268763047687719,1.0,1.0,0.6057692307692307,0.6634615384615384,11.002666347853458,14.121769373137123,0.43004793379893547,0.11246747519018596,0.0013906881478981993,0.0278239449991515
latest,INDPRO,6,random_forest,naive_last,high_volatility,104,104,0,1.0,6.9986861451979685,7.187489585262019,0.9737316572324234,4.0679136946774,4.268763047687719,0.952949050868702,0.9654186146869348,0.6057692307692307,0.6730769230769231,9.667753295070774,12.408427018784515,0.5623321554560697,0.11230656451176237,0.008146974103473002,82.02531781300004
latest,INDPRO,6,ridge,naive_last,high_volatility,104,104,0,1.0,6.9160041235496585,7.187489585262019,0.9622280549429884,4.212440106055416,4.268763047687719,0.986805793387194,0.9720591503206706,0.5192307692307693,0.625,10.835580608276375,13.90731714808097,0.5741293261530636,0.12767988368782487,0.000983913727642669,2.5662763549987733
latest,INDPRO,6,seasonal_naive,naive_last,high_volatility,104,104,0,1.0,10.020487005856872,7.187489585262019,1.3941567340012468,5.888235560705476,4.268763047687719,1.379377467178691,1.3882450272722244,0.6634615384615384,0.6923076923076923,16.35860206401589,20.996038442993065,0.4401912556934888,0.10787076811206153,0.006393931799491466,0.0243069710007212
latest,INDPRO,6,state_space,naive_last,high_volatility,104,104,0,1.0,9.683397265360519,7.187489585262019,1.347257223887513,5.247077292030354,4.268763047687719,1.229179795976861,1.300026252723252,0.5961538461538461,0.6442307692307693,12.457546812188149,15.989088233244653,0.44047336702962103,0.11045187615873979,0.009532443268034286,26.46701677400077
latest,INDPRO,6,var,naive_last,high_volatility,104,104,0,1.0,408.3310589348362,7.187489585262019,56.81136008490655,61.84357218253218,4.268763047687719,14.487468967393557,39.881803637901356,0.6634615384615384,0.7884615384615384,216.3595946908757,277.69453342425976,0.4005387632450226,0.08103492980151572,3.5450275747136466e-10,0.45874169399932363
latest,INDPRO,6,arima,naive_last,normal_volatility,135,135,0,1.0,2.3019207413642113,2.454397583769523,0.937876062373263,1.4170068477746032,1.4895025220931344,0.9513289348334529,0.943257211357339,0.8888888888888888,0.9407407407407408,9.494528916693822,12.186095936126389,0.38722828122804087,0.03547298783493083,3.3297606260048497e-12,115.24123824699927
latest,INDPRO,6,autoreg,naive_last,normal_volatility,135,135,0,1.0,1.9082827649437961,2.454397583769523,0.7774953730246953,1.2167653683896926,1.4895025220931344,0.8168937953054447,0.7932547419369951,0.9111111111111111,0.9629629629629629,8.340591143337512,10.705032838228453,0.4704153307725529,0.048746866276481525,0.0008941689211022948,1.4020416640008337
latest,INDPRO,6,bvar_niw,naive_last,normal_volatility,135,135,0,1.0,2.1453260077039236,2.454397583769523,0.8740743642719367,1.3602622442846906,1.4895025220931344,0.9132325888063432,0.8897376540856994,0.9259259259259259,0.9777777777777777,9.689937202837843,12.436899756153547,0.4572384305534304,0.04431549118004769,3.0285766183797602e-06,21.30326563400031
latest,INDPRO,6,dynamic_factor,naive_last,normal_volatility,135,135,0,1.0,2.3046660854600947,2.454397583769523,0.9389946032787944,1.4056066976787986,1.4895025220931344,0.9436752719985727,0.9408668707667057,0.8888888888888888,0.9629629629629629,9.07593050334253,11.648830689101853,0.3914145919396276,0.039834942234048064,5.694029791934824e-12,789.8872662219998
latest,INDPRO,6,elastic_net,naive_last,normal_volatility,135,135,0,1.0,3.6464265663078006,2.454397583769523,1.4856706959055634,2.1507640869524454,1.4895025220931344,1.4439479323137152,1.4689815904688241,0.7925925925925926,0.8740740740740741,10.072179693989263,12.927502682207635,0.46205483935908787,0.08388836314176892,0.32689210970251165,20.16184544299879
latest,INDPRO,6,hist_gradient_boosting,naive_last,normal_volatility,135,135,0,1.0,2.834416934465586,2.454397583769523,1.1548320260780325,1.6519664303231902,1.4895025220931344,1.1090725969377697,1.1365282544219273,0.7925925925925926,0.8814814814814815,8.268627725370006,10.612668791213794,0.5919780664298051,0.08346063527155201,2.0337997383293184e-06,40.26852766499978
latest,INDPRO,6,mean,naive_last,normal_volatility,135,135,0,1.0,2.4836168236088594,2.454397583769523,1.0119048519410863,1.6343613073523573,1.4895025220931344,1.0972531319085375,1.0460441639280667,0.9481481481481482,0.9629629629629629,11.944689631243367,15.330843167759014,0.3910686941921542,0.027650865457542785,1.9533061814851786e-15,0.0351346629992834
latest,INDPRO,6,naive_drift,naive_last,normal_volatility,135,135,0,1.0,2.505024469034164,2.454397583769523,1.0206270107171826,1.518015926397091,1.4895025220931344,1.0191429043462699,1.0200333681688174,0.8666666666666667,0.9481481481481482,9.671243434111293,12.412906563746814,0.37246859165132,0.037375635121923934,3.7322400795603415e-13,0.0339962429998201
latest,INDPRO,6,naive_last,naive_last,normal_volatility,135,135,0,1.0,2.454397583769523,2.454397583769523,1.0,1.4895025220931344,1.4895025220931344,1.0,1.0,0.8666666666666667,0.9481481481481482,9.560157375869139,12.270329151556847,0.3785860031669757,0.038121175158481395,1.7645323761447381e-12,0.036487146999683
latest,INDPRO,6,random_forest,naive_last,normal_volatility,135,135,0,1.0,3.024903421312175,2.454397583769523,1.232442307356926,1.6421290441923948,1.4895025220931344,1.102468119278362,1.1804526321255004,0.8,0.8592592592592593,8.54113394640876,10.962426739386524,0.5392862786090868,0.06923651704827939,8.36092502305526e-05,101.8976177990003
latest,INDPRO,6,ridge,naive_last,normal_volatility,135,135,0,1.0,3.6335020900929846,2.454397583769523,1.4804048513250916,2.1323576564082924,1.4895025220931344,1.4315904973506062,1.4608791097352976,0.7777777777777778,0.8888888888888888,9.94341336040064,12.76223288228157,0.46191399530459804,0.08535500340271204,0.3521261254888968,3.620836575000248
latest,INDPRO,6,seasonal_naive,naive_last,normal_volatility,135,135,0,1.0,3.1801349175142275,2.454397583769523,1.2956885789587926,2.0656645315590723,1.4895025220931344,1.3868150613510086,1.332139171915679,0.9481481481481482,0.9851851851851852,15.447063101358802,19.826090850445798,0.4047349030872126,0.03207022180445807,1.9021881364324017e-10,0.03135462800069941
latest,INDPRO,6,state_space,naive_last,normal_volatility,135,135,0,1.0,2.586374097281353,2.454397583769523,1.053771448596823,1.610176209494929,1.4895025220931344,1.0810161014243984,1.0646693097278532,0.9037037037037037,0.9259259259259259,10.659359053340513,13.681139230955878,0.39279508827318005,0.0401982159897456,1.442197776967656e-08,32.21084775899931
latest,INDPRO,6,var,naive_last,normal_volatility,135,135,0,1.0,2.81488530517585,2.454397583769523,1.146874216219151,6.7788351131143125,1.4895025220931344,4.551073269475438,2.508553837521666,0.8592592592592593,0.9111111111111111,66.7889744262846,85.72272062947287,0.39090995879683127,0.04889660026955774,9.21717512451306e-14,0.5951034319993773
latest,INDPRO,6,arima,naive_last,recession,20,20,0,1.0,8.303201524448804,8.390080068795946,0.9896450875754741,5.997725318917864,6.075007954527949,0.9872785951576436,0.9886984906083418,0.15,0.25,5.657935629884634,7.261881762766902,0.07428142897104138,0.02914572088466159,5.737445409126318e-13,14.617940684000217
latest,INDPRO,6,autoreg,naive_last,recession,20,20,0,1.0,7.895058084946176,8.390080068795946,0.9409991347173389,5.731019615760654,6.075007954527949,0.9433764792833058,0.9419500725437258,0.1,0.25,5.071626830285328,6.509362565363665,0.08410614987127443,0.04554096476001495,2.0718026614362623e-12,0.1717152639999699
latest,INDPRO,6,bvar_niw,naive_last,recession,20,20,0,1.0,8.648756944657068,8.390080068795946,1.03083127619046,6.190203013936169,6.075007954527949,1.0189621248680605,1.0260836156615003,0.2,0.35,4.966201159190392,6.374050181424899,0.12233751824469578,0.06337964747667936,2.379413765806844e-10,3.162685320999685
latest,INDPRO,6,dynamic_factor,naive_last,recession,19,20,1,0.95,8.641946834567385,8.436090881016135,1.0244018179100571,6.279880790422821,6.096987990050906,1.029997238090408,1.0266399859821975,0.15789473684210525,0.2631578947368421,5.2454109084842395,6.732412014966129,0.0711614679404971,0.02831724746129562,7.483464772044588e-13,88.0407103769999
latest,INDPRO,6,elastic_net,naive_last,recession,20,20,0,1.0,9.481928597388109,8.390080068795946,1.1301356506301916,6.7169480307623814,6.075007954527949,1.1056690099896853,1.1203489943739893,0.25,0.3,8.037851001223324,10.316470072462014,0.3277144169508325,0.18482693090729385,9.232216073974784e-06,2.7042634050002046
latest,INDPRO,6,hist_gradient_boosting,naive_last,recession,20,20,0,1.0,9.89340283345931,8.390080068795946,1.1791785957150114,7.418271522297556,6.075007954527949,1.2211130549661944,1.1959523794154845,0.15,0.2,3.481486763802259,4.468439885358945,0.1483113794866979,0.11008757167297983,5.791971234665666e-12,4.1656399010000476
latest,INDPRO,6,mean,naive_last,recession,20,20,0,1.0,11.98555723600487,8.390080068795946,1.4285390768296815,8.965780054457566,6.075007954527949,1.4758466361801235,1.4474621005698582,0.1,0.2,6.189910684894997,7.944664353968887,0.02824932886919949,0.006132973682507793,8.357809728928522e-17,0.0050474239998256
latest,INDPRO,6,naive_drift,naive_last,recession,20,20,0,1.0,8.385861552436946,8.390080068795946,0.9994972018950463,6.0592333660950235,6.075007954527949,0.9974033633287396,0.9986596664685237,0.15,0.25,5.688573417311654,7.301204937211064,0.07404887209215265,0.02898820197995902,5.397774153311247e-13,0.004876485999914399
latest,INDPRO,6,naive_last,naive_last,recession,20,20,0,1.0,8.390080068795946,8.390080068795946,1.0,6.075007954527949,6.075007954527949,1.0,1.0,0.15,0.25,5.519889066920267,7.084700917387783,0.0752216454988747,0.030934910125767212,4.589469541971534e-13,0.0052231369999721
latest,INDPRO,6,random_forest,naive_last,recession,20,20,0,1.0,10.26320168485044,8.390080068795946,1.2232543194696,7.709717426766628,6.075007954527949,1.2690876266294044,1.241587642333522,0.1,0.2,3.554390166985648,4.562010390336905,0.08346931569075002,0.05066469853210045,4.402525142318864e-14,10.116619032000102
latest,INDPRO,6,ridge,naive_last,recession,20,20,0,1.0,9.292395854730595,8.390080068795946,1.1075455512385997,6.599135843973909,6.075007954527949,1.086276082824765,1.0990377638730657,0.2,0.3,7.556987553418741,9.699288518902254,0.32821701695264976,0.1863265004046799,1.0138735773316716e-05,0.4697993749996376
latest,INDPRO,6,seasonal_naive,naive_last,recession,20,20,0,1.0,10.928379031164367,8.390080068795946,1.302535725708836,7.768984452908863,6.075007954527949,1.2788435029320948,1.2930588365981395,0.25,0.35,7.4050614686042975,9.504293500087401,0.06876348606063071,0.015746550855852887,2.968381342136231e-11,0.004536348999976399
latest,INDPRO,6,state_space,naive_last,recession,20,20,0,1.0,7.4381748634934715,8.390080068795946,0.8865439665060215,5.084601203123452,6.075007954527949,0.8369702955423611,0.8667144981205575,0.3,0.35,6.431026744388933,8.254133465971659,0.10973487683932182,0.033035610291577214,1.757181204465312e-08,3.983299564000048
latest,INDPRO,6,var,naive_last,recession,20,20,0,1.0,7.992804107293746,8.390080068795946,0.9526493241727534,5.6647453318463015,6.075007954527949,0.9324671464214525,0.9445764530722329,0.2,0.35,4.676083888211982,6.001688695363812,0.16069620848470673,0.10086517039839023,4.486431954065444e-10,0.08044227099998029
latest,INDPRO,12,arima,naive_last,all,235,235,0,1.0,6.901644375319854,7.145570696372249,0.96586328350565,3.6310086732051126,3.8452045325421635,0.9442953274593587,0.9572361010871335,0.8085106382978723,0.8638297872340426,14.765339682222699,18.95110831467303,0.43446987986930125,0.06535377581521903,2.3100454608617166e-09,225.4175475260002
latest,INDPRO,12,autoreg,naive_last,all,235,235,0,1.0,6.167738129690593,7.145570696372249,0.8631554275744422,3.2038119401408376,3.8452045325421635,0.8331967553420924,0.8511719586815023,0.851063829787234,0.8765957446808511,13.06995150091101,16.775101141730175,0.5342184937773341,0.06574770849558884,9.572648362613682e-05,2.7111635910017515
latest,INDPRO,12,bvar_niw,naive_last,all,235,235,0,1.0,6.364482398138159,7.145570696372249,0.8906891651592443,3.3563394647901648,3.8452045325421635,0.8728637024078411,0.883558980058683,0.8468085106382979,0.8723404255319149,14.306167241494087,18.36176686729423,0.5056118968500889,0.0658571818891266,0.014938108560434225,84.05996010700102
latest,INDPRO,12,dynamic_factor,naive_last,all,227,235,8,0.9659574468085106,6.023803704842213,6.528517820349013,0.9226908573438163,3.188545216777702,3.517998036110401,0.9063521878207325,0.9161553895345828,0.8061674008810573,0.8590308370044053,12.881690142010745,16.533470303512342,0.41518575100476424,0.06479631288762679,1.3589308106408346e-08,1499.2217184919996
latest,INDPRO,12,elastic_net,naive_last,all,235,235,0,1.0,8.792633959620847,7.145570696372249,1.2305012899928063,5.188479330800334,3.8452045325421635,1.3493376716088745,1.2780358426392335,0.6553191489361702,0.7531914893617021,16.894805959284444,21.684248691905832,0.5936268081668092,0.10881015242635579,1.4557063599951747e-10,40.411900027997035
latest,INDPRO,12,hist_gradient_boosting,naive_last,all,235,235,0,1.0,6.5516812961678275,7.145570696372249,0.9168870583694687,3.779542064302393,3.8452045325421635,0.9829235434203654,0.9433016523898273,0.6,0.6978723404255319,11.10898740687408,14.258230975036911,0.6154357098208059,0.10653849019153495,3.1838932739994796e-09,71.4884621559979
latest,INDPRO,12,mean,naive_last,all,235,235,0,1.0,5.11690998336327,7.145570696372249,0.7160953548414384,2.7801174851391797,3.8452045325421635,0.7230090003303862,0.7188608130370175,0.8638297872340426,0.8936170212765957,13.088390790173996,16.79876771328146,0.39914973382725594,0.044747840645600466,6.9127644560452685e-18,0.061527821999975904
latest,INDPRO,12,naive_drift,naive_last,all,235,235,0,1.0,7.310575133041382,7.145570696372249,1.0230918485983078,3.9405383010155703,3.8452045325421635,1.0247928992246296,1.0237722688488367,0.7914893617021277,0.8425531914893617,15.052131201050306,19.319201244060572,0.40563425242196594,0.07163514370262161,6.698506665487071e-10,0.0671487009991717
latest,INDPRO,12,naive_last,naive_last,all,235,235,0,1.0,7.145570696372249,7.145570696372249,1.0,3.8452045325421635,3.8452045325421635,1.0,1.0,0.8042553191489362,0.8425531914893617,14.748797374504608,18.92987649257565,0.41180574643292595,0.07100898500247255,3.513603522947472e-09,0.0686842769984127
latest,INDPRO,12,random_forest,naive_last,all,235,235,0,1.0,6.271085841957813,7.145570696372249,0.8776186127640715,3.6374492977858037,3.8452045325421635,0.945970303270446,0.9049592889666214,0.6212765957446809,0.7276595744680852,10.34506365920457,13.277745459782139,0.5555213833409539,0.11141361271789556,0.00028308376957919014,170.19781526200194
latest,INDPRO,12,ridge,naive_last,all,235,235,0,1.0,8.714353895576474,7.145570696372249,1.2195462428215404,5.1700104595196965,3.8452045325421635,1.3445345795693395,1.26954157752066,0.6425531914893617,0.7531914893617021,16.495066666693898,21.171188864326314,0.5876007403403316,0.11195604666491407,2.695309887271335e-10,6.33308082599915
latest,INDPRO,12,seasonal_naive,naive_last,all,235,235,0,1.0,7.145570696372249,7.145570696372249,1.0,3.876231675231429,3.8452045325421635,1.0080690487142312,1.0032276194856924,0.8212765957446808,0.8595744680851064,16.338230927681657,20.969892372569248,0.42155861088901386,0.06492809891340141,6.781681841023791e-10,0.06337510499867172
latest,INDPRO,12,state_space,naive_last,all,235,235,0,1.0,12.516506592775768,7.145570696372249,1.7516454772647203,5.886705458057441,3.8452045325421635,1.5309212834422592,1.6633557997357358,0.7914893617021277,0.825531914893617,20.74963518218254,26.631868435843323,0.4275312067401451,0.07154939763969254,6.2024307676407655e-09,67.33984066799914
latest,INDPRO,12,var,naive_last,all,235,235,0,1.0,49419.30227456678,7.145570696372249,6916.074918922372,5005.084212510855,3.8452045325421635,1301.6431688230286,4670.302218882634,0.8212765957446808,0.8723404255319149,19517.632073313813,25050.60956454924,0.4129859465528606,0.06053368248668802,5.95815124216367e-17,1.165186213999948
latest,INDPRO,12,arima,naive_last,expansion,215,215,0,1.0,6.426286142075176,6.697148666315991,0.9595555455408737,3.2448697304816805,3.461963696775086,0.9372916687440616,0.9506499948221488,0.8558139534883721,0.9116279069767442,15.519588609572326,19.919176332480866,0.46744984711635773,0.05701182825386689,1.4168138402238457e-07,209.30907943100033
latest,INDPRO,12,autoreg,naive_last,expansion,215,215,0,1.0,5.660379490043872,6.697148666315991,0.8451924501113948,2.8043829035825767,3.461963696775086,0.8100555491656184,0.8311376897330842,0.8976744186046511,0.9255813953488372,13.826089674292552,17.745593980568504,0.572471424996448,0.05067690205772992,2.4595416930339157e-08,2.524388240002043
latest,INDPRO,12,bvar_niw,naive_last,expansion,215,215,0,1.0,5.895682498647071,6.697148666315991,0.8803272545374454,3.006999668242776,3.461963696775086,0.8685820914424605,0.8756291892994514,0.8883720930232558,0.9162790697674419,15.092619848867473,19.37116786093574,0.5375382794078141,0.05488200707821992,6.741481556883053e-05,76.86735443500083
latest,INDPRO,12,dynamic_factor,naive_last,expansion,207,215,8,0.9627906976744186,5.3077497629376404,5.946346387406475,0.8926068912128475,2.7069366030301905,3.0883318060690623,0.8765044603402491,0.8861659188638081,0.8599033816425121,0.9130434782608695,13.536309376341949,17.3736649947063,0.4490637000848842,0.056705863791420834,5.43720644365673e-07,1396.8448307409997
latest,INDPRO,12,elastic_net,naive_last,expansion,215,215,0,1.0,8.79844276340427,6.697148666315991,1.3137595119631966,5.155993171330973,3.461963696775086,1.4893261810151048,1.3839861795839599,0.6883720930232559,0.786046511627907,17.649669394032127,22.65310542142037,0.5989223336038304,0.10136933427470038,2.5252060878732375e-09,37.21698839999701
latest,INDPRO,12,hist_gradient_boosting,naive_last,expansion,215,215,0,1.0,5.948753734567413,6.697148666315991,0.888251706952138,3.3618299946543795,3.461963696775086,0.9710760392392376,0.9213814398669777,0.6511627906976745,0.7534883720930232,11.911990518965759,15.288874311511655,0.6673925363932575,0.08069295537423146,5.002304844585072e-12,67.32887353399806
latest,INDPRO,12,mean,naive_last,expansion,215,215,0,1.0,3.8690858522272027,6.697148666315991,0.5777213624788075,2.1762413850669065,3.461963696775086,0.6286147330470666,0.5980787107061112,0.9255813953488372,0.9441860465116279,13.743304734425474,17.639340660563036,0.43096343258232406,0.03592625183398552,1.7390843217800333e-15,0.056318093999908996
latest,INDPRO,12,naive_drift,naive_last,expansion,215,215,0,1.0,6.872265475159682,6.697148666315991,1.0261479649876162,3.560813607985321,3.461963696775086,1.0285531333856321,1.0271100323468225,0.8465116279069768,0.8883720930232558,15.830182166681126,20.317818847268065,0.4375828802911772,0.06522827978436606,1.4715513144008155e-07,0.06154690099906519
latest,INDPRO,12,naive_last,naive_last,expansion,215,215,0,1.0,6.697148666315991,6.697148666315991,1.0,3.461963696775086,3.461963696775086,1.0,1.0,0.8511627906976744,0.8883720930232558,15.530794317631491,19.933558703069156,0.44379314861966346,0.06429497043960256,6.07876211247512e-07,0.0630231069986735
latest,INDPRO,12,random_forest,naive_last,expansion,215,215,0,1.0,5.589633131731117,6.697148666315991,0.8346287965570722,3.1375044635744676,3.461963696775086,0.9062788458749983,0.8632888162842427,0.6790697674418604,0.7953488372093023,11.081927394008241,14.223499824528098,0.6070418553254013,0.09048816775887919,1.2083781989955316e-05,160.72480433800197
latest,INDPRO,12,ridge,naive_last,expansion,215,215,0,1.0,8.764384730934236,6.697148666315991,1.3086740593076012,5.200398099626866,3.461963696775086,1.502152695729068,1.386065513876188,0.6651162790697674,0.7767441860465116,17.209519795063947,22.08817952711475,0.5988624068198127,0.1065189757012281,2.335958511673048e-10,5.91019304399909
latest,INDPRO,12,seasonal_naive,naive_last,expansion,215,215,0,1.0,6.697148666315991,6.697148666315991,1.0,3.5082099266380484,3.461963696775086,1.013358380940286,1.0053433523761144,0.8697674418604651,0.9023255813953488,17.1320677025711,21.988770842613082,0.4523605326203363,0.058112411164682125,9.165639816359093e-08,0.0580590769990039
latest,INDPRO,12,state_space,naive_last,expansion,215,215,0,1.0,12.709028229450965,6.697148666315991,1.8976774837584762,5.774215795310186,3.461963696775086,1.6679018906781218,1.8057672465263344,0.8232558139534883,0.8604651162790697,21.887219025249067,28.091941491455568,0.45616838829765666,0.06512673677459639,1.6114946865080033e-07,62.53094419099949
latest,INDPRO,12,var,naive_last,expansion,215,215,0,1.0,51666.769744351455,6.697148666315991,7714.7413501830815,5470.001710547366,3.461963696775086,1580.0286166035833,5260.856256751282,0.8651162790697674,0.9116279069767442,21332.70406112,27380.229240096447,0.4361587501765828,0.05484619104309047,1.989927748716283e-14,1.0700907150001808
latest,INDPRO,12,arima,naive_last,high_volatility,104,104,0,1.0,9.787817907172458,10.122417621156881,0.9669446839176962,5.68492756760024,6.099457672708295,0.9320382028450088,0.9529820914886212,0.6442307692307693,0.7115384615384616,14.608081164093116,18.749269191793463,0.46729838516535094,0.10471782629869679,0.011099324381852635,96.92233573100063
latest,INDPRO,12,autoreg,naive_last,high_volatility,104,104,0,1.0,8.758080326108612,10.122417621156881,0.8652162609654964,5.0683127605855045,6.099457672708295,0.8309448204327091,0.8515076847523815,0.6923076923076923,0.7403846153846154,12.88425444835811,16.536761555077614,0.5168110396117562,0.10803905348674772,0.04464696006133823,1.216137704999676
latest,INDPRO,12,bvar_niw,naive_last,high_volatility,104,104,0,1.0,9.061857963662787,10.122417621156881,0.8952266447417249,5.269650202577248,6.099457672708295,0.8639538931725065,0.8827175441140376,0.6634615384615384,0.7211538461538461,13.947943045772364,17.901991089684955,0.4940845874822576,0.10686031133626314,0.047921542781520596,37.11335684200051
latest,INDPRO,12,dynamic_factor,naive_last,high_volatility,96,104,8,0.9230769230769231,8.640891631779773,9.31641163227338,0.9274913961343754,5.060886449816387,5.513605073034533,0.9178906328579347,0.9236510908237991,0.625,0.6979166666666666,13.15464964376478,16.883810031184712,0.4163349707955111,0.10087296730038527,0.0005294209159026715,650.1063111079993
latest,INDPRO,12,elastic_net,naive_last,high_volatility,104,104,0,1.0,11.46727499159901,10.122417621156881,1.1328593050370932,7.240724878903089,6.099457672708295,1.1871096198111735,1.1545594309467253,0.4326923076923077,0.625,15.746617414439088,20.210564648914985,0.6352639366927976,0.136682219202363,5.4300569173551845e-12,18.4228100719979
latest,INDPRO,12,hist_gradient_boosting,naive_last,high_volatility,104,104,0,1.0,8.169159548043197,10.122417621156881,0.807036407090024,5.017122028640852,6.099457672708295,0.822552151003474,0.813242704655404,0.5769230769230769,0.625,10.920054040715137,14.015737624840245,0.5185185217892252,0.12849910890649494,0.004410996254322275,31.751703116998527
latest,INDPRO,12,mean,naive_last,high_volatility,104,104,0,1.0,7.145388259647535,10.122417621156881,0.7058973979410756,4.128204586155806,6.099457672708295,0.6768150231826744,0.6942644480377151,0.7307692307692307,0.7788461538461539,13.143616501545601,16.869649146454194,0.40059535857096495,0.07070487758983357,0.0002818414796661036,0.027253503000106295
latest,INDPRO,12,naive_drift,naive_last,high_volatility,104,104,0,1.0,10.338894955067776,10.122417621156881,1.0213859319001455,6.22737826430136,6.099457672708295,1.0209724533650653,1.0212205404861134,0.6057692307692307,0.6634615384615384,14.953847855965735,19.193055936312007,0.4306344069837815,0.11885083073915871,0.0007091017348676001,0.0299155150007043
latest,INDPRO,12,naive_last,naive_last,high_volatility,104,104,0,1.0,10.122417621156881,10.122417621156881,1.0,6.099457672708295,6.099457672708295,1.0,1.0,0.6057692307692307,0.6634615384615384,14.64623128164294,18.798234337564853,0.43393671055853744,0.11826014367776543,0.0004135370596466835,0.0305747849993965
latest,INDPRO,12,random_forest,naive_last,high_volatility,104,104,0,1.0,7.694163235647235,10.122417621156881,0.7601112227938167,4.716665023610092,6.099457672708295,0.7732925247952066,0.7653837435943727,0.5961538461538461,0.6634615384615384,10.540329402791249,13.528366328417603,0.4950322314508492,0.12262791522615847,0.007131651020979758,74.89682826800191
latest,INDPRO,12,ridge,naive_last,high_volatility,104,104,0,1.0,11.310650029943021,10.122417621156881,1.117386226616714,7.228655884427945,6.099457672708295,1.1851309202082323,1.1444841040533213,0.41346153846153844,0.5961538461538461,15.33341556069067,19.68022581115442,0.6287042796145972,0.14310451156894816,3.6964248521186455e-12,2.8367634200003473
latest,INDPRO,12,seasonal_naive,naive_last,high_volatility,104,104,0,1.0,10.122417621156881,10.122417621156881,1.0,6.053663390575261,6.099457672708295,0.9924920731333314,0.9969968292533326,0.6346153846153846,0.6923076923076923,15.823035927123032,20.30864674809373,0.4388617991000985,0.11354027812447967,0.0005097516123424312,0.0279999289991454
latest,INDPRO,12,state_space,naive_last,high_volatility,104,104,0,1.0,18.120728299230695,10.122417621156881,1.7901581398258586,9.618116053615582,6.099457672708295,1.5768805309775884,1.7048470962865505,0.6057692307692307,0.6346153846153846,20.065067293160872,25.753235062496916,0.436446932679159,0.11089474980705274,0.0008297758487942873,30.269012949999336
latest,INDPRO,12,var,naive_last,high_volatility,104,104,0,1.0,74287.17962725088,10.122417621156881,7338.877174162734,9853.05420921784,6.099457672708295,1615.3984071903337,5049.485667373774,0.6634615384615384,0.7403846153846154,28137.125292028533,36113.60934112211,0.4328669361351662,0.09787773052540276,6.066979427185677e-05,0.5198798050000968
latest,INDPRO,12,arima,naive_last,normal_volatility,131,131,0,1.0,3.0646219256287615,3.2015266299534897,0.9572376805977975,2.0004165738379887,2.0555684517995867,0.9731695249976646,0.9636104183577443,0.9389312977099237,0.9847328244274809,14.890186139363742,19.11134700764612,0.40840755505411674,0.0331214188266397,2.456132757654041e-10,128.4952117949996
latest,INDPRO,12,autoreg,naive_last,normal_volatility,131,131,0,1.0,2.7104836343633596,3.2015266299534897,0.8466222360932654,1.7235975483374382,2.0555684517995867,0.8385016547750972,0.8433740035659981,0.9770992366412213,0.9847328244274809,13.217375115151484,16.9643173021261,0.5480381520461899,0.032310834522126866,2.825293660626537e-06,1.4950258860020758
latest,INDPRO,12,bvar_niw,naive_last,normal_volatility,131,131,0,1.0,2.7335398459838913,3.2015266299534897,0.853823866529451,1.8373752149439302,2.0555684517995867,0.8938526047796487,0.86983536182953,0.9923664122137404,0.9923664122137404,14.590558969395305,18.72677969837335,0.5147633485619549,0.033685984345264396,0.00014605663810128797,46.946603265000505
latest,INDPRO,12,dynamic_factor,naive_last,normal_volatility,131,131,0,1.0,2.85679734130594,3.2015266299534897,0.8923234667416908,1.8164478246272158,2.0555684517995867,0.8836717760661154,0.8888627904714606,0.9389312977099237,0.9770992366412213,12.681658751412368,16.276732793157024,0.41434357466956034,0.03892934706223457,2.311553813727512e-08,849.1154073840003
latest,INDPRO,12,elastic_net,naive_last,normal_volatility,131,131,0,1.0,5.85584698440502,3.2015266299534897,1.8290795802282898,3.559215689558451,2.0555684517995867,1.7314994722955916,1.7900475370552105,0.8320610687022901,0.8549618320610687,17.806344956718927,22.85419632908941,0.5605713778866352,0.08507591375496434,0.01730496567453702,21.98908995599913
latest,INDPRO,12,hist_gradient_boosting,naive_last,normal_volatility,131,131,0,1.0,4.901165612659996,3.2015266299534897,1.5308839123200415,2.797035833071861,2.0555684517995867,1.360711598109585,1.4628149866358588,0.6183206106870229,0.7557251908396947,11.258980308252177,14.450744779773194,0.6923775995558012,0.0764785035587427,2.6924456460604996e-11,39.73675903899937
latest,INDPRO,12,mean,naive_last,normal_volatility,131,131,0,1.0,2.536853247263327,3.2015266299534897,0.7923886134597548,1.7098803973091863,2.0555684517995867,0.8318284880331953,0.808164563289131,0.9694656488549618,0.9847328244274809,13.044547477329363,16.742495430457314,0.39800206227499846,0.024523095617347352,4.1781327472471385e-16,0.03427431899986959
latest,INDPRO,12,naive_drift,naive_last,normal_volatility,131,131,0,1.0,3.318481301640024,3.2015266299534897,1.0365309070342585,2.125031765277233,2.0555684517995867,1.0337927513028493,1.0354356447416948,0.9389312977099237,0.9847328244274809,15.130157673483863,19.41934713723501,0.38578680147212774,0.03387987357730899,2.4713113399797997e-10,0.037233185998467394
latest,INDPRO,12,naive_last,naive_last,normal_volatility,131,131,0,1.0,3.2015266299534897,3.2015266299534897,1.0,2.0555684517995867,2.0555684517995867,1.0,1.0,0.9618320610687023,0.9847328244274809,14.830223890974938,19.034386295026984,0.3942361260583947,0.03341486170607337,4.599216363098072e-10,0.0381094919990162
latest,INDPRO,12,random_forest,naive_last,normal_volatility,131,131,0,1.0,4.852729037409038,3.2015266299534897,1.5157547002754546,2.7806673475130856,2.0555684517995867,1.3527486010396284,1.450552260581124,0.6412213740458015,0.7786259541984732,10.19004352689148,13.078779273995206,0.603543305452182,0.09813446809725106,0.00013840230544003265,95.30098699400003
latest,INDPRO,12,ridge,naive_last,normal_volatility,131,131,0,1.0,5.887681454193172,3.2015266299534897,1.8390231082596695,3.535666000050552,2.0555684517995867,1.7200429384656033,1.791431040342043,0.8244274809160306,0.8778625954198473,17.417293498940737,22.354854188981864,0.5549689229012201,0.08571345137237635,0.02223367670241784,3.496317405998803
latest,INDPRO,12,seasonal_naive,naive_last,normal_volatility,131,131,0,1.0,3.2015266299534897,3.2015266299534897,1.0,2.147583595874495,2.0555684517995867,1.0447638433029813,1.0179055373211925,0.9694656488549618,0.9923664122137404,16.747240699117512,21.49485073093149,0.40782172864509936,0.02648206855440794,1.2766242131144292e-11,0.0353751759995263
latest,INDPRO,12,state_space,naive_last,normal_volatility,131,131,0,1.0,4.511450805571176,3.2015266299534897,1.4091561080148556,2.9243642218891455,2.0555684517995867,1.4226547499933437,1.4145555648062507,0.9389312977099237,0.9770992366412213,21.29310892613868,27.329409434530536,0.42045307317024094,0.040812074948310836,4.4674607815835134e-08,37.070827717999805
latest,INDPRO,12,var,naive_last,normal_volatility,131,131,0,1.0,3.749448755203375,3.2015266299534897,1.1711440161463986,1156.3141387892786,2.0555684517995867,562.5276734408728,225.71375578603698,0.9465648854961832,0.9770992366412213,12674.67562486854,16267.770047270007,0.3972025655104195,0.03084411529046233,1.6148415124191143e-13,0.6453064089998513
latest,INDPRO,12,arima,naive_last,recession,20,20,0,1.0,10.758241782309,10.853041923654303,0.9912651087121773,7.782002307482001,7.965043517038251,0.9770194338342658,0.9855668387610127,0.3,0.35,6.6571637132142145,8.544377123238784,0.07993523196344315,0.018131849557972823,7.279191304847386e-11,16.108468094999893
latest,INDPRO,12,autoreg,naive_last,recession,20,20,0,1.0,10.126835316948016,10.853041923654303,0.9330872752713216,7.4976740831421465,7.965043517038251,0.9413224255590894,0.9363813353864288,0.35,0.35,4.941466137059444,6.342303124218095,0.12299948317185982,0.044393610703842755,1.9330576333353115e-08,0.1867753509997089
latest,INDPRO,12,bvar_niw,naive_last,recession,20,20,0,1.0,10.113997724109838,10.853041923654303,0.9319044186189209,7.111742277674589,7.965043517038251,0.8928692307156463,0.9162903434576111,0.4,0.4,5.851801712230193,7.510706185647969,0.1624032843545431,0.05741262233165432,7.368973730214115e-07,7.192605672000184
latest,INDPRO,12,dynamic_factor,naive_last,recession,20,20,0,1.0,10.966592341949706,10.853041923654303,1.0104625430449983,8.173194369064445,7.965043517038251,1.0261330464272962,1.0167307443979174,0.25,0.3,6.1063810666827845,7.837455249654896,0.06454897802552194,0.014003091865939921,1.0080543785901658e-10,102.37688775099983
latest,INDPRO,12,elastic_net,naive_last,recession,20,20,0,1.0,8.729945216487831,10.853041923654303,0.8043777291102909,5.537705545095963,7.965043517038251,0.6952511349435945,0.7607270914436124,0.3,0.4,8.780024035746855,11.269038849624593,0.536699909718831,0.19461555478250558,0.04478189633915852,3.1949116280000274
latest,INDPRO,12,hist_gradient_boosting,naive_last,recession,20,20,0,1.0,11.133092047397732,10.853041923654303,1.025803836907057,8.269946813018537,7.965043517038251,1.0382801795530756,1.0307943739654644,0.05,0.1,2.4767039518885468,3.1788151079334357,0.056899824166950254,0.04431960529277613,7.22315511161222e-18,4.15958862199983
latest,INDPRO,12,mean,naive_last,recession,20,20,0,1.0,12.112881534617442,10.853041923654303,1.11608170500266,9.271785560916111,7.965043517038251,1.1640596239157477,1.1352728725678949,0.2,0.35,6.048065889470608,7.76260853000456,0.05715247221027333,0.011891069600236384,3.948775758873513e-12,0.005209728000066902
latest,INDPRO,12,naive_drift,naive_last,recession,20,20,0,1.0,10.966842113144262,10.853041923654303,1.0104855569793691,8.02257875109075,7.965043517038251,1.0072234676344736,1.009180721241411,0.2,0.35,6.688083320518996,8.584062009580107,0.06218650282794554,0.01185215429732802,2.35271599295591e-12,0.0056018000001064995
latest,INDPRO,12,naive_last,naive_last,recession,20,20,0,1.0,10.853041923654303,10.853041923654303,1.0,7.965043517038251,7.965043517038251,1.0,1.0,0.3,0.35,6.342330235890624,8.140292729770476,0.06794117292549798,0.014322906843350705,2.5048111261903297e-11,0.0056611699997392
latest,INDPRO,12,random_forest,naive_last,recession,20,20,0,1.0,11.234482536066007,10.853041923654303,1.0351459632327,9.01185626555766,7.965043517038251,1.1314258668242227,1.073657924669309,0.0,0.0,2.423778510065123,3.1108860387630703,0.0016763095081433834,3.910353723371133e-05,1.3678091015330127e-31,9.473010923999965
latest,INDPRO,12,ridge,naive_last,recession,20,20,0,1.0,8.157165436083964,10.853041923654303,0.7516017622953569,4.843343328367619,7.965043517038251,0.6080749361892481,0.6941910318529134,0.4,0.5,8.814695536715854,11.313539239350602,0.4665378256859095,0.1622243226356399,0.03070613602063743,0.4228877820000595
latest,INDPRO,12,seasonal_naive,naive_last,recession,20,20,0,1.0,10.853041923654303,10.853041923654303,1.0,7.832465472610279,7.965043517038251,0.9833550131716957,0.9933420052686783,0.3,0.4,7.8044855976201335,10.016948819598042,0.0904379522772975,0.01896412068953566,7.880390873116169e-09,0.005316027999667799
latest,INDPRO,12,state_space,naive_last,recession,20,20,0,1.0,10.220370778483982,10.853041923654303,0.9417056388779437,7.095969332590433,7.965043517038251,0.8908889596662269,0.921378967193257,0.45,0.45,8.52060886921741,10.936083088011639,0.11968150499689587,0.038615244454280925,1.0037997451585765e-08,4.808896476999649
latest,INDPRO,12,var,naive_last,recession,20,20,0,1.0,10.40738101362923,10.853041923654303,0.9589367743016131,7.221108618369669,7.965043517038251,0.906600020818818,0.938002072908495,0.35,0.45,5.608204397307467,7.198052416779907,0.16387830759784655,0.056381792367122666,2.412997996762559e-06,0.0950954989997673
latest,UNRATE,1,arima,naive_last,all,237,237,0,1.0,1.0208386724588123,0.7425864253782979,1.3747068860554024,0.24984747143898026,0.19657491469755017,1.2710038400545418,1.333225667655058,0.9071729957805907,0.9451476793248945,1.1457516258550555,1.4705562913282926,0.47064260704015415,0.04593676114812474,4.31184699282091e-08,252.78169296100336
latest,UNRATE,1,autoreg,naive_last,all,237,237,0,1.0,1.3317030401107863,0.7425864253782979,1.7933307081830552,0.3513955128930732,0.19657491469755017,1.7875908196817978,1.7910347527825523,0.8016877637130801,0.8481012658227848,1.1003718866855468,1.412312026665124,0.4672227488043164,0.07443267186580942,0.00011161670462960278,2.652182853999295
latest,UNRATE,1,bvar_niw,naive_last,all,237,237,0,1.0,0.7562957896815817,0.7425864253782979,1.0184616414127148,0.20504234310247849,0.19657491469755017,1.043074816631391,1.0283069115001853,0.8607594936708861,0.8945147679324894,0.9627242148979452,1.2356431525687088,0.4634643840323769,0.0572820079400208,9.22053236325612e-07,18.102474758999385
latest,UNRATE,1,dynamic_factor,naive_last,all,237,237,0,1.0,0.7349460154314734,0.7425864253782979,0.9897110832009457,0.1935568006065033,0.19657491469755017,0.9846464942096476,0.9876852476044264,0.8649789029535865,0.9029535864978903,0.860346349023953,1.1042425842811372,0.4555986477308537,0.0637681630694169,1.2519201056454705e-07,1578.0442156529982
latest,UNRATE,1,elastic_net,naive_last,all,237,237,0,1.0,0.9845321678553807,0.7425864253782979,1.3258149276750213,0.2909190675201889,0.19657491469755017,1.4799399402909394,1.3874649327213886,0.7974683544303798,0.8523206751054853,1.094862210687922,1.4052404340802638,0.41910233593566343,0.06914877721469567,2.418623680884773e-08,7.301835082000924
latest,UNRATE,1,hist_gradient_boosting,naive_last,all,237,237,0,1.0,0.9538165984806136,0.7425864253782979,1.2844519720310106,0.31719507028242666,0.19657491469755017,1.613609095394814,1.416114821376532,0.7974683544303798,0.8523206751054853,1.1123760614236156,1.4277192181409348,0.4057945176954806,0.07092507767909641,5.4938605974650904e-11,70.7424897730003
latest,UNRATE,1,mean,naive_last,all,237,237,0,1.0,2.1750584934659387,0.7425864253782979,2.9290307755866833,1.2313106899419477,0.19657491469755017,6.263824109177105,4.262948109022852,0.8354430379746836,0.8818565400843882,4.7017079780247135,6.034576858586406,0.4402098939408581,0.10313500820505174,1.2884410854451258e-12,0.06469993100019308
latest,UNRATE,1,naive_drift,naive_last,all,237,237,0,1.0,0.7436926356607412,0.7425864253782979,1.0014896721036608,0.19736788360959587,0.19657491469755017,1.0040339272855123,1.0025073741764015,0.8438818565400844,0.8987341772151899,0.862847284181029,1.1074524998042308,0.4624294895096537,0.06516696418777747,9.436842486792441e-07,0.0686492550009796
latest,UNRATE,1,naive_last,naive_last,all,237,237,0,1.0,0.7425864253782979,0.7425864253782979,1.0,0.19657491469755017,0.19657491469755017,1.0,1.0,0.8438818565400844,0.9029535864978903,0.8624844981477198,1.1069868689714657,0.46405834951890185,0.06480222777141026,7.368922628674865e-07,0.070069169001118
latest,UNRATE,1,random_forest,naive_last,all,237,237,0,1.0,1.0289807470726948,0.7425864253782979,1.3856713668695173,0.34841803885645034,0.19657491469755017,1.772444054687882,1.5403804419968632,0.7721518987341772,0.8649789029535865,1.1759327229172352,1.5092933100349915,0.4391767410434146,0.0783648011970937,2.4566189053021042e-06,166.54189720999904
latest,UNRATE,1,ridge,naive_last,all,237,237,0,1.0,0.9447232905006847,0.7425864253782979,1.2722065179408735,0.27912021254161873,0.19657491469755017,1.4199177599597212,1.3312910147484125,0.7848101265822784,0.8565400843881856,1.0336174523890491,1.3266336378122903,0.4779438312090037,0.07688761697298925,0.011826781864943995,6.7959843100000406
latest,UNRATE,1,seasonal_naive,naive_last,all,237,237,0,1.0,1.9611845210837244,0.7425864253782979,2.6410185455310913,0.9140941775586633,0.19657491469755017,4.650105935261816,3.4446535014233817,0.8270042194092827,0.8523206751054853,3.417430456772572,4.386224505362025,0.44773708472709245,0.07214353899829845,4.2008411670005736e-10,0.0643901150005652
latest,UNRATE,1,state_space,naive_last,all,237,237,0,1.0,1.0884102125634774,0.7425864253782979,1.4657017356720539,0.26117532251452275,0.19657491469755017,1.328629967442014,1.410873028380038,0.9156118143459916,0.9493670886075949,1.1644763990185885,1.4945892774990768,0.49040512296879857,0.04794468299793152,0.00023244529390891943,66.59169922699635
latest,UNRATE,1,var,naive_last,all,237,237,0,1.0,1.6547139480324107,0.7425864253782979,2.2283116031772936,0.3156879747002677,0.19657491469755017,1.605942320697352,1.979363890185317,0.8270042194092827,0.8776371308016878,1.247969141104067,1.6017510518168063,0.46814609607124325,0.0682819328813064,5.595285395840802e-05,1.1632172360017012
latest,UNRATE,1,arima,naive_last,expansion,217,217,0,1.0,0.7949766667721805,0.2948873095703206,2.6958659832820153,0.20287791296799362,0.14186399142347297,1.4300874445467295,2.189554567787901,0.9631336405529954,0.9769585253456221,1.1914868536568863,1.529256820711459,0.43753264559278127,0.03328557883026172,2.1998152581612807e-11,233.34685640200357
latest,UNRATE,1,autoreg,naive_last,expansion,217,217,0,1.0,1.1934779684217345,0.2948873095703206,4.047234077860955,0.3174500585850381,0.14186399142347297,2.2377070840861206,3.3234232803510206,0.8387096774193549,0.8847926267281107,1.1661074523239838,1.4966827117527277,0.43622144771189814,0.06332971739349164,5.5962279664729e-07,2.4660757979994976
latest,UNRATE,1,bvar_niw,naive_last,expansion,217,217,0,1.0,0.2831172125492,0.2948873095703206,0.9600861188693717,0.14635523601122497,0.14186399142347297,1.0316588060344738,0.9887151937354125,0.9170506912442397,0.9493087557603687,1.0076854213864483,1.2933502363514053,0.4289899964584036,0.04108940696379196,1.2991848626134326e-10,16.58273749599953
latest,UNRATE,1,dynamic_factor,naive_last,expansion,217,217,0,1.0,0.27384977669380584,0.2948873095703206,0.9286590768956166,0.13822716629224233,0.14186399142347297,0.9743640010778035,0.9469410465684913,0.9170506912442397,0.9585253456221198,0.8991924855519599,1.1541010607397033,0.4190974774795046,0.04862523604456578,4.319091936566994e-11,1468.956535375998
latest,UNRATE,1,elastic_net,naive_last,expansion,217,217,0,1.0,0.6758542884943889,0.2948873095703206,2.2919069982332374,0.2363833351651181,0.14186399142347297,1.6662673367161855,2.0416511336264165,0.8433179723502304,0.8986175115207373,1.1467924079133636,1.4718921206382478,0.38888933140048404,0.0541954711169503,3.1116857115608442e-12,6.766228475001118
latest,UNRATE,1,hist_gradient_boosting,naive_last,expansion,217,217,0,1.0,0.6317076100126583,0.2948873095703206,2.142200052396685,0.2506034643702474,0.14186399142347297,1.7665051001009848,1.9919220714784052,0.847926267281106,0.9032258064516129,1.1707660138115177,1.5026619106902988,0.36932457635195026,0.05202953724730275,1.2077600100862388e-14,66.2733249600004
latest,UNRATE,1,mean,naive_last,expansion,217,217,0,1.0,2.107057390751862,0.2948873095703206,7.145296940116036,1.2042804090826877,0.14186399142347297,8.48897875351494,7.682769665475597,0.8617511520737328,0.9078341013824884,4.889266263265001,6.2753053115310085,0.4135855805177575,0.09647458979351305,1.2153432781627762e-15,0.059295988000104397
latest,UNRATE,1,naive_drift,naive_last,expansion,217,217,0,1.0,0.2980100989531292,0.2948873095703206,1.0105897720297248,0.14302449282955543,0.14186399142347297,1.0081803803378004,1.009626015352955,0.8940092165898618,0.9539170506912442,0.9020663282425979,1.1577895979004964,0.42665260041143566,0.0509429186318073,5.474997361561918e-10,0.0629915550010654
latest,UNRATE,1,naive_last,naive_last,expansion,217,217,0,1.0,0.2948873095703206,0.2948873095703206,1.0,0.14186399142347297,0.14186399142347297,1.0,1.0,0.8940092165898618,0.9585253456221198,0.9016038653254307,1.1571960331723306,0.42831491932668847,0.050578543186212195,4.08557309787009e-10,0.06428394200124299
latest,UNRATE,1,random_forest,naive_last,expansion,217,217,0,1.0,0.739426770655606,0.2948873095703206,2.5074892905124417,0.2799701591437944,0.14186399142347297,1.9735110815264305,2.2938980069180372,0.8294930875576036,0.9216589861751152,1.2347594501071832,1.5847965969737046,0.3936357268297008,0.0586498667417933,1.0106253644621528e-10,156.33872514599886
latest,UNRATE,1,ridge,naive_last,expansion,217,217,0,1.0,0.603277179410003,0.2948873095703206,2.0457888821632793,0.22207000033818441,0.14186399142347297,1.5653725664273144,1.8536223558688933,0.8294930875576036,0.8986175115207373,1.0823618815653553,1.389196435346117,0.4581040093545619,0.065736311794882,0.0004851775006691131,6.219083176999949
latest,UNRATE,1,seasonal_naive,naive_last,expansion,217,217,0,1.0,1.7768739702046354,0.2948873095703206,6.025603383182928,0.8146127829306162,0.14186399142347297,5.74220966685581,5.912245896652081,0.8847926267281107,0.9078341013824884,3.5567887657092734,4.565088958469651,0.4014476597846133,0.052649259896140374,2.5495444633363914e-16,0.0590314330005586
latest,UNRATE,1,state_space,naive_last,expansion,217,217,0,1.0,0.8846705570865016,0.2948873095703206,3.0000292599079708,0.22168305084179338,0.14186399142347297,1.5626449574512216,2.425075538925271,0.9400921658986175,0.967741935483871,1.2167507854752246,1.5616827261527186,0.4673350052921035,0.04021356157912369,6.647659787393353e-07,62.08751689199653
latest,UNRATE,1,var,naive_last,expansion,217,217,0,1.0,1.5851855646469595,0.2948873095703206,5.3755638618587165,0.27763951086985933,0.14186399142347297,1.9570823299415554,4.008171249091852,0.880184331797235,0.9308755760368663,1.3279377652019038,1.7043896696657483,0.4376258135420425,0.054871082430508915,6.609534528259956e-08,1.0711584560017569
latest,UNRATE,1,arima,naive_last,high_volatility,98,98,0,1.0,1.5769169321481817,1.1408911661772234,1.3821799825411454,0.43361438186260537,0.3268546881844059,1.3266273898998429,1.3599589454846244,0.8469387755102041,0.8979591836734694,1.377529683698928,1.768040207966677,0.45503936979765003,0.059657326970815584,0.00015962247734175596,107.99856141900011
latest,UNRATE,1,autoreg,naive_last,high_volatility,98,98,0,1.0,2.063712157116295,1.1408911661772234,1.8088597916233866,0.6808398117501532,0.3268546881844059,2.083004577759138,1.9185177060776872,0.6938775510204082,0.7551020408163265,1.4130501621539122,1.8136302484992284,0.43908769810572024,0.09385103446678685,0.013627264462423537,1.0953936859997904
latest,UNRATE,1,bvar_niw,naive_last,high_volatility,98,98,0,1.0,1.161446096868332,1.1408911661772234,1.0180165569692172,0.3396921262458183,0.3268546881844059,1.0392756736417674,1.0265202036382373,0.7857142857142857,0.8469387755102041,1.181321855975616,1.5162101874323006,0.4193963492243402,0.06842550833610803,3.963376821370121e-06,7.51640907299804
latest,UNRATE,1,dynamic_factor,naive_last,high_volatility,98,98,0,1.0,1.1288579290058567,1.1408911661772234,0.9894527738244425,0.3198451448178708,0.3268546881844059,0.9785545576675944,0.9850934873617032,0.8163265306122449,0.8469387755102041,1.0668358184856195,1.3692689491211458,0.4509935824369949,0.0749775403840833,0.000136078010177193,652.7248814780002
latest,UNRATE,1,elastic_net,naive_last,high_volatility,98,98,0,1.0,1.508849727598359,1.1408911661772234,1.3225185471932892,0.5073259900468428,0.3268546881844059,1.5521453673034606,1.4143692752373578,0.673469387755102,0.7755102040816326,1.3357458360613945,1.7144112201191395,0.4095290797363428,0.09253744325842196,0.0012420525950988498,3.156563193999314
latest,UNRATE,1,hist_gradient_boosting,naive_last,high_volatility,98,98,0,1.0,1.4633990980631546,1.1408911661772234,1.2826807161339993,0.5742843543052878,0.3268546881844059,1.7570020411678668,1.4724092461475462,0.6938775510204082,0.7755102040816326,1.3804395529331892,1.7717749846956146,0.43304756738593153,0.10418582361491927,7.811169423307437e-06,29.587409633999755
latest,UNRATE,1,mean,naive_last,high_volatility,98,98,0,1.0,2.855164134123187,1.1408911661772234,2.5025736185599254,1.7385102888429182,0.3268546881844059,5.318908835298945,3.6291077052555334,0.6020408163265306,0.7142857142857143,4.989853142783984,6.404407173718053,0.6396631694153089,0.11691525757717888,1.0829635204713024e-09,0.026519512000158296
latest,UNRATE,1,naive_drift,naive_last,high_volatility,98,98,0,1.0,1.142474044003196,1.1408911661772234,1.0013874047524414,0.32826881140461267,0.3268546881844059,1.004326458427327,1.0025630262223957,0.7653061224489796,0.8469387755102041,1.0701954168951264,1.3735809469974303,0.44442791709446633,0.07576677518570969,0.0007910282659675581,0.0284534150008489
latest,UNRATE,1,naive_last,naive_last,high_volatility,98,98,0,1.0,1.1408911661772234,1.1408911661772234,1.0,0.3268546881844059,0.3268546881844059,1.0,1.0,0.7653061224489796,0.8469387755102041,1.0704724533559486,1.3739365194454165,0.4518415325913861,0.07561704511405613,0.0006435145604831928,0.0289695190007769
latest,UNRATE,1,random_forest,naive_last,high_volatility,98,98,0,1.0,1.5820378324698785,1.1408911661772234,1.3866684915887308,0.6420492521214322,0.3268546881844059,1.9643262750424397,1.6177316049702144,0.6530612244897959,0.8061224489795918,1.4651493146538308,1.8804987868043357,0.4582139158771876,0.11185834761850867,0.005142005269907055,69.70866642500062
latest,UNRATE,1,ridge,naive_last,high_volatility,98,98,0,1.0,1.4504379100300868,1.1408911661772234,1.27132013379511,0.48882347827134875,0.3268546881844059,1.495537607205936,1.3610071231594405,0.6836734693877551,0.7755102040816326,1.26983245510744,1.6298123115448495,0.4695128507404845,0.09757611235656662,0.08106466871604369,2.7078899589989147
latest,UNRATE,1,seasonal_naive,naive_last,high_volatility,98,98,0,1.0,2.9709305901398255,1.1408911661772234,2.6040438196173463,1.6413222676851114,0.3268546881844059,5.021565628451702,3.5710525431510884,0.6428571428571429,0.6938775510204082,3.9224072635011415,5.0343552200405925,0.4874250841240734,0.1224364530280342,0.0002706008090822457,0.026750996999960298
latest,UNRATE,1,state_space,naive_last,high_volatility,98,98,0,1.0,1.683927135499492,1.1408911661772234,1.4759752598854943,0.46324796522598716,0.3268546881844059,1.417290257634703,1.4525012589851778,0.8367346938775511,0.8775510204081632,1.4084545961940138,1.807731903446042,0.45022008137718855,0.06216378597735913,0.0024175290996680623,26.809613179998962
latest,UNRATE,1,var,naive_last,high_volatility,98,98,0,1.0,2.5658525785769313,1.1408911661772234,2.2489897850417377,0.581915226847302,0.3268546881844059,1.780348417456369,2.0615332380075904,0.7653061224489796,0.8061224489795918,1.6434318374268722,2.1093219275108734,0.4675073169686638,0.07946119735172431,0.0038040349945012756,0.4828589110000454
latest,UNRATE,1,arima,naive_last,normal_volatility,139,139,0,1.0,0.15377927262212526,0.15005994006233234,1.0247856460441607,0.12028518926980579,0.1047229880665297,1.1486034870719077,1.0743127824552596,0.9496402877697842,0.9784172661870504,0.9823397577349153,1.2608194292379207,0.48164345056364616,0.036330682289673115,2.9693187280149937e-05,144.78313154200325
latest,UNRATE,1,autoreg,naive_last,normal_volatility,139,139,0,1.0,0.14520258535794298,0.15005994006233234,0.9676305701416934,0.11912543168448457,0.1047229880665297,1.1375289598192624,1.035589926012721,0.8776978417266187,0.9136690647482014,0.8799224550603687,1.1293682443648196,0.4870589715990102,0.06036443582822699,0.00837764659933631,1.5567891679995047
latest,UNRATE,1,bvar_niw,naive_last,normal_volatility,139,139,0,1.0,0.15552782424602718,0.15005994006233234,1.036438000584457,0.11010940246904471,0.1047229880665297,1.051434880745506,1.0424367526488765,0.9136690647482014,0.9280575539568345,0.8086050147136884,1.037833300650493,0.49453393375315086,0.04751293715639496,0.0050349580973464295,10.586065686001344
latest,UNRATE,1,dynamic_factor,naive_last,normal_volatility,139,139,0,1.0,0.15008717051483453,0.15005994006233234,1.00018146383699,0.10451897519129455,0.1047229880665297,0.9980518806901734,0.9993296305782633,0.8992805755395683,0.9424460431654677,0.7147638453747207,0.9173894637464549,0.45884538441285483,0.056325518675148734,0.00025316035464960097,925.3193341749982
latest,UNRATE,1,elastic_net,naive_last,normal_volatility,139,139,0,1.0,0.2181586722898203,0.15005994006233234,1.4538102054365802,0.13834440271722442,0.1047229880665297,1.3210509485208282,1.4007065026702794,0.8848920863309353,0.9064748201438849,0.9250305899210131,1.1872639086715597,0.42585182591791826,0.0530990272982328,9.542571312202147e-07,4.145271888001609
latest,UNRATE,1,hist_gradient_boosting,naive_last,normal_volatility,139,139,0,1.0,0.20328150304084935,0.15005994006233234,1.3546686940992358,0.13593787723033748,0.1047229880665297,1.2980710323503872,1.3320296293996963,0.8705035971223022,0.9064748201438849,0.9233816573377293,1.185147526613175,0.3865801373381842,0.04716078465196997,5.116169936503355e-10,41.155080139000546
latest,UNRATE,1,mean,naive_last,normal_volatility,139,139,0,1.0,1.522791196324393,0.15005994006233234,10.147886209283113,0.8737167281268748,0.1047229880665297,8.34312259665289,9.425980764231024,1.0,1.0,4.4985552719354445,5.773833183169849,0.29958816015311585,0.04602777282593983,6.8539139011868635e-25,0.0381804190000348
latest,UNRATE,1,naive_drift,naive_last,normal_volatility,139,139,0,1.0,0.1509075726458072,0.15005994006233234,1.0056486266962574,0.10507802084764159,0.1047229880665297,1.003390208660646,1.004745259482013,0.8992805755395683,0.935251798561151,0.7166593920516655,0.9198223715672994,0.47512124560093677,0.05779622169620254,0.001503003405612339,0.0401958400001307
latest,UNRATE,1,naive_last,naive_last,normal_volatility,139,139,0,1.0,0.15005994006233234,0.15005994006233234,1.0,0.1047229880665297,0.1047229880665297,1.0,1.0,0.8992805755395683,0.9424460431654677,0.7158455081447956,0.9187777628819175,0.4726716449066468,0.05748937366995165,0.001315957934581404,0.041099650000341104
latest,UNRATE,1,random_forest,naive_last,normal_volatility,139,139,0,1.0,0.20174140473968702,0.15005994006233234,1.3444054732787918,0.1413974712307798,0.1047229880665297,1.3502047052071422,1.346725166050132,0.8561151079136691,0.9064748201438849,0.9720246222684121,1.2475800961976118,0.42575484799514296,0.05495127772752186,2.5043134041777427e-07,96.83323078499842
latest,UNRATE,1,ridge,naive_last,normal_volatility,139,139,0,1.0,0.1962512674583615,0.15005994006233234,1.3078191779687642,0.13127186691921913,0.1047229880665297,1.2535152915597016,1.2860976234051393,0.8561151079136691,0.9136690647482014,0.86707737853004,1.1128817671231472,0.48388797571198855,0.06281679318875005,0.06910610546009541,4.088094351001126
latest,UNRATE,1,seasonal_naive,naive_last,normal_volatility,139,139,0,1.0,0.5788229187091865,0.15005994006233234,3.8572780881343367,0.40137221473570006,0.1047229880665297,3.8327039950455903,3.8474484508988382,0.9568345323741008,0.9640287769784173,3.0614036433955962,3.92926903745915,0.4197556175263434,0.03540828997409922,1.3448223230680633e-11,0.037639118000604904
latest,UNRATE,1,state_space,naive_last,normal_volatility,139,139,0,1.0,0.14366930580271442,0.15005994006233234,0.9574127894695722,0.11870684060284276,0.1047229880665297,1.133531832833391,1.0278604068150998,0.9712230215827338,1.0,0.9924629938157704,1.2738124620832312,0.5187370227959768,0.03634223946322391,6.0127579319557856e-05,39.78208604699739
latest,UNRATE,1,var,naive_last,normal_volatility,139,139,0,1.0,0.16385198217415925,0.15005994006233234,1.0919102200500543,0.12798818541674722,0.1047229880665297,1.2221594110305305,1.144009896442245,0.8705035971223022,0.9280575539568345,0.9691537149196432,1.2438953265073205,0.4685964583162272,0.06091834663941493,0.008892733861025374,0.6803583250016558
latest,UNRATE,1,arima,naive_last,recession,20,20,0,1.0,2.3434917708931864,2.3645295515175953,0.9911027626569917,0.7594671808491855,0.7901884322212883,0.961121613378036,0.9791103029454093,0.3,0.6,0.6495244042051896,0.8336555475209391,0.8298856887441491,0.04380990930884994,1.863284206929157e-07,19.43483655899979
latest,UNRATE,1,autoreg,naive_last,recession,20,20,0,1.0,2.3580824992788347,2.3645295515175953,0.9972734313112633,0.7197036921352549,0.7901884322212883,0.9108000861416121,0.9626840932434029,0.4,0.45,0.3871409995085064,0.4968900934646185,0.8035868656570546,0.07450109031313859,1.402063754598487e-05,0.1861070559997973
latest,UNRATE,1,bvar_niw,naive_last,recession,20,20,0,1.0,2.4307029326114415,2.3645295515175953,1.0279858549669532,0.8417974550425795,0.7901884322212883,1.0653122985820151,1.0429164324129778,0.25,0.3,0.4748951244976888,0.6095212935264518,0.8375114892099873,0.08353243864918547,3.7002410582606544e-09,1.5197372629998531
latest,UNRATE,1,dynamic_factor,naive_last,recession,20,20,0,1.0,2.363692927015895,2.3645295515175953,0.9996461771851558,0.7938833329162348,0.7901884322212883,1.0046759741655036,1.001658095977295,0.3,0.3,0.43886576769507923,0.5632781147056942,0.8516363449579915,0.0589579767372577,2.39951591474294e-09,109.08768027700012
latest,UNRATE,1,elastic_net,naive_last,recession,20,20,0,1.0,2.555424656867328,2.3645295515175953,1.0807328059094095,0.8826317635727072,0.7901884322212883,1.1169889707086103,1.0952352718290896,0.3,0.35,0.531419570791881,0.6820696349261335,0.7469134351423594,0.11924232429497839,3.251383278476514e-06,0.5356066069998053
latest,UNRATE,1,hist_gradient_boosting,naive_last,recession,20,20,0,1.0,2.5398793185051534,2.3645295515175953,1.0741584163644797,1.0397139944295717,0.7901884322212883,1.315779821664619,1.1708069784845354,0.25,0.3,0.4788450780148776,0.61459100398034,0.8014933812727844,0.10946127301234955,1.2808120085364336e-08,4.469164812999906
latest,UNRATE,1,mean,naive_last,recession,20,20,0,1.0,2.8089634711982066,2.3645295515175953,1.187958708063245,1.5245892372649184,0.7901884322212883,1.9293995901448033,1.4845350608958685,0.55,0.6,2.666700583167595,3.422673144137464,0.7290836945814998,0.0883456713106544,0.0027152647647258332,0.005403943000088701
latest,UNRATE,1,naive_drift,naive_last,recession,20,20,0,1.0,2.364401471532479,2.3645295515175953,0.9999458327830861,0.7869936735730347,0.7901884322212883,0.9959569660627999,0.9983502860949716,0.3,0.3,0.4373206561130081,0.5612949854597516,0.8506087362253194,0.05706913973846043,3.732730812343817e-09,0.0056576999999142
latest,UNRATE,1,naive_last,naive_last,recession,20,20,0,1.0,2.3645295515175953,2.3645295515175953,1.0,0.7901884322212883,0.7901884322212883,1.0,1.0,0.3,0.3,0.4380393642695547,0.5622174373920805,0.851874567104417,0.05700496923003946,3.1725978167441263e-09,0.005785226999875001
latest,UNRATE,1,random_forest,naive_last,recession,20,20,0,1.0,2.5718743513377165,2.3645295515175953,1.0876896631243385,1.0910775337387673,0.7901884322212883,1.3807814557239892,1.2049263801641987,0.15,0.25,0.5376627329062972,0.6900826467499528,0.933296745262209,0.025925040641840275,5.755174484665583e-13,10.20317206400017
latest,UNRATE,1,ridge,naive_last,recession,20,20,0,1.0,2.574366801593138,2.3645295515175953,1.0887437629785026,0.8981150149488805,0.7901884322212883,1.136583349397056,1.107879597545924,0.3,0.4,0.5047403958261302,0.6478272845702665,0.693205898329696,0.15443494135976918,1.6617528347118626e-05,0.5769011330000912
latest,UNRATE,1,seasonal_naive,naive_last,recession,20,20,0,1.0,3.364743675229957,2.3645295515175953,1.4230076647045529,1.993467309272976,0.7901884322212883,2.5227746041145735,1.8629144404685611,0.2,0.25,1.9053928048093678,2.445545189144288,0.9499773453529923,0.0075663800638951255,3.006470623503803e-12,0.005358682000006599
latest,UNRATE,1,state_space,naive_last,recession,20,20,0,1.0,2.3550542095631304,2.3645295515175953,0.995992715782138,0.6896664701636366,0.7901884322212883,0.8727873530430257,0.9467105706864931,0.65,0.75,0.5972993059640848,0.7666253596070612,0.7407158997609404,0.06632695817519045,0.0006121030962793483,4.5041823349998245
latest,UNRATE,1,var,naive_last,recession,20,20,0,1.0,2.2764453064861434,2.3645295515175953,0.9627476658200707,0.7285138072601989,0.7901884322212883,0.921949471232176,0.9464283879849128,0.25,0.3,0.3803095696425379,0.48812204815578425,0.7992911615130718,0.09826886571369615,1.445549498176745e-07,0.09205877999994419
latest,UNRATE,3,arima,naive_last,all,237,237,0,1.0,2.3221568884126187,1.2470217685105742,1.8621622709811803,0.5648458831022323,0.410025003564593,1.3775888743166602,1.6683329123153723,0.8987341772151899,0.9240506329113924,2.319573153677737,2.977139911794918,0.4619209173058612,0.04338349128612711,5.2973627060236196e-12,223.84348508299928
latest,UNRATE,3,autoreg,naive_last,all,237,237,0,1.0,3.794441158389125,1.2470217685105742,3.0428026632776053,0.8715732876209832,0.410025003564593,2.125658874565879,2.6759451477929144,0.8059071729957806,0.8523206751054853,2.6228587926048497,3.366402815140959,0.465670303555455,0.07193081977278637,9.40018705744683e-07,2.505764570000881
latest,UNRATE,3,bvar_niw,naive_last,all,237,237,0,1.0,1.2399210199135324,1.2470217685105742,0.9943058342874617,0.4207747862655083,0.410025003564593,1.0262173833484811,1.0070704539118696,0.8523206751054853,0.9029535864978903,1.6817489838943596,2.1585014525771893,0.4602119619948887,0.05871750677498975,7.326910788851448e-09,23.62845616400086
latest,UNRATE,3,dynamic_factor,naive_last,all,237,237,0,1.0,1.217642532166692,1.2470217685105742,0.976440478357509,0.40168278707369537,0.410025003564593,0.9796543712740108,0.9777260355241097,0.8649789029535865,0.8987341772151899,1.5363872543074963,1.9719316924838566,0.43926773947248304,0.05841001874611277,3.051305110904294e-10,1450.4082892869992
latest,UNRATE,3,elastic_net,naive_last,all,237,237,0,1.0,1.4134026792360534,1.2470217685105742,1.1334226193374333,0.49256420977952864,0.410025003564593,1.2013028607947636,1.1605747159203654,0.7805907172995781,0.8312236286919831,1.558637799019652,2.0004899574459714,0.40815508062707984,0.0673863466991988,7.264929586166155e-11,7.067486662000891
latest,UNRATE,3,hist_gradient_boosting,naive_last,all,237,237,0,1.0,1.3826451003652114,1.2470217685105742,1.108757790184067,0.5545816026230083,0.410025003564593,1.3525555705181347,1.2062769023176942,0.7088607594936709,0.8185654008438819,1.543275200018052,1.9807722750939198,0.37976124090649765,0.08693730065576338,6.671028027329081e-13,69.61163078399935
latest,UNRATE,3,mean,naive_last,all,237,237,0,1.0,2.190539355482712,1.2470217685105742,1.7566167734979174,1.248247856191416,0.410025003564593,3.0443213105046025,2.2716985883005916,0.8354430379746836,0.8818565400843882,4.756024466728258,6.104291317098518,0.4415447952946209,0.10261411328573776,1.8445048379108394e-12,0.0619391930021489
latest,UNRATE,3,naive_drift,naive_last,all,237,237,0,1.0,1.2524648993633716,1.2470217685105742,1.0043649044389165,0.41335913326289864,0.410025003564593,1.008131527758844,1.0058715537668874,0.869198312236287,0.8945147679324894,1.5493183508453612,1.9885285752099358,0.453020683868005,0.061023985057834275,3.24193771217235e-09,0.059430342000556
latest,UNRATE,3,naive_last,naive_last,all,237,237,0,1.0,1.2470217685105742,1.2470217685105742,1.0,0.410025003564593,0.410025003564593,1.0,1.0,0.869198312236287,0.8945147679324894,1.5465440535145443,1.9849678031352695,0.45498109263025477,0.059856480310095245,4.528248020998019e-09,0.064357026999064
latest,UNRATE,3,random_forest,naive_last,all,237,237,0,1.0,1.589149813517585,1.2470217685105742,1.2743561128172156,0.6537273712816148,0.410025003564593,1.594359772205039,1.402357576572345,0.6835443037974683,0.7721518987341772,1.6281598644891826,2.089720562452583,0.3946334045101106,0.0922056703409514,2.690291544796355e-09,172.17191073099792
latest,UNRATE,3,ridge,naive_last,all,237,237,0,1.0,1.4334657450076473,1.2470217685105742,1.149511404856837,0.5132888284001905,0.410025003564593,1.251847628651578,1.1904458943747334,0.7637130801687764,0.8143459915611815,1.5457352348437183,1.983929695609968,0.4514570520756433,0.08022738952597866,0.002441458673010563,5.980229029999709
latest,UNRATE,3,seasonal_naive,naive_last,all,237,237,0,1.0,1.960119259266773,1.2470217685105742,1.5718404511959023,0.9244587384874496,0.410025003564593,2.2546399132993744,1.844960236037291,0.8270042194092827,0.8523206751054853,3.438049577690452,4.412688860553158,0.45344769708626814,0.07134515890619114,4.159229583417048e-10,0.055394672000548
latest,UNRATE,3,state_space,naive_last,all,237,237,0,1.0,2.687832976853726,1.2470217685105742,2.1554018099171093,0.6203579919437164,0.410025003564593,1.5129760052449797,1.8984314880482573,0.9113924050632911,0.9282700421940928,2.419899153752402,3.105906938840155,0.5020177187464934,0.0467722520337231,1.3137530918380106e-05,56.903299701001316
latest,UNRATE,3,var,naive_last,all,237,237,0,1.0,11.026172210946864,1.2470217685105742,8.842004597976164,1.4755464572330175,0.410025003564593,3.5986743354800517,6.744672492977719,0.8649789029535865,0.9071729957805907,6.035957865639514,7.747068049660855,0.48682579289688316,0.05588705249543996,1.0014772431489694e-05,1.0255558539992675
latest,UNRATE,3,arima,naive_last,expansion,217,217,0,1.0,2.288179233114563,1.0215647165236683,2.2398769222385817,0.5128850392754064,0.3383053923135067,1.516041573467198,1.9503427827300284,0.9631336405529954,0.9769585253456221,2.432999541299075,3.1227211042237055,0.41973990948149914,0.024934312979588213,6.832801946149485e-19,207.1596318149994
latest,UNRATE,3,autoreg,naive_last,expansion,217,217,0,1.0,3.887535701955117,1.0215647165236683,3.8054717817430097,0.8630981212363741,0.3383053923135067,2.5512396220883864,3.3037789178811607,0.8617511520737328,0.9032258064516129,2.8075627038736752,3.60346771875531,0.42482206095375286,0.05633021588926514,5.6591469284026445e-11,2.330785168000947
latest,UNRATE,3,bvar_niw,naive_last,expansion,217,217,0,1.0,1.002036152622031,1.0215647165236683,0.9808836742442593,0.3475980654578801,0.3383053923135067,1.027468297448129,0.9995175235258072,0.9124423963133641,0.9631336405529954,1.7653546700191762,2.265808189000029,0.4176450480445921,0.040064227647484865,1.0911827046300167e-14,21.642725770001114
latest,UNRATE,3,dynamic_factor,naive_last,expansion,217,217,0,1.0,0.9826817929049755,1.0215647165236683,0.9619378753105242,0.32891533869041917,0.3383053923135067,0.9722438547051423,0.9660602670683714,0.9308755760368663,0.9631336405529954,1.6124718271965348,2.0695851845760034,0.39209720400438713,0.03629963170188338,1.1470282055448496e-15,1351.7862461359991
latest,UNRATE,3,elastic_net,naive_last,expansion,217,217,0,1.0,1.2262037022294108,1.0215647165236683,1.2003191598101766,0.437327222950132,0.3383053923135067,1.29269953387223,1.2372713094349979,0.815668202764977,0.8663594470046083,1.645238717075398,2.1116410324327886,0.3834887167564326,0.05388781826793778,2.495324821850322e-13,6.674777247000794
latest,UNRATE,3,hist_gradient_boosting,naive_last,expansion,217,217,0,1.0,1.1868536427055874,1.0215647165236683,1.1617997602191945,0.49019587603378617,0.3383053923135067,1.448974468546227,1.2766696435500076,0.7465437788018433,0.8571428571428571,1.62374727133414,2.084057060451983,0.33032176803887714,0.06396361165792873,6.58378139474243e-18,65.47644776599941
latest,UNRATE,3,mean,naive_last,expansion,217,217,0,1.0,2.1235151340216336,1.0215647165236683,2.0786887993233023,1.2201720345569256,0.3383053923135067,3.6067176648080013,2.6899003455171817,0.8617511520737328,0.9078341013824884,4.953202549869032,6.357366646979309,0.4150358446259329,0.09600965525595927,1.7889577537084795e-15,0.0568023930020051
latest,UNRATE,3,naive_drift,naive_last,expansion,217,217,0,1.0,1.0289424480075866,1.0215647165236683,1.007221991289034,0.34250352378727494,0.3383053923135067,1.0124092951787118,1.009296912844905,0.9354838709677419,0.9585253456221198,1.6262957753112344,2.0873280298945924,0.4063966439793584,0.04004723528548742,1.4603944751250339e-15,0.0544931440003363
latest,UNRATE,3,naive_last,naive_last,expansion,217,217,0,1.0,1.0215647165236683,1.0215647165236683,1.0,0.3383053923135067,0.3383053923135067,1.0,1.0,0.9354838709677419,0.9585253456221198,1.6234041399741377,2.083616656119302,0.4086950738535153,0.03908343064691056,2.2942227838083885e-15,0.058913816999367596
latest,UNRATE,3,random_forest,naive_last,expansion,217,217,0,1.0,1.4312239417203638,1.0215647165236683,1.4010115253302253,0.5862425018572517,0.3383053923135067,1.7328795673288657,1.5337587421296814,0.7327188940092166,0.8248847926267281,1.712479230005244,2.1979432964573613,0.342352993562957,0.0675286631704233,2.855849709729616e-15,162.08241032599759
latest,UNRATE,3,ridge,naive_last,expansion,217,217,0,1.0,1.2454434475358251,1.0215647165236683,1.219152763785739,0.4568652244471549,0.3383053923135067,1.3504520910023778,1.2716724946723945,0.8064516129032258,0.8525345622119815,1.6319026130897436,2.094524328275134,0.43307588345362874,0.06945185703366913,0.000321967015970747,5.528162620999598
latest,UNRATE,3,seasonal_naive,naive_last,expansion,217,217,0,1.0,1.7755897313313165,1.0215647165236683,1.7381079266065063,0.8221597328041167,0.3383053923135067,2.4302294656959633,2.014956542242289,0.8847926267281107,0.9078341013824884,3.59737600636145,4.617182117878587,0.40736181475239125,0.05202436890776869,2.51820640477341e-16,0.050825879000459595
latest,UNRATE,3,state_space,naive_last,expansion,217,217,0,1.0,2.6984160206854324,1.0215647165236683,2.6414538178922253,0.597802786543557,0.3383053923135067,1.767050718451377,2.291692578115886,0.9447004608294931,0.9539170506912442,2.551352799862424,3.2746258670466686,0.47218600572165015,0.037573238099190616,1.364355186152293e-07,53.12684884700124
latest,UNRATE,3,var,naive_last,expansion,217,217,0,1.0,11.495310962779598,1.0215647165236683,11.252650739443649,1.5120725132625326,0.3383053923135067,4.469548956705068,8.539410026348216,0.9170506912442397,0.9585253456221198,6.536141866408899,8.389047264487846,0.45392606711538347,0.04074126445841611,1.0761494278502135e-08,0.9453639659994091
latest,UNRATE,3,arima,naive_last,high_volatility,98,98,0,1.0,3.6000984946480483,1.9195024865621733,1.8755372914863062,1.0472202712284748,0.7440893269315617,1.4073851529989676,1.6882764360913707,0.8163265306122449,0.8469387755102041,2.745859673278737,3.524272736363126,0.44515029456218036,0.06749591321675376,5.617962391320656e-06,95.41470816700013
latest,UNRATE,3,autoreg,naive_last,high_volatility,98,98,0,1.0,5.895176511818185,1.9195024865621733,3.0712002475060296,1.7556576295114743,0.7440893269315617,2.3594715929488834,2.7865087856831714,0.673469387755102,0.7142857142857143,3.2986359480972647,4.233753404151624,0.4355166129412988,0.1013033552229649,0.00012065612014116392,1.0302129359990273
latest,UNRATE,3,bvar_niw,naive_last,high_volatility,98,98,0,1.0,1.9060705266318492,1.9195024865621733,0.9930023743004466,0.7551757382982613,0.7440893269315617,1.0148993016905876,1.001761145256503,0.7653061224489796,0.826530612244898,2.0017616110587544,2.569233212900808,0.39255800968860394,0.07913076675989748,2.7290031263097584e-07,9.76891782200067
latest,UNRATE,3,dynamic_factor,naive_last,high_volatility,98,98,0,1.0,1.873063004740074,1.9195024865621733,0.9758065008265385,0.7247783804994541,0.7440893269315617,0.974047542770515,0.9751029176041291,0.7653061224489796,0.826530612244898,1.850136992164327,2.374625121405364,0.4367198943480477,0.0825824956676913,5.4808862221815654e-06,595.4363664319997
latest,UNRATE,3,elastic_net,naive_last,high_volatility,98,98,0,1.0,2.172486949009765,1.9195024865621733,1.131796892277377,0.9259657992131556,0.7440893269315617,1.2444282772225843,1.17684944625546,0.6224489795918368,0.7142857142857143,1.853219144331834,2.378581020885216,0.41122827672703277,0.10437766084676074,1.2892406935790088e-05,2.874819951000229
latest,UNRATE,3,hist_gradient_boosting,naive_last,high_volatility,98,98,0,1.0,2.105840697138464,1.9195024865621733,1.0970763059077993,1.019994667292188,0.7440893269315617,1.3707959923284896,1.2065641804760754,0.5,0.7142857142857143,1.8248433775498618,2.3421611185077236,0.38146477900413517,0.13289565522746827,2.9227033536619296e-08,28.767391349999627
latest,UNRATE,3,mean,naive_last,high_volatility,98,98,0,1.0,2.873561097683218,1.9195024865621733,1.4970343189446775,1.764801219271725,0.7440893269315617,2.371759888761372,1.8469245468713553,0.6020408163265306,0.7142857142857143,4.975441985512097,6.385910653605607,0.6405263593865327,0.11703352860571602,1.4747506227754356e-09,0.025455140000355803
latest,UNRATE,3,naive_drift,naive_last,high_volatility,98,98,0,1.0,1.9273647110281316,1.9195024865621733,1.004095969930229,0.7498160049772988,0.7440893269315617,1.0076962238785934,1.0055360715095747,0.7755102040816326,0.8061224489795918,1.8658531185842115,2.3947965512864475,0.42739592296516726,0.08297142401342905,2.9629083907857977e-05,0.0247112359996275
latest,UNRATE,3,naive_last,naive_last,high_volatility,98,98,0,1.0,1.9195024865621733,1.9195024865621733,1.0,0.7440893269315617,0.7440893269315617,1.0,1.0,0.7755102040816326,0.8163265306122449,1.8649004994524558,2.3935738778676794,0.438615294050841,0.08220720943222015,3.127548516078294e-05,0.0266685599988199
latest,UNRATE,3,random_forest,naive_last,high_volatility,98,98,0,1.0,2.3612830465765917,1.9195024865621733,1.2301536794597474,1.171983526042886,0.7440893269315617,1.5750575685258823,1.3681152350862014,0.5102040816326531,0.6632653061224489,1.8809676413186847,2.4141958311967127,0.4261834751799144,0.13452138755646145,0.0001358759622973124,71.83050011999882
latest,UNRATE,3,ridge,naive_last,high_volatility,98,98,0,1.0,2.1897410294132413,1.9195024865621733,1.1407857216872195,0.954374324550548,0.7440893269315617,1.2826071951416762,1.197514311069002,0.6122448979591837,0.673469387755102,1.8433482020231449,2.365911803590805,0.4609278370775852,0.11412952111650916,0.029944656838865453,2.4283380429994237
latest,UNRATE,3,seasonal_naive,naive_last,high_volatility,98,98,0,1.0,2.9699687348041706,1.9195024865621733,1.547259644410975,1.6606320107798325,0.7440893269315617,2.231764320055313,1.8210615146687101,0.6428571428571429,0.6938775510204082,3.868495829126852,4.965160643131764,0.48958331152302825,0.12227385383659566,0.0003126588155760104,0.0228201890002942
latest,UNRATE,3,state_space,naive_last,high_volatility,98,98,0,1.0,4.172095183474836,1.9195024865621733,2.173529449783133,1.179376265518267,0.7440893269315617,1.584992853454463,1.9381148112516648,0.8061224489795918,0.8367346938775511,2.8827308206104347,3.6999449521103567,0.4443337387947667,0.07207640377172667,0.00011653458249006712,22.845979728001225
latest,UNRATE,3,var,naive_last,high_volatility,98,98,0,1.0,17.142787596616515,1.9195024865621733,8.93084938239347,2.8865371878523014,0.7440893269315617,3.879288525418929,6.910225039603653,0.7857142857142857,0.8367346938775511,7.878565517901434,10.112029367923219,0.4840022297409452,0.07431898325525954,0.0007323472152102163,0.4226803199994672
latest,UNRATE,3,arima,naive_last,normal_volatility,139,139,0,1.0,0.23767898729070203,0.231821067192446,1.0252691447295992,0.22475458787653604,0.17449763888860054,1.2880093353012048,1.1303652209582413,0.9568345323741008,0.9784172661870504,2.019025823311564,2.591391589437477,0.4737448095999672,0.026408729526997354,7.610294246553563e-08,128.42877691599915
latest,UNRATE,3,autoreg,naive_last,normal_volatility,139,139,0,1.0,0.21575264985572845,0.231821067192446,0.9306861212774145,0.2482620249931551,0.17449763888860054,1.4227242647772778,1.1275013786773598,0.8992805755395683,0.9496402877697842,2.1464115894519225,2.7548894502269654,0.48692974010356516,0.05070521049140706,0.00041427281162395195,1.4755516340018535
latest,UNRATE,3,bvar_niw,naive_last,normal_volatility,139,139,0,1.0,0.2446625130896527,0.231821067192446,1.0553937830272622,0.18501008627119334,0.17449763888860054,1.0602440666220359,1.0573338964651717,0.9136690647482014,0.9568345323741008,1.4561285704978797,1.868920787025285,0.5079104319662261,0.03925254050883645,3.442457345381505e-05,13.859538342000185
latest,UNRATE,3,dynamic_factor,naive_last,normal_volatility,139,139,0,1.0,0.23335323414819575,0.231821067192446,1.0066092653886276,0.17388877156488694,0.17449763888860054,0.996510741763662,1.0025698559386413,0.935251798561151,0.9496402877697842,1.3151824031566377,1.688018339719053,0.44106406193431513,0.041834620682815404,3.6049226422038847e-07,854.9719228549998
latest,UNRATE,3,elastic_net,naive_last,normal_volatility,139,139,0,1.0,0.2803650678376497,0.231821067192446,1.2094028866017814,0.1870004992435901,0.17449763888860054,1.0716505990259926,1.154301971571466,0.8920863309352518,0.9136690647482014,1.3509473541232935,1.7339221573233379,0.4059883668299908,0.04186207679964108,9.239828274950963e-09,4.192666711000662
latest,UNRATE,3,hist_gradient_boosting,naive_last,normal_volatility,139,139,0,1.0,0.3646945814491977,0.231821067192446,1.5731727313050754,0.22644865055409008,0.17449763888860054,1.297717562233923,1.4629906636766143,0.8561151079136691,0.8920863309352518,1.3447595065064168,1.7259801408885038,0.37856018526931434,0.05525970641492294,5.4411322056337233e-08,40.84423943399972
latest,UNRATE,3,mean,naive_last,normal_volatility,139,139,0,1.0,1.5361706590995967,0.231821067192446,6.626536050860064,0.8840591541635724,0.17449763888860054,5.066310121983694,6.002445679309516,1.0,1.0,4.6013272232691484,5.9057395546690605,0.3012556349996039,0.045281404061935995,1.1281688402138115e-24,0.036484053001793096
latest,UNRATE,3,naive_drift,naive_last,normal_volatility,139,139,0,1.0,0.2358268683857891,0.231821067192446,1.0172797116407788,0.17614493593907687,0.17449763888860054,1.0094402254435544,1.014143917161889,0.935251798561151,0.9568345323741008,1.3261499534467474,1.702095038120021,0.4710870620584948,0.04524430431194226,9.67177374993334e-06,0.0347191060009285
latest,UNRATE,3,naive_last,naive_last,normal_volatility,139,139,0,1.0,0.231821067192446,0.231821067192446,1.0,0.17449763888860054,0.17449763888860054,1.0,1.0,0.935251798561151,0.9496402877697842,1.3220913074575997,1.6968858223886782,0.46651956932653216,0.04425562184701311,1.3890230137045293e-06,0.0376884670002441
latest,UNRATE,3,random_forest,naive_last,normal_volatility,139,139,0,1.0,0.6122530182434521,0.231821067192446,2.6410585787494067,0.28833813986719364,0.17449763888860054,1.6523899217413995,2.245591115946204,0.8057553956834532,0.8489208633093526,1.4499212880194623,1.8609538262157144,0.3723894697932703,0.061924909780252516,1.5128662725541632e-09,100.3414106109991
latest,UNRATE,3,ridge,naive_last,normal_volatility,139,139,0,1.0,0.35060740657062983,0.231821067192446,1.5124052823015153,0.2023076872294349,0.17449763888860054,1.1593720609514282,1.3711919937614803,0.8705035971223022,0.9136690647482014,1.3359073874798062,1.7146185691198808,0.4447798079735547,0.056870382591799565,0.0025652359157291834,3.551890987000285
latest,UNRATE,3,seasonal_naive,naive_last,normal_volatility,139,139,0,1.0,0.5761444662957073,0.231821067192446,2.4852981365037956,0.4054301004683597,0.17449763888860054,2.3234131020373674,2.4205441227172244,0.9568345323741008,0.9640287769784173,3.1345694867496796,4.023176380749535,0.42797078906610636,0.03448337577409661,1.1964421207445762e-11,0.0325744830002538
latest,UNRATE,3,state_space,naive_last,normal_volatility,139,139,0,1.0,0.2140507379362341,0.231821067192446,0.9233446318256319,0.22623000050266628,0.17449763888860054,1.296464536388895,1.072592593650937,0.9856115107913669,0.9928057553956835,2.0935861799963784,2.687088771210804,0.5426869995757684,0.025295988237967363,4.397407176940799e-08,34.05731997300009
latest,UNRATE,3,var,naive_last,normal_volatility,139,139,0,1.0,0.31574878603630185,0.231821067192446,1.362036633944849,0.4807472370841709,0.17449763888860054,2.755035770948628,1.9192362887463605,0.920863309352518,0.9568345323741008,4.73685318994406,6.07968524973487,0.4888165064888394,0.04332660042425919,0.002146445775278289,0.6028755339998004
latest,UNRATE,3,arima,naive_last,recession,20,20,0,1.0,2.663089912051421,2.6654267950930484,0.9991232612180797,1.128621038623292,1.1881827856388785,0.9498715620732037,0.9794225815601293,0.2,0.35,1.0888968479862147,1.397583973942575,0.9195848522001896,0.014603803868506515,1.731950152855415e-11,16.683853267999893
latest,UNRATE,3,autoreg,naive_last,recession,20,20,0,1.0,2.5765101978104594,2.6654267950930484,0.9666407655816017,0.9635288428939941,1.1881827856388785,0.8109264454424078,0.9043550375259242,0.2,0.3,0.6188213553380856,0.7942486109252481,0.908873735783923,0.027246292688574616,1.2070989101539128e-10,0.17497940199993353
latest,UNRATE,3,bvar_niw,naive_last,recession,20,20,0,1.0,2.706290729399653,2.6654267950930484,1.0153311035898018,1.2147422070282752,1.1881827856388785,1.0223529760828136,1.0181398525870065,0.2,0.25,0.7746272894400971,0.9942233623893841,0.922062978355607,0.028638934281400467,4.476816327163232e-12,1.9857303939997442
latest,UNRATE,3,dynamic_factor,naive_last,recession,20,20,0,1.0,2.663079606773763,2.6654267950930484,0.9991193949413255,1.1912096020322414,1.1881827856388785,1.0025474332989393,1.0004906102843711,0.15,0.2,0.7108696384614314,0.9123913032840617,0.9510680493013238,0.011706049490030629,8.740527993791202e-14,98.62204315100013
latest,UNRATE,3,elastic_net,naive_last,recession,20,20,0,1.0,2.7127541630123835,2.6654267950930484,1.0177560186633012,1.0918855168784818,1.1881827856388785,0.918954162672355,0.9782352762669226,0.4,0.45,0.6190178381148079,0.7945007938390023,0.6757851286236028,0.14204542212589005,9.312390303822793e-05,0.3927094150000971
latest,UNRATE,3,hist_gradient_boosting,naive_last,recession,20,20,0,1.0,2.714809300093527,2.6654267950930484,1.0185270535628252,1.2531667361160674,1.1881827856388785,1.0546918801236862,1.0329929841871697,0.3,0.4,0.6701532262385002,0.8601323539589287,0.9161795215201802,0.02188245581657084,8.613476251838804e-10,4.135183017999935
latest,UNRATE,3,mean,naive_last,recession,20,20,0,1.0,2.817037153622636,2.6654267950930484,1.0568803310631891,1.5528705209256397,1.1881827856388785,1.3069289840709744,1.1568997922663034,0.55,0.6,2.616642264650851,3.358423987891949,0.7291669100498851,0.08799075648398294,0.0026836375811135627,0.0051368000001438
latest,UNRATE,3,naive_drift,naive_last,recession,20,20,0,1.0,2.664878956124179,2.6654267950930484,0.9997944648227151,1.182142496073415,1.1881827856388785,0.9949163633420126,0.9978432242304341,0.15,0.2,0.7141132953906391,0.9165544918814131,0.9588915166598204,0.00850720130853364,3.290207572677252e-14,0.0049371980002196995
latest,UNRATE,3,naive_last,naive_last,recession,20,20,0,1.0,2.6654267950930484,2.6654267950930484,1.0,1.1881827856388785,1.1881827856388785,1.0,1.0,0.15,0.2,0.7126121154279553,0.9146277482585157,0.9571843963578786,0.00921291247523418,6.180617171481093e-14,0.0054432099996963995
latest,UNRATE,3,random_forest,naive_last,recession,20,20,0,1.0,2.775030558206335,2.6654267950930484,1.0411205302336808,1.3859382045359563,1.1881827856388785,1.166435182605971,1.091246391182597,0.15,0.2,0.713294748639918,0.91550389850074,0.961875863286726,0.007681759886525523,3.733781885534946e-14,10.089500405000337
latest,UNRATE,3,ridge,naive_last,recession,20,20,0,1.0,2.7422456336093877,2.6654267950930484,1.0288204645716625,1.1254849312906288,1.1881827856388785,0.9472321471863965,0.9961851376175561,0.3,0.4,0.6108191808743448,0.7839779311929121,0.6508927316245019,0.1612238834850242,0.00013415060569188332,0.4520664090001095
latest,UNRATE,3,seasonal_naive,naive_last,recession,20,20,0,1.0,3.364743675229957,2.6654267950930484,1.2623658175209782,2.034402950151613,1.1881827856388785,1.7121969571859494,1.442298273386967,0.2,0.25,1.7093578266101122,2.193937018572258,0.9534795204088324,0.007298377664239754,1.368560347201994e-12,0.0045687930000884005
latest,UNRATE,3,state_space,naive_last,recession,20,20,0,1.0,2.570207101834972,2.6654267950930484,0.9642760050910525,0.8650819705354464,1.1881827856388785,0.7280714558326961,0.8697941853877098,0.55,0.65,0.9936270934586651,1.2753065677994804,0.8256918050660434,0.033369406226542296,2.330212890783342e-06,3.776450854000074
latest,UNRATE,3,var,naive_last,recession,20,20,0,1.0,2.6341266371047616,2.6654267950930484,0.9882569808160144,1.0792387493127884,1.1881827856388785,0.9083103730816033,0.95627833772225,0.3,0.35,0.6089614572916526,0.7815935687879814,0.8437878176261556,0.08452181417734106,1.0359265613514836e-08,0.08019188799985849
latest,UNRATE,6,arima,naive_last,all,237,237,0,1.0,3.8123397971123616,1.5952857765493802,2.3897535182432907,0.9200179287400844,0.6390148576791086,1.4397441901140988,2.009749786991614,0.8818565400843882,0.9029535864978903,3.655352884903934,4.6915946358871015,0.45746899255850343,0.04871714886523049,1.3927721144317386e-17,224.2141349319989
latest,UNRATE,6,autoreg,naive_last,all,237,237,0,1.0,9.18276929487362,1.5952857765493802,5.75619079030219,1.601317104693685,0.6390148576791086,2.505915293596838,4.456080591620049,0.810126582278481,0.8481012658227848,5.5198292830861515,7.084624185667405,0.4722859369307245,0.07032665433958359,5.702873632423003e-11,2.536377091001295
latest,UNRATE,6,bvar_niw,naive_last,all,237,237,0,1.0,1.6054248563223452,1.5952857765493802,1.0063556510827145,0.6685155137434121,0.6390148576791086,1.0461658374759069,1.0222797256399914,0.8270042194092827,0.869198312236287,2.414730275486647,3.099272755408695,0.46409722161573735,0.06939997079078108,4.629080047904124e-10,37.064960496999745
latest,UNRATE,6,dynamic_factor,naive_last,all,237,237,0,1.0,1.536804687005963,1.5952857765493802,0.963341308245152,0.6224007285708159,0.6390148576791086,0.9740004024810394,0.967604945939507,0.8565400843881856,0.8818565400843882,2.237290225889659,2.871530917317281,0.4297148201046733,0.0613773692723879,3.458920742666613e-17,1449.617327722001
latest,UNRATE,6,elastic_net,naive_last,all,237,237,0,1.0,1.5651828366722995,1.5952857765493802,0.9811300643937328,0.6517750173203827,0.6390148576791086,1.0199684866289631,0.996665433287825,0.7341772151898734,0.7932489451476793,1.8604419897291142,2.3878514425896893,0.39339626661824684,0.08257738449480374,9.876049207521277e-08,7.613239915001019
latest,UNRATE,6,hist_gradient_boosting,naive_last,all,237,237,0,1.0,1.6663116587088307,1.5952857765493802,1.0445223565605155,0.7775197980389934,0.6390148576791086,1.2167476056236508,1.1134124561857697,0.6708860759493671,0.7510548523206751,1.973020757761374,2.532344727053743,0.3630580393191226,0.09204658611184847,1.9762497770017252e-15,68.86093631800172
latest,UNRATE,6,mean,naive_last,all,237,237,0,1.0,2.2121165691036384,1.5952857765493802,1.386658491927678,1.2726347005063134,0.6390148576791086,1.991557293563567,1.6286180125820338,0.8312236286919831,0.8776371308016878,4.832788204614188,6.202816508027038,0.4434768192495221,0.10210665910391825,3.2976168138637333e-12,0.062200609000450796
latest,UNRATE,6,naive_drift,naive_last,all,237,237,0,1.0,1.609539298962578,1.5952857765493802,1.0089347768423214,0.6478509518555524,0.6390148576791086,1.0138276818923058,1.010891938862315,0.8354430379746836,0.8734177215189873,2.273136378926628,2.917538956650494,0.45025770386177166,0.06571336548123005,6.544335423191768e-12,0.06023397700095011
latest,UNRATE,6,naive_last,naive_last,all,237,237,0,1.0,1.5952857765493802,1.5952857765493802,1.0,0.6390148576791086,0.6390148576791086,1.0,1.0,0.8481012658227848,0.8734177215189873,2.262278228679226,2.9036026716842054,0.452014302800704,0.06357275094236713,3.6332663571662387e-12,0.06455833400090119
latest,UNRATE,6,random_forest,naive_last,all,237,237,0,1.0,2.034539881370478,1.5952857765493802,1.2753450894367084,0.9783883863800729,0.6390148576791086,1.5310886352995974,1.377642507781864,0.6455696202531646,0.7468354430379747,2.195476820888538,2.817863993004284,0.3751687538711237,0.0998190898473936,2.311779343028105e-13,174.58001738699977
latest,UNRATE,6,ridge,naive_last,all,237,237,0,1.0,1.67198784180627,1.5952857765493802,1.0480804545394977,0.7097902550142345,0.6390148576791086,1.1107570449804267,1.0731510907158692,0.6751054852320675,0.7679324894514767,1.9086862813805772,2.4497723205598936,0.4190069860012473,0.09136977067454996,0.0005827315989817932,5.843537706999026
latest,UNRATE,6,seasonal_naive,naive_last,all,237,237,0,1.0,1.9600223885744472,1.5952857765493802,1.2286340274492988,0.9431591977561377,0.6390148576791086,1.475958166577967,1.3275636831007662,0.8227848101265823,0.8481012658227848,3.4762158093513262,4.461674688562178,0.45926256179096164,0.07127251731067907,6.803265633394741e-10,0.05608591299893291
latest,UNRATE,6,state_space,naive_last,all,237,237,0,1.0,4.941651265912681,1.5952857765493802,3.097658951489885,1.0894513079050094,0.6390148576791086,1.7048919830469649,2.540552164112717,0.8649789029535865,0.8987341772151899,4.055891016058249,5.205679761663189,0.5124041999133939,0.051655908143706256,1.6694196525325368e-06,57.00895369799949
latest,UNRATE,6,var,naive_last,all,237,237,0,1.0,114.08392679771913,1.5952857765493802,71.51315988316767,12.550590446793986,0.6390148576791086,19.64052994382247,50.76410790742959,0.869198312236287,0.9071729957805907,52.77729811178901,67.73892877496866,0.5172813827578895,0.05591922716825822,3.198887606610329e-05,1.0206591769996247
latest,UNRATE,6,arima,naive_last,expansion,217,217,0,1.0,3.8824486565514142,1.407730467498812,2.7579488731600468,0.8595313449180737,0.5450120104582247,1.5770869786803663,2.2856041153681748,0.9447004608294931,0.9539170506912442,3.860418859244463,4.954793964518889,0.412641792326699,0.028701575143325494,1.359287590287152e-25,208.0054867179989
latest,UNRATE,6,autoreg,naive_last,expansion,217,217,0,1.0,9.560487760978988,1.407730467498812,6.791419225276558,1.6211963096959519,0.5450120104582247,2.9746065748769714,5.264694165116723,0.880184331797235,0.9124423963133641,5.954058896063221,7.641951860212863,0.42585333139104614,0.05097997928995178,6.089235028376271e-17,2.3545493020011996
latest,UNRATE,6,bvar_niw,naive_last,expansion,217,217,0,1.0,1.4100410596273782,1.407730467498812,1.0016413597502594,0.5756626234098147,0.5450120104582247,1.0562384174356454,1.0234801828244138,0.8940092165898618,0.9308755760368663,2.550515289642231,3.2735509343164297,0.41678870950763464,0.049027977073779316,1.0432619973770441e-16,33.94613910899994
latest,UNRATE,6,dynamic_factor,naive_last,expansion,217,217,0,1.0,1.3367894018599231,1.407730467498812,0.9496060735511865,0.5284188827863912,0.5450120104582247,0.9695545651225509,0.9575854701797323,0.9262672811059908,0.9400921658986175,2.3615522700882607,3.0310195243992895,0.37982110057761354,0.03717841789654379,1.1020919525710982e-24,1351.3371106000009
latest,UNRATE,6,elastic_net,naive_last,expansion,217,217,0,1.0,1.4159543240992154,1.407730467498812,1.0058419255605195,0.6112843396820994,0.5450120104582247,1.1215979243616219,1.0521443250809606,0.7511520737327189,0.8110599078341014,1.9666304874140212,2.524142903857049,0.36402118388887167,0.07248801416246009,1.5689614647172144e-09,7.105102831000824
latest,UNRATE,6,hist_gradient_boosting,naive_last,expansion,217,217,0,1.0,1.5046227342725,1.407730467498812,1.0688287062123771,0.7070957253773588,0.5450120104582247,1.2973947579299407,1.1602551268994026,0.7096774193548387,0.7972350230414746,2.077022465749281,2.6658294741309003,0.3111400461496244,0.06686714773310755,3.9859432093747235e-21,64.85241411700177
latest,UNRATE,6,mean,naive_last,expansion,217,217,0,1.0,2.1470190261842124,1.407730467498812,1.5251634284785587,1.2447446670161506,0.5450120104582247,2.283884837638015,1.8286519921423412,0.8571428571428571,0.9032258064516129,5.037371485668124,6.465396306532608,0.417336092689489,0.09574374809690278,3.3480525552133746e-15,0.0565575050004228
latest,UNRATE,6,naive_drift,naive_last,expansion,217,217,0,1.0,1.4250491523622404,1.407730467498812,1.0123025573881337,0.5545584018577323,0.5450120104582247,1.0175159284865694,1.014387905827508,0.9124423963133641,0.9400921658986175,2.4001925582282735,3.080613797312171,0.4009222043295039,0.04275797829975804,5.722186140628403e-19,0.054853157001094
latest,UNRATE,6,naive_last,naive_last,expansion,217,217,0,1.0,1.407730467498812,1.407730467498812,1.0,0.5450120104582247,0.5450120104582247,1.0,1.0,0.9216589861751152,0.9400921658986175,2.3888535702056757,3.0660603637427593,0.4031436113405284,0.04093149439922753,3.0934517459800064e-19,0.0589244860008431
latest,UNRATE,6,random_forest,naive_last,expansion,217,217,0,1.0,1.9232893565552018,1.407730467498812,1.3662340916527935,0.9053849650153954,0.5450120104582247,1.6612202073385196,1.484228537927084,0.6912442396313364,0.7972350230414746,2.3069755225147213,2.960971027243887,0.32088973550738353,0.07338064135396881,4.882988705883063e-19,164.62018718500002
latest,UNRATE,6,ridge,naive_last,expansion,217,217,0,1.0,1.5322643626662207,1.407730467498812,1.0884643033894652,0.66600783431669,0.5450120104582247,1.2220057935177187,1.1418808994407665,0.695852534562212,0.7926267281105991,2.0223685947877432,2.595681990178649,0.39993280010189636,0.08230671541161261,4.8365773552311855e-05,5.339630229998873
latest,UNRATE,6,seasonal_naive,naive_last,expansion,217,217,0,1.0,1.775472936280764,1.407730467498812,1.2612307378949743,0.83852545521931,0.5450120104582247,1.538544911174179,1.372156407206656,0.880184331797235,0.9032258064516129,3.6575672931468475,4.694436798097219,0.4135873192050554,0.05238669227164251,3.1098147300451846e-16,0.0513423329992221
latest,UNRATE,6,state_space,naive_last,expansion,217,217,0,1.0,5.09764363273312,1.407730467498812,3.621178734442232,1.0813352975212658,0.5450120104582247,1.984057739593888,2.9663303365028946,0.9124423963133641,0.9354838709677419,4.301665841775929,5.521128335379613,0.4759200761504281,0.03954825460334746,1.0504140626034629e-10,53.323912096999436
latest,UNRATE,6,var,naive_last,expansion,217,217,0,1.0,119.22224778099783,1.407730467498812,84.69110425153062,13.571483905348723,0.5450120104582247,24.90125656852654,60.77516517832899,0.9216589861751152,0.9585253456221198,57.569668837910164,73.88987001095914,0.4833596747548489,0.0441113919690013,1.5571487044865103e-07,0.9355799889994749
latest,UNRATE,6,arima,naive_last,high_volatility,98,98,0,1.0,5.911986562900435,2.44419345237914,2.4187883152807723,1.6965751111262248,1.1662261542210124,1.454756528127653,2.0331756004195247,0.7755102040816326,0.7959183673469388,4.0472060207682885,5.194532690888338,0.46400964508758574,0.08238013604814048,3.985583404772939e-06,94.55593914899967
latest,UNRATE,6,autoreg,naive_last,high_volatility,98,98,0,1.0,14.274832329512826,2.44419345237914,5.8403038088568335,3.1204257139330873,1.1662261542210124,2.67566089359177,4.574446642750808,0.6836734693877551,0.7142857142857143,6.327653430249954,8.121455253667934,0.47734234925796487,0.10359523563647584,0.0005391313614843279,1.0329793220004952
latest,UNRATE,6,bvar_niw,naive_last,high_volatility,98,98,0,1.0,2.4619218498457447,2.44419345237914,1.0072532709918471,1.2286465201597139,1.1662261542210124,1.053523380274725,1.0257613147049982,0.7142857142857143,0.7653061224489796,2.7216373918281795,3.4931837746949634,0.39337019248519095,0.10448398531743756,9.45195616484382e-07,15.380079566000175
latest,UNRATE,6,dynamic_factor,naive_last,high_volatility,98,98,0,1.0,2.3509350915639513,2.44419345237914,0.9618449346861588,1.1292236566829983,1.1662261542210124,0.9682715934605924,0.9644155981959324,0.7448979591836735,0.7755102040816326,2.554910918915613,3.279192663410634,0.4527482464627752,0.0966860554283633,3.568250919378036e-05,589.8688947600002
latest,UNRATE,6,elastic_net,naive_last,high_volatility,98,98,0,1.0,2.331431182155919,2.44419345237914,0.9538652433122836,1.1520972860754646,1.1662261542210124,0.987884967170038,0.9674731328553854,0.5612244897959183,0.6428571428571429,2.0521790077037183,2.6339432409344288,0.4064359985530795,0.1297131311695682,6.098280638916762e-07,2.9705707170009767
latest,UNRATE,6,hist_gradient_boosting,naive_last,high_volatility,98,98,0,1.0,2.4136560435742234,2.44419345237914,0.9875061408190943,1.3199428920656713,1.1662261542210124,1.1318069718195738,1.045226473219286,0.5102040816326531,0.6326530612244898,2.208318954105007,2.834346692543516,0.4062211048306319,0.14250862169051975,3.391691957911192e-08,27.978526477001196
latest,UNRATE,6,mean,naive_last,high_volatility,98,98,0,1.0,2.8971974535660703,2.44419345237914,1.185338848995763,1.8008612172782137,1.1662261542210124,1.5441783832065656,1.328874662680084,0.5918367346938775,0.7040816326530612,4.948127479369,6.350852864511675,0.6424970540630399,0.11717797437225809,5.434934385225172e-10,0.025444367000540497
latest,UNRATE,6,naive_drift,naive_last,high_volatility,98,98,0,1.0,2.463935029919916,2.44419345237914,1.0080769292306055,1.1796834853678546,1.1662261542210124,1.0115392122686797,1.0094618424458353,0.7346938775510204,0.7755102040816326,2.5945895394134166,3.330119621476897,0.44153030529235815,0.09807126033440543,2.6721520372612958e-05,0.0247130069997707
latest,UNRATE,6,naive_last,naive_last,high_volatility,98,98,0,1.0,2.44419345237914,2.44419345237914,1.0,1.1662261542210124,1.1662261542210124,1.0,1.0,0.7448979591836735,0.7755102040816326,2.586463071861601,3.3196894132930934,0.4544084546628635,0.09596083849632824,0.0004283835867884354,0.0263301710005754
latest,UNRATE,6,random_forest,naive_last,high_volatility,98,98,0,1.0,2.816118029983314,2.44419345237914,1.1521665878133125,1.5967740690310392,1.1662261542210124,1.3691804657713356,1.2389721389965218,0.45918367346938777,0.6530612244897959,2.3861107371968324,3.062539975688143,0.42974050489992477,0.14869520779015177,5.365163925430612e-06,71.79125465200036
latest,UNRATE,6,ridge,naive_last,high_volatility,98,98,0,1.0,2.457148466173385,2.44419345237914,1.0053003225999295,1.2334723988453775,1.1662261542210124,1.0576614101655804,1.02624475762619,0.5102040816326531,0.6530612244897959,2.1171164163495253,2.7172895026125485,0.44905514488337495,0.13092625119424658,0.0008202603554075457,2.4173426449999864
latest,UNRATE,6,seasonal_naive,naive_last,high_volatility,98,98,0,1.0,2.9689550144033876,2.44419345237914,1.2146972292694151,1.6910280452240083,1.1662261542210124,1.450000104270977,1.3088183792700399,0.6326530612244898,0.6836734693877551,3.783213516213717,4.855701979523196,0.4917433948363211,0.12338116167018241,0.0001449331030958179,0.0231103679998575
latest,UNRATE,6,state_space,naive_last,high_volatility,98,98,0,1.0,7.676238067458278,2.44419345237914,3.1406016819112033,2.0831468444092716,1.1662261542210124,1.7862288861123354,2.598852563591656,0.7040816326530612,0.7653061224489796,4.486693298953994,5.758608505672734,0.46766759482492515,0.09178877588858939,0.017139663561970622,22.559341547999765
latest,UNRATE,6,var,naive_last,high_volatility,98,98,0,1.0,177.41189220908524,2.44419345237914,72.58504519615468,24.177502162890775,1.1662261542210124,20.73140108835947,51.84358755303659,0.7653061224489796,0.7959183673469388,60.74174466857145,77.96118526296078,0.5140956098269684,0.08477733065621582,0.0028545490060149776,0.41814728500019777
latest,UNRATE,6,arima,naive_last,normal_volatility,139,139,0,1.0,0.37250067778002494,0.35674386757218357,1.0441684122423018,0.3725171814462591,0.26731192918193913,1.3935673674806883,1.1839279943376564,0.9568345323741008,0.9784172661870504,3.3790823286830216,4.337005215814286,0.45285759725022956,0.025356707622285275,2.4034337403248655e-13,129.65819578299923
latest,UNRATE,6,autoreg,naive_last,normal_volatility,139,139,0,1.0,0.32925224003575304,0.35674386757218357,0.9229373507566521,0.5302908909853294,0.26731192918193913,1.9837905947863639,1.3472786483685368,0.8992805755395683,0.9424460431654677,4.950284200913111,6.353620986645449,0.46872098435468457,0.04742087272592505,1.6508758287761416e-08,1.5033977690007991
latest,UNRATE,6,bvar_niw,naive_last,normal_volatility,139,139,0,1.0,0.34824725192967093,0.35674386757218357,0.9761828683970484,0.2736030056225664,0.26731192918193913,1.023534589196524,0.9951235567168386,0.9064748201438849,0.9424460431654677,2.1983497186415386,2.82155131735075,0.513962321290511,0.03918545272575291,9.671846001988127e-07,21.68488093099957
latest,UNRATE,6,dynamic_factor,naive_last,normal_volatility,139,139,0,1.0,0.3608879959136168,0.35674386757218357,1.0116165370119354,0.2650723332111476,0.26731192918193913,0.9916217881572086,1.0036186374700446,0.935251798561151,0.9568345323741008,2.0133562121015762,2.584114722229883,0.41347542598169507,0.03636132018207655,2.545701447458797e-14,859.7484329620006
latest,UNRATE,6,elastic_net,naive_last,normal_volatility,139,139,0,1.0,0.5871279320592119,0.35674386757218357,1.6457968459413317,0.29902982064413774,0.26731192918193913,1.1186549794439238,1.4349400993423684,0.8561151079136691,0.8992805755395683,1.7252604950419836,2.214347872533685,0.3842027865490842,0.04983824155881517,3.66223151003811e-09,4.642669198000043
latest,UNRATE,6,hist_gradient_boosting,naive_last,normal_volatility,139,139,0,1.0,0.791732588026218,0.35674386757218357,2.2193306178305052,0.3950920051280979,0.26731192918193913,1.4780186067161576,1.922805813384766,0.7841726618705036,0.8345323741007195,1.8071270653752152,2.3194224780034007,0.3326265255052526,0.05498807528146317,1.3321053790635283e-11,40.88240984100052
latest,UNRATE,6,mean,naive_last,normal_volatility,139,139,0,1.0,1.5574424483326401,0.35674386757218357,4.365716105876738,0.9002160052282833,0.26731192918193913,3.367661173907334,3.9664941330889762,1.0,1.0,4.75146986701727,6.0984455516565745,0.30316039470473977,0.04429341735533304,2.304584258873548e-24,0.0367562419999103
latest,UNRATE,6,naive_drift,naive_last,normal_volatility,139,139,0,1.0,0.3699167649830657,0.35674386757218357,1.0369253646896024,0.27288988506270634,0.26731192918193913,1.020866842335984,1.030501955748155,0.9064748201438849,0.9424460431654677,2.0465003377201154,2.626654746916772,0.4564108337884084,0.043353006575567565,1.482842061722359e-09,0.0355209700011794
latest,UNRATE,6,naive_last,naive_last,normal_volatility,139,139,0,1.0,0.35674386757218357,0.35674386757218357,1.0,0.26731192918193913,0.26731192918193913,1.0,1.0,0.920863309352518,0.9424460431654677,2.0337162529103576,2.610246551700959,0.4503263396173109,0.04126094285744706,5.046389275098676e-10,0.0382281630003258
latest,UNRATE,6,random_forest,naive_last,normal_volatility,139,139,0,1.0,1.2109676105670484,0.35674386757218357,3.394501547590082,0.5424042360218373,0.26731192918193913,2.0291059874573105,2.8483433235369735,0.7769784172661871,0.8129496402877698,2.0610730525560705,2.6453586239178226,0.33669370638319207,0.06258154224287908,2.354758289089433e-12,102.78876273499942
latest,UNRATE,6,ridge,naive_last,normal_volatility,139,139,0,1.0,0.7139971132979138,0.35674386757218357,2.001427853986708,0.34057550612609055,0.26731192918193913,1.2740752242833369,1.7104868021053596,0.7913669064748201,0.8489208633093526,1.7617355387405988,2.2611630842925545,0.3978219531203228,0.06313443573123675,5.682018814802492e-06,3.4261950619990396
latest,UNRATE,6,seasonal_naive,naive_last,normal_volatility,139,139,0,1.0,0.5792577736598135,0.35674386757218357,1.6237357564180313,0.4158847585341859,0.26731192918193913,1.5558032138966922,1.5965627394094957,0.9568345323741008,0.9640287769784173,3.2597713829303596,4.183871274791102,0.43636240611869387,0.0338844708678768,9.974421087085216e-12,0.0329755449990754
latest,UNRATE,6,state_space,naive_last,normal_volatility,139,139,0,1.0,0.3047178119104902,0.35674386757218357,0.8541641205614657,0.3888602102257456,0.26731192918193913,1.4547057866657258,1.0943807870031699,0.9784172661870504,0.9928057553956835,3.7521599101317524,4.815845107613296,0.5439451157311633,0.02139759508978514,5.06541272400686e-11,34.44961214999972
latest,UNRATE,6,var,naive_last,normal_volatility,139,139,0,1.0,0.5414281262319874,0.35674386757218357,1.5176942771761448,4.353199452711354,0.26731192918193913,16.28509234897803,7.424653505896899,0.9424460431654677,0.9856115107913669,47.162076798374045,60.53187024386629,0.5195274672703373,0.03602783102133372,2.9984505170694894e-05,0.6025118919994272
latest,UNRATE,6,arima,naive_last,recession,20,20,0,1.0,2.946295027953026,2.9421080877493266,1.001423108899749,1.5762973632089012,1.6589457500256999,0.9501801750807594,0.9809259353721531,0.2,0.35,1.4303870633091924,1.8358819202321903,0.9438441150735809,0.006865000268943117,1.6592749332205412e-12,16.208648213999993
latest,UNRATE,6,autoreg,naive_last,recession,20,20,0,1.0,2.7402163626453104,2.9421080877493266,0.9313785492978062,1.3856277304190887,1.6589457500256999,0.8352459568961933,0.892925512337161,0.05,0.15,0.8084379822849602,1.0376189168491705,0.9760797070362349,0.002179078608238477,4.4598664012164696e-17,0.1818277890000949
latest,UNRATE,6,bvar_niw,naive_last,recession,20,20,0,1.0,2.9949821312431886,2.9421080877493266,1.0179714823238564,1.675969373862945,1.6589457500256999,1.0102617121970272,1.0148875742731247,0.1,0.2,0.9414628718985629,1.208354514259776,0.9773945779886521,0.0017473607115283732,6.759645859387574e-17,3.118821387999815
latest,UNRATE,6,dynamic_factor,naive_last,recession,20,20,0,1.0,2.9322251596194087,2.9421080877493266,0.9966408684401944,1.6421037553318247,1.6589457500256999,0.9898477724822441,0.9939236300570142,0.1,0.25,0.8890470463348292,1.1410795304774999,0.9710616769732713,0.00279980678582816,3.2127543958557503e-16,98.28021712200007
latest,UNRATE,6,elastic_net,naive_last,recession,20,20,0,1.0,2.6975255364190507,2.9421080877493266,0.9168682645111865,1.0910988696957558,1.6589457500256999,0.6577061785648222,0.8132034301326407,0.55,0.6,0.708296789847877,0.9090890878388305,0.7121159142319659,0.08483995188733875,0.002549486268568879,0.5081370840001955
latest,UNRATE,6,hist_gradient_boosting,naive_last,recession,20,20,0,1.0,2.887809461214953,2.9421080877493266,0.9815443128141798,1.5416209864177275,1.6589457500256999,0.9292775163948822,0.9606375942464607,0.25,0.25,0.8446022260925862,1.084035221266584,0.9263682652081769,0.018337024790585958,2.2296214137841115e-10,4.0085222009999475
latest,UNRATE,6,mean,naive_last,recession,20,20,0,1.0,2.823535646028096,2.9421080877493266,0.9596981354237271,1.5752415638745836,1.6589457500256999,0.949543747196182,0.955636380132709,0.55,0.6,2.6130596051789805,3.3538256942416,0.7271037024258813,0.0873343961275385,0.0031860271385613093,0.005643104000028
latest,UNRATE,6,naive_drift,naive_last,recession,20,20,0,1.0,2.943638455294594,2.9421080877493266,1.000520160204732,1.660075119331901,1.6589457500256999,1.0006807753093696,1.000584406246587,0.0,0.15,0.8945768335037751,1.1481769354713014,0.9855478737868772,0.0007233400996962553,7.8282935233755915e-22,0.0053808199998561
latest,UNRATE,6,naive_last,naive_last,recession,20,20,0,1.0,2.9421080877493266,2.9421080877493266,1.0,1.6589457500256999,1.6589457500256999,1.0,1.0,0.05,0.15,0.8889357731172456,1.1409367128488959,0.98226130514361,0.0010767373320566063,2.500627212826526e-20,0.0056338480000581006
latest,UNRATE,6,random_forest,naive_last,recession,20,20,0,1.0,2.9860881300194353,2.9421080877493266,1.0149484794434431,1.7704755081868213,1.6589457500256999,1.0672292979799933,1.0358608068580633,0.15,0.2,0.9857159082444463,1.2651526715045909,0.9640961031177046,0.006897381559066481,6.8262559030274436e-15,9.95983020199975
latest,UNRATE,6,ridge,naive_last,recession,20,20,0,1.0,2.7664397480881604,2.9421080877493266,0.9402916771166112,1.1848295195825929,1.6589457500256999,0.7142063081714625,0.8498575295385518,0.45,0.5,0.6752331809128247,0.8666524051963996,0.6259619030092047,0.14997150871653506,0.001078913677174942,0.5039074770001538
latest,UNRATE,6,seasonal_naive,naive_last,recession,20,20,0,1.0,3.364743675229957,2.9421080877493266,1.1436505984400938,2.0784353042807187,1.6589457500256999,1.2528651429671647,1.1873364162509221,0.2,0.25,1.5085522101699165,1.9362058001069886,0.9548389438480447,0.007376742957034589,1.6144153692215724e-12,0.0047435799997108
latest,UNRATE,6,state_space,naive_last,recession,20,20,0,1.0,2.725479433573878,2.9421080877493266,0.9263695800037155,1.1775100205686275,1.6589457500256999,0.7097941693092652,0.8397394157259354,0.35,0.5,1.3892341570214142,1.783062736840002,0.9082569427415734,0.011870349382879807,2.146553481539803e-09,3.685041601000051
latest,UNRATE,6,var,naive_last,recession,20,20,0,1.0,2.8531595491486934,2.9421080877493266,0.9697670731503689,1.4738964214750707,1.6589457500256999,0.8884536588687348,0.9372417074377153,0.3,0.35,0.7800757333744224,1.001216364471831,0.8853319145908793,0.037366053333140775,2.0665415611740393e-08,0.0850791880001499
latest,UNRATE,12,arima,naive_last,all,235,235,0,1.0,5.694204919281637,1.9760049961173811,2.88167536543181,1.4202766642522735,0.9799685616954311,1.4493083959704491,2.308728577647266,0.851063829787234,0.8553191489361702,5.478457354652439,7.03152389039427,0.45407488960567427,0.06135521635897785,1.6239327233421424e-21,256.5685026199993
latest,UNRATE,12,autoreg,naive_last,all,235,235,0,1.0,24.601949050996982,1.9760049961173811,12.450347594938746,3.6593988151389985,0.9799685616954311,3.734200216390533,8.96388864351946,0.7787234042553192,0.7957446808510639,12.262650084741646,15.738940991697547,0.47379643136476246,0.08236633339297529,2.546995353234953e-10,2.761770853000402
latest,UNRATE,12,bvar_niw,naive_last,all,235,235,0,1.0,2.060648385090808,1.9760049961173811,1.0428356148591433,1.0754149760465797,0.9799685616954311,1.09739742485822,1.0646603388587739,0.7829787234042553,0.8170212765957446,3.8154921694540462,4.897131182438571,0.46872182956210595,0.08325073796207802,8.868982471184808e-05,82.8900773670006
latest,UNRATE,12,dynamic_factor,naive_last,all,235,235,0,1.0,1.8739028256101864,1.9760049961173811,0.9483289917243056,0.9421617049905913,0.9799685616954311,0.9614203371591526,0.9535655298982444,0.8127659574468085,0.8425531914893617,3.314409183526845,4.253998132653109,0.4319003455971568,0.07390690390034044,3.445160095764471e-18,1587.6463929709996
latest,UNRATE,12,elastic_net,naive_last,all,235,235,0,1.0,2.015084825805146,1.9760049961173811,1.0197771917401788,1.0658973536436933,0.9799685616954311,1.087685253697933,1.0469404165232805,0.5234042553191489,0.6127659574468085,2.4067229098582703,3.08899541288868,0.2911019416443306,0.09512595003804489,1.2683955888264356e-25,9.031320471001411
latest,UNRATE,12,hist_gradient_boosting,naive_last,all,235,235,0,1.0,2.436100034900372,1.9760049961173811,1.2328410301021626,1.4176806654298109,0.9799685616954311,1.4466593325984862,1.318368351100692,0.5234042553191489,0.6170212765957447,3.0185396235611455,3.874253663606086,0.34121395940368493,0.12159689261052896,3.387370999866008e-28,68.61260285700062
latest,UNRATE,12,mean,naive_last,all,235,235,0,1.0,2.256703485591125,1.9760049961173811,1.1420535322660033,1.3212377924928074,0.9799685616954311,1.34824508064519,1.224530151617678,0.8340425531914893,0.8723404255319149,4.970947864349681,6.380142511540394,0.44915681059274387,0.10151270610326202,1.040422192099262e-11,0.0640855089990022
latest,UNRATE,12,naive_drift,naive_last,all,235,235,0,1.0,2.0137439431804243,1.9760049961173811,1.019098609131655,1.0042525425324655,0.9799685616954311,1.024780367234456,1.0213713123727755,0.8127659574468085,0.8340425531914893,3.4283852760684272,4.400284863708768,0.45710417100334044,0.07786469806576951,2.4862107269972165e-09,0.0677801390010762
latest,UNRATE,12,naive_last,naive_last,all,235,235,0,1.0,1.9760049961173811,1.9760049961173811,1.0,0.9799685616954311,0.9799685616954311,1.0,1.0,0.8127659574468085,0.8340425531914893,3.3853101885045302,4.344998587357788,0.4592017313594089,0.07525943421362061,6.122985087306506e-10,0.070682971999122
latest,UNRATE,12,random_forest,naive_last,all,235,235,0,1.0,2.4039421783790904,1.9760049961173811,1.216566852362497,1.425463159734139,0.9799685616954311,1.4546009080821565,1.311780474650361,0.5361702127659574,0.5872340425531914,3.138615631750175,4.028369551635645,0.3430614956992364,0.12518250107274753,5.745026173351619e-33,169.43615041100162
latest,UNRATE,12,ridge,naive_last,all,235,235,0,1.0,2.108826751656904,1.9760049961173811,1.0672173176689848,1.1216416755330065,0.9799685616954311,1.1445690396357906,1.098158006455707,0.5148936170212766,0.5872340425531914,2.3520028635852244,3.0187629938436276,0.3108497207410604,0.10664644489874539,2.280955954988427e-22,6.46768719099774
latest,UNRATE,12,seasonal_naive,naive_last,all,235,235,0,1.0,1.9760049961173811,1.9760049961173811,1.0,0.9834842350148174,0.9799685616954311,1.0035875368423084,1.0014350147369233,0.8,0.8425531914893617,3.571156206079344,4.583529368546069,0.46643324935038705,0.07008986433738618,4.977456953210455e-10,0.06338781500197671
latest,UNRATE,12,state_space,naive_last,all,235,235,0,1.0,9.160014884850764,1.9760049961173811,4.635623342475916,1.9392636573674449,0.9799685616954311,1.9789039497474792,3.572935585384541,0.8085106382978723,0.8297872340425532,6.895532356791767,8.850319965088792,0.5204169223126883,0.061622189128382035,5.228312031034482e-07,67.62236798800049
latest,UNRATE,12,var,naive_last,all,235,235,0,1.0,10622.863143085353,1.9760049961173811,5375.929293679944,1075.910673984277,0.9799685616954311,1097.9032553073516,3664.7188783309066,0.8212765957446808,0.8340425531914893,4194.004819635384,5382.946909434473,0.5409270230382336,0.06654470184689572,1.7715229378460117e-05,1.209322502998421
latest,UNRATE,12,arima,naive_last,expansion,215,215,0,1.0,5.8615318760237285,1.7905176593298635,3.273652089093342,1.356923338308506,0.8688239128035405,1.5617932682469053,2.588908560754767,0.8976744186046511,0.9023255813953488,5.763792986261344,7.39774820876647,0.41338169784613643,0.045495219234667254,2.844685014193523e-30,238.5453618509993
latest,UNRATE,12,autoreg,naive_last,expansion,215,215,0,1.0,25.70177895550291,1.7905176593298635,14.354384510858333,3.8069473321638037,0.8688239128035405,4.3817248536351405,10.365320647969055,0.8372093023255814,0.8511627906976744,13.297939708011885,17.06772083760068,0.4287044724337246,0.065029379617349,5.049659142482528e-16,2.568487439000425
latest,UNRATE,12,bvar_niw,naive_last,expansion,215,215,0,1.0,1.8825457937717176,1.7905176593298635,1.0513975017014339,0.9679019701886444,0.8688239128035405,1.1140369825519612,1.0764532940416447,0.8418604651162791,0.8744186046511628,4.041276215539515,5.186921868273082,0.42241174304320667,0.06527393340750898,1.784926500459007e-09,75.83783975900062
latest,UNRATE,12,dynamic_factor,naive_last,expansion,215,215,0,1.0,1.67757370492412,1.7905176593298635,0.9369210608913988,0.8355478631207022,0.8688239128035405,0.9616998920121081,0.9468325933396826,0.8651162790697674,0.8976744186046511,3.511206484622745,4.5065847340703495,0.3848525738438752,0.053618268037930926,1.4076985552698475e-25,1482.0197649819993
latest,UNRATE,12,elastic_net,naive_last,expansion,215,215,0,1.0,1.9458314709104105,1.7905176593298635,1.086742407019139,1.0586690159987802,0.8688239128035405,1.218508146930076,1.1394487029835139,0.5395348837209303,0.6325581395348837,2.5049572383878997,3.215077808570074,0.26821225245643326,0.08250267688578376,7.967632772319178e-28,8.01568923000156
latest,UNRATE,12,hist_gradient_boosting,naive_last,expansion,215,215,0,1.0,2.32686374757762,1.7905176593298635,1.2995480583243701,1.3408486563273116,0.8688239128035405,1.5432916113008803,1.3970454795149743,0.5674418604651162,0.6697674418604651,3.200136261122359,4.107330424592929,0.2819430569982059,0.09072236467745619,1.4070315570468466e-35,64.50072959100048
latest,UNRATE,12,mean,naive_last,expansion,215,215,0,1.0,2.1966950765468245,1.7905176593298635,1.2268491545450497,1.2980005789159133,0.8688239128035405,1.493974279238581,1.3336992044224623,0.8604651162790697,0.8976744186046511,5.181702976639201,6.650643769677961,0.42409921682756385,0.0957477671215393,6.52688517023201e-14,0.058555895998754395
latest,UNRATE,12,naive_drift,naive_last,expansion,215,215,0,1.0,1.831754981634756,1.7905176593298635,1.0230309497870724,0.8923267622083565,0.8688239128035405,1.0270513380887232,1.0246391051077328,0.8697674418604651,0.8883720930232558,3.6374368276888016,4.668599625398812,0.41036680978654433,0.058822875577032516,2.2456242076399723e-15,0.06207514400073419
latest,UNRATE,12,naive_last,naive_last,expansion,215,215,0,1.0,1.7905176593298635,1.7905176593298635,1.0,0.8688239128035405,0.8688239128035405,1.0,1.0,0.8697674418604651,0.8883720930232558,3.5907700932150317,4.608703520145692,0.4132049786110898,0.05666154637219815,2.865711785907658e-16,0.06478302999913821
latest,UNRATE,12,random_forest,naive_last,expansion,215,215,0,1.0,2.3004876751546677,1.7905176593298635,1.2848170824607619,1.3589022702221714,0.8688239128035405,1.564070981698967,1.396518642156044,0.5813953488372093,0.6372093023255814,3.312254141545989,4.251232166215436,0.2847788591906768,0.09552665653183787,3.811928089496412e-42,159.87208906000154
latest,UNRATE,12,ridge,naive_last,expansion,215,215,0,1.0,2.052867186944354,1.7905176593298635,1.1465216085680385,1.121301821933929,0.8688239128035405,1.2905973298037885,1.2041518970623386,0.5302325581395348,0.6046511627906976,2.461864753894598,3.159769203501938,0.2958314246593939,0.09728185068163861,5.026766072406922e-22,5.929439665997938
latest,UNRATE,12,seasonal_naive,naive_last,expansion,215,215,0,1.0,1.7905176593298635,1.7905176593298635,1.0,0.8758445566312705,0.8688239128035405,1.0080806291404614,1.0032322516561845,0.8511627906976744,0.8930232558139535,3.7667593054566733,4.834583228651204,0.42317156050283533,0.05344817120595931,3.073207296723471e-16,0.0579901190021026
latest,UNRATE,12,state_space,naive_last,expansion,215,215,0,1.0,9.524930518620053,1.7905176593298635,5.31965181632721,1.9487169675046976,0.8688239128035405,2.2429366167150415,4.088965736482343,0.8511627906976744,0.8744186046511628,7.298768096754314,9.367867434286412,0.4850620938896671,0.05112980194874441,1.3159785005737316e-08,62.97512253700029
latest,UNRATE,12,var,naive_last,expansion,215,215,0,1.0,11105.964622503237,1.7905176593298635,6202.655731784217,1175.8041135843011,0.8688239128035405,1353.3284434934462,4262.924816467908,0.8790697674418605,0.8930232558139535,4584.044265434993,5883.557118439208,0.5026315836334281,0.05468873615814682,6.496137261898744e-06,1.1128433019985133
latest,UNRATE,12,arima,naive_last,high_volatility,98,98,0,1.0,8.784376490982117,2.98126804961806,2.9465235412520228,2.525437750151363,1.752408064624463,1.4411242456205875,2.3443638229994486,0.673469387755102,0.6836734693877551,5.095211877510124,6.539633645757564,0.49925068463702726,0.11775932899999496,4.684473324998725e-06,108.40976168199927
latest,UNRATE,12,autoreg,naive_last,high_volatility,98,98,0,1.0,38.090215862289604,2.98126804961806,12.776514968913805,6.808490917830868,1.752408064624463,3.885220032521313,9.219996994356809,0.5612244897959183,0.5714285714285714,10.023938214868604,12.865585414081634,0.5152822185959198,0.13373061334171646,1.0953213204493858e-05,1.1219113520005477
latest,UNRATE,12,bvar_niw,naive_last,high_volatility,98,98,0,1.0,3.0871196610225735,2.98126804961806,1.0355055666390263,1.90356336636945,1.752408064624463,1.0862557670192983,1.055805646791135,0.5612244897959183,0.6224489795918368,3.896192861315042,5.000709399089293,0.4290804869025711,0.1467387852880503,1.1711339960439253e-09,34.65352285400007
latest,UNRATE,12,dynamic_factor,naive_last,high_volatility,98,98,0,1.0,2.8109898868451637,2.98126804961806,0.9428839809306274,1.664550222115855,1.752408064624463,0.9498645068564919,0.9456761913009732,0.6020408163265306,0.673469387755102,3.433633888301591,4.407021384579475,0.49955851694806713,0.12999476810099106,7.481402272434168e-07,645.2390268390002
latest,UNRATE,12,elastic_net,naive_last,high_volatility,98,98,0,1.0,2.5730211862899934,2.98126804961806,0.8630626778493238,1.4416821969411775,1.752408064624463,0.822686351452124,0.8469121472904438,0.4387755102040816,0.5612244897959183,2.396962672908506,3.0764682843841764,0.39346505472822385,0.15201832171445054,9.875123517624602e-10,3.6333484219997234
latest,UNRATE,12,hist_gradient_boosting,naive_last,high_volatility,98,98,0,1.0,2.98241566017538,2.98126804961806,1.0003849404140186,1.9129590330610824,1.752408064624463,1.0916173416897765,1.0368779009243219,0.40816326530612246,0.5204081632653061,3.1506592030654983,4.043827308070941,0.498097774064461,0.16381513208227022,3.7960055987409783e-08,27.731700303000594
latest,UNRATE,12,mean,naive_last,high_volatility,98,98,0,1.0,2.9353291550659018,2.98126804961806,0.984590820487261,1.864043272130047,1.752408064624463,1.0637038882433512,1.016236047589697,0.6020408163265306,0.6938775510204082,4.87536327177392,6.257461015137159,0.6470243672860027,0.11671646846763718,5.199770358016559e-10,0.026528580000496897
latest,UNRATE,12,naive_drift,naive_last,high_volatility,98,98,0,1.0,3.030277689477352,2.98126804961806,1.0164391926668823,1.7874078753110632,1.752408064624463,1.0199724090485172,1.0178524792195363,0.6122448979591837,0.6530612244897959,3.5342383026043653,4.536145752417868,0.48187291496867135,0.1335609587800384,1.4656846827729624e-06,0.0283915160006771
latest,UNRATE,12,naive_last,naive_last,high_volatility,98,98,0,1.0,2.98126804961806,2.98126804961806,1.0,1.752408064624463,1.752408064624463,1.0,1.0,0.6122448979591837,0.6530612244897959,3.4975254996541523,4.4890253799632855,0.49527919518875446,0.12982310893124835,9.55467612300394e-07,0.0294972560001508
latest,UNRATE,12,random_forest,naive_last,high_volatility,98,98,0,1.0,3.035171888470369,2.98126804961806,1.0180808427672965,2.002516018567526,1.752408064624463,1.1427224394773945,1.0679374814513356,0.35714285714285715,0.46938775510204084,3.260953422032388,4.185388405553877,0.5005229964543182,0.17739877437903298,3.843326350104838e-08,67.80273547900015
latest,UNRATE,12,ridge,naive_last,high_volatility,98,98,0,1.0,2.5829173560264924,2.98126804961806,0.8663821276846939,1.4632598772650698,1.752408064624463,0.8349995111319252,0.8538290810635865,0.42857142857142855,0.5204081632653061,2.3137709951384324,2.969692921931918,0.3977231977989135,0.15727607834174465,6.485831188649552e-09,2.6202172059987516
latest,UNRATE,12,seasonal_naive,naive_last,high_volatility,98,98,0,1.0,2.98126804961806,2.98126804961806,1.0,1.7514464834353989,1.752408064624463,0.9994512800936748,0.9997805120374699,0.5714285714285714,0.6632653061224489,3.6206398336951793,4.647040917005715,0.4981011711787884,0.12762360925704416,1.6133393603117637e-06,0.026422770999767697
latest,UNRATE,12,state_space,naive_last,high_volatility,98,98,0,1.0,14.17092455067096,2.98126804961806,4.753321175694499,3.5963347177357723,1.752408064624463,2.0522244734741384,3.6728824948063545,0.5714285714285714,0.6224489795918368,6.115225201662319,7.8488065740100375,0.4874796855963379,0.12227014385717863,0.0007082310872526115,26.625175947000315
latest,UNRATE,12,var,naive_last,high_volatility,98,98,0,1.0,16449.870312721534,2.98126804961806,5517.74279901768,1945.4028715656907,1.752408064624463,1110.1312022223465,3754.6981602995465,0.6326530612244898,0.6632653061224489,3098.6872306951095,3977.12200369489,0.5289755055765957,0.11117557617542717,5.370303086713252e-07,0.5021946369984629
latest,UNRATE,12,arima,naive_last,normal_volatility,137,137,0,1.0,0.6474902580218052,0.5829699945953823,1.110675101676895,0.6297234787186181,0.42742059609656124,1.4733110300944725,1.255729473043926,0.9781021897810219,0.9781021897810219,5.7526037543600825,7.383386985097897,0.42175935739346554,0.019054367264761524,2.0439972568342526e-21,148.15874093800005
latest,UNRATE,12,autoreg,naive_last,normal_volatility,137,137,0,1.0,0.6065967385128315,0.5829699945953823,1.0405282332478323,1.406763588395909,0.42742059609656124,3.291286384519707,1.940831493756582,0.9343065693430657,0.9562043795620438,13.864064415015793,17.79433403261988,0.44412046677605144,0.04420982935956007,5.808857472768688e-13,1.6398595009998544
latest,UNRATE,12,bvar_niw,naive_last,normal_volatility,137,137,0,1.0,0.6829717197948146,0.5829699945953823,1.1715383744043975,0.48301685742146117,0.42742059609656124,1.1300738940346708,1.1549525822565068,0.9416058394160584,0.9562043795620438,3.757764667246911,4.82303873549134,0.4970784104426491,0.03663859315765327,7.135705760550145e-06,48.23655451300053
latest,UNRATE,12,dynamic_factor,naive_last,normal_volatility,137,137,0,1.0,0.6091886841890478,0.5829699945953823,1.0449743380220844,0.42541663434624194,0.42742059609656124,0.9953114993319915,1.0251092025460473,0.9635036496350365,0.9635036496350365,3.2291243582135225,4.144536244413812,0.3835025295943158,0.028788335961565967,1.1336648134153161e-19,942.4073661319995
latest,UNRATE,12,elastic_net,naive_last,normal_volatility,137,137,0,1.0,1.4931236168216906,0.5829699945953823,2.5612357937187005,0.7970877577082661,0.42742059609656124,1.8648791494553787,2.2826931360133718,0.583941605839416,0.6496350364963503,2.413704685194598,3.097956424519639,0.21787869286899084,0.0422962174583247,3.4818966978562915e-18,5.397972049001689
latest,UNRATE,12,hist_gradient_boosting,naive_last,normal_volatility,137,137,0,1.0,1.953728204027207,0.5829699945953823,3.3513357842425777,1.0633939498979519,0.42742059609656124,2.4879333368804577,3.0059748052977295,0.6058394160583942,0.6861313868613139,2.9240307272733608,3.7529528084414463,0.22899050074123206,0.06195724007997468,5.242766102049235e-34,40.88090255400003
latest,UNRATE,12,mean,naive_last,normal_volatility,137,137,0,1.0,1.6038356983509439,0.5829699945953823,2.751146222309617,0.9329535807814977,0.42742059609656124,2.182752982195384,2.523788926263924,1.0,1.0,5.039322244440373,6.467900078310593,0.30761651456398936,0.04302214071928459,6.584087297397544e-24,0.0375569289985053
latest,UNRATE,12,naive_drift,naive_last,normal_volatility,137,137,0,1.0,0.6223957442658422,0.5829699945953823,1.067629123344202,0.444039238793031,0.42742059609656124,1.0388812398097804,1.0561299699304332,0.9562043795620438,0.9635036496350365,3.3526655928529387,4.3030997024424025,0.43938638334930813,0.037954391319177626,5.999801667081621e-11,0.039388623000399095
latest,UNRATE,12,naive_last,naive_last,normal_volatility,137,137,0,1.0,0.5829699945953823,0.5829699945953823,1.0,0.42742059609656124,0.42742059609656124,1.0,1.0,0.9562043795620438,0.9635036496350365,3.3050393819887423,4.2419721225742935,0.43339449445958506,0.03528725750401307,3.9038778977356425e-12,0.0411857159989712
latest,UNRATE,12,random_forest,naive_last,normal_volatility,137,137,0,1.0,1.8229040095121802,0.5829699945953823,3.1269259591608822,1.0126808227584316,0.42742059609656124,2.369284100969366,2.823869215884276,0.6642335766423357,0.6715328467153284,3.0511039277526786,3.9160494955481524,0.23042480172844787,0.058213805596800595,1.179117953849412e-42,101.63341493200149
latest,UNRATE,12,ridge,naive_last,normal_volatility,137,137,0,1.0,1.6899812775454792,0.5829699945953823,2.8989163991509237,0.8772724509363478,0.42742059609656124,2.052480528425817,2.560342050860881,0.5766423357664233,0.635036496350365,2.3793512074376735,3.0538642131673317,0.2487066495609904,0.0619913316916735,8.492471881162213e-15,3.847469984998988
latest,UNRATE,12,seasonal_naive,naive_last,normal_volatility,137,137,0,1.0,0.5829699945953823,0.5829699945953823,1.0,0.4341389770205328,0.42742059609656124,1.0157184304765083,1.0062873721906034,0.9635036496350365,0.9708029197080292,3.535759158587724,4.538097749939898,0.44378028337094666,0.02833055627498359,1.1968224942732872e-11,0.036965044002209
latest,UNRATE,12,state_space,naive_last,normal_volatility,137,137,0,1.0,0.5266616073940451,0.5829699945953823,0.9034111742913651,0.7539135557901012,0.42742059609656124,1.7638681024621938,1.2475939455596965,0.9781021897810219,0.9781021897810219,7.4537082779792545,9.566731003962644,0.5439778653652603,0.017478093364912215,1.724984669650655e-10,40.997192041000176
latest,UNRATE,12,var,naive_last,normal_volatility,137,137,0,1.0,1.0633389091731542,0.5829699945953823,1.8240028115189324,453.9381530866237,0.42742059609656124,1062.0408965600518,425.91076031093206,0.9562043795620438,0.9562043795620438,4977.516671578062,6388.57348434308,0.5494762837042225,0.03502513112643937,3.318037103798461e-08,0.707127865999958
latest,UNRATE,12,arima,naive_last,recession,20,20,0,1.0,3.4114391759061595,3.3786091813052304,1.0097170145581165,2.1013249181477742,2.1747735372832553,0.9662270034666535,0.9923210101215312,0.35,0.35,2.4110993148567155,3.0946124678931293,0.8915267010207059,0.023043987190884074,3.991303314687414e-08,18.02314076899998
latest,UNRATE,12,autoreg,naive_last,recession,20,20,0,1.0,3.241341563886951,3.3786091813052304,0.9593715608843371,2.0732522571223333,2.1747735372832553,0.9533186888563381,0.9569504120731376,0.15,0.2,1.1332866345865598,1.4545576482388194,0.9585349898734196,0.01162363948901369,1.8314581115538074e-15,0.1932834139999775
latest,UNRATE,12,bvar_niw,naive_last,recession,20,20,0,1.0,3.4345192685836508,3.3786091813052304,1.0165482552962284,2.2311797890193845,2.1747735372832553,1.0259366093844384,1.0203035969315124,0.15,0.2,1.3883136740352635,1.7818813097175799,0.966555259640273,0.004957593024898027,8.356257834483983e-16,7.0522376079999844
latest,UNRATE,12,dynamic_factor,naive_last,recession,20,20,0,1.0,3.3176856604992926,3.3786091813052304,0.9819678697545001,2.0882605050919,2.1747735372832553,0.9602197512944597,0.9732686223704841,0.25,0.25,1.198838196745913,1.5386921674177862,0.9376638919449333,0.012003678867518639,1.9029442210954658e-10,105.62662798900027
latest,UNRATE,12,elastic_net,naive_last,recession,20,20,0,1.0,2.647520411959378,3.3786091813052304,0.7836125073621516,1.1436019833265103,2.1747735372832553,0.5258487671112216,0.6805070112617796,0.35,0.4,1.3507038781647527,1.7336096593137,0.5371661004142269,0.17264744254902906,0.05247233874422452,1.0156312409998511
latest,UNRATE,12,hist_gradient_boosting,naive_last,recession,20,20,0,1.0,3.3952444010315115,3.3786091813052304,1.0049236886640598,2.243624763281674,2.1747735372832553,1.0316590324546748,1.0156178261803057,0.05,0.05,1.066375769778105,1.3686784829975234,0.9783761602625853,0.0086457817552439,2.4470400669083e-24,4.111873266000145
latest,UNRATE,12,mean,naive_last,recession,20,20,0,1.0,2.822331530726929,3.3786091813052304,0.8353530637232807,1.5710378384444215,2.1747735372832553,0.7223914635300256,0.7901684236459787,0.55,0.6,2.7053304072373483,3.472253986561568,0.7185259435684284,0.08830324326383128,0.004908237104316648,0.0055296130002478
latest,UNRATE,12,naive_drift,naive_last,recession,20,20,0,1.0,3.402708773195392,3.3786091813052304,1.0071329918901277,2.207454681016641,2.1747735372832553,1.0150273778731975,1.0102907462833557,0.2,0.25,1.1810810961494105,1.5159011755407739,0.9595308040838979,0.005997454769858566,2.7237348073373234e-13,0.005704995000342001
latest,UNRATE,12,naive_last,naive_last,recession,20,20,0,1.0,3.3786091813052304,3.3786091813052304,1.0,2.1747735372832553,2.1747735372832553,1.0,1.0,0.2,0.25,1.176616212866635,1.5101705598878112,0.9536668234038392,0.007386650826201428,3.326106695600598e-12,0.0058999419999837995
latest,UNRATE,12,random_forest,naive_last,recession,20,20,0,1.0,3.3182681283454785,3.3786091813052304,0.982140268459094,2.140992721987793,2.1747735372832553,0.9844669733577586,0.9830709504185597,0.05,0.05,1.2720016514451764,1.6325964449029011,0.969599838166252,0.014140459585774184,4.315486871272135e-21,9.564061351000106
latest,UNRATE,12,ridge,naive_last,recession,20,20,0,1.0,2.636414424396682,3.3786091813052304,0.7803253596138567,1.1252951017230886,2.1747735372832553,0.5174309335807058,0.6751675892005964,0.35,0.4,1.1709875427594554,1.5029462400167861,0.47229640361897607,0.1877451763417283,0.056665829130662426,0.5382475249998027
latest,UNRATE,12,seasonal_naive,naive_last,recession,20,20,0,1.0,3.3786091813052304,3.3786091813052304,1.0,2.1406107776379457,2.1747735372832553,0.9842913484739262,0.9937165393895705,0.25,0.3,1.4684228877730465,1.8847003724158706,0.9314964044615677,0.01237139483242826,3.756811610178303e-10,0.005397695999874099
latest,UNRATE,12,state_space,naive_last,recession,20,20,0,1.0,3.2569562833691057,3.3786091813052304,0.9639932021113116,1.837640573391976,2.1747735372832553,0.8449801976566128,0.9163880003294321,0.35,0.35,2.560748152194393,3.28668467121438,0.9004813278601663,0.016847018672124583,3.245647885801357e-09,4.6472454510002015
latest,UNRATE,12,var,naive_last,recession,20,20,0,1.0,3.3662026003079966,3.3786091813052304,0.9963279028939237,2.0561982840193487,2.1747735372832553,0.9454769651960949,0.9759875278147923,0.2,0.2,1.0807772895944945,1.3871626335697518,0.9526029966398918,0.008590647551746525,1.0689116507993397e-12,0.0964792009999078
